{
    "ours": {
        "precision": [
            1.0,
            0.9673618175652764,
            0.7480767192963865,
            0.4999947017621939,
            0.19999660914936274
        ],
        "recall": [
            0.0999894034121013,
            0.4836706580481085,
            0.7480767192963865,
            1.0,
            1.0
        ],
        "f1": [
            0.18180066662813324,
            0.644898766548455,
            0.7480767192963865,
            0.6666619571053152,
            0.3333286238052516
        ],
        "overlap": [
            0.6634167019923697,
            0.6917175313665649,
            0.7480767192963865,
            0.7826450922423202,
            0.8244471853820429
        ]
    },
    "bl": {
        "precision": [
            1.0,
            1.0,
            0.7619158630920844,
            0.4999947017621939,
            0.19999660914936274
        ],
        "recall": [
            0.0999894034121013,
            0.4999894034121013,
            0.7619158630920844,
            1.0,
            1.0
        ],
        "f1": [
            0.18180066662813324,
            0.6666572474108821,
            0.7619158630920844,
            0.6666619571053152,
            0.3333286238052516
        ],
        "overlap": [
            0.5796947859262399,
            0.7312648355374703,
            0.7619158630920844,
            0.7794025707049835,
            0.7808450847500731
        ]
    },
    "random": {
        "precision": [
            0.009749894022891056,
            0.010469650729060698,
            0.00968528133940871,
            0.009738161087622257,
            0.010096257772465445
        ],
        "recall": [
            0.000974886086680089,
            0.00523471442195613,
            0.00968528133940871,
            0.019476528557804386,
            0.050482144749390695
        ],
        "f1": [
            0.0017725372329152455,
            0.00697966853638894,
            0.00968528133940871,
            0.012984260645963435,
            0.016827143836051908
        ],
        "overlap": [
            0.000423908435777872,
            0.005001695489996609,
            0.00968528133940871,
            0.019783619967998645,
            0.04968443896256925
        ]
    }
}