{
    "ours": {
        "precision": [
            1.0,
            0.9672346558155307,
            0.7475468899014517,
            0.4999947017621939,
            0.19999660914936274
        ],
        "recall": [
            0.0999894034121013,
            0.4836070785207163,
            0.7475468899014517,
            1.0,
            1.0
        ],
        "f1": [
            0.18180066662813324,
            0.6448139932463935,
            0.7475468899014518,
            0.6666619571053152,
            0.3333286238052516
        ],
        "overlap": [
            0.6634167019923697,
            0.6915903696168193,
            0.7475468899014517,
            0.7824119697788515,
            0.8518918827274307
        ]
    },
    "bl": {
        "precision": [
            1.0,
            1.0,
            0.7619158630920844,
            0.4999947017621939,
            0.19999660914936274
        ],
        "recall": [
            0.0999894034121013,
            0.4999894034121013,
            0.7619158630920844,
            1.0,
            1.0
        ],
        "f1": [
            0.18180066662813324,
            0.6666572474108821,
            0.7619158630920844,
            0.6666619571053152,
            0.3333286238052516
        ],
        "overlap": [
            0.5796947859262399,
            0.7312648355374703,
            0.7619158630920844,
            0.7794025707049835,
            0.7808450847500731
        ]
    },
    "random": {
        "precision": [
            0.008690122933446376,
            0.010427263479145472,
            0.009897213097382642,
            0.010289177819457249,
            0.01011745058894837
        ],
        "recall": [
            0.0008689202076931228,
            0.005213521246158737,
            0.009897213097382642,
            0.020578573699268837,
            0.05058811062837766
        ],
        "f1": [
            0.0015798701423809798,
            0.006951410769035138,
            0.009897213097382642,
            0.013718952216790528,
            0.016862465296664946
        ],
        "overlap": [
            0.00105977108944468,
            0.00546795523906409,
            0.009897213097382642,
            0.020567759163302286,
            0.050320223457056994
        ]
    }
}