{
    "ours": {
        "precision": [
            1.0,
            0.9412088843675822,
            0.6991628695560029,
            0.4999947017621939,
            0.19999660914936274,
            0.09999809265055874,
            0.04999904632527937
        ],
        "recall": [
            0.0999894034121013,
            0.47059446858111686,
            0.6991628695560029,
            1.0,
            1.0,
            1.0,
            1.0
        ],
        "f1": [
            0.18180066662813324,
            0.6274637240911595,
            0.6991628695560029,
            0.6666619571053152,
            0.3333286238052516,
            0.1818150291690107,
            0.095236365214355
        ],
        "overlap": [
            0.5614667231877914,
            0.6731943031536114,
            0.6991628695560029,
            0.7752805416918332,
            0.8542273311038491,
            0.9126094871561208,
            0.9618349973191144
        ]
    },
    "bl": {
        "precision": [
            1.0,
            0.964479484571041,
            0.7427784253470383,
            0.4999947017621939,
            0.19999660914936274,
            0.09999809265055874,
            0.04999904632527937
        ],
        "recall": [
            0.0999894034121013,
            0.48222952209388575,
            0.7427784253470383,
            1.0,
            1.0,
            1.0,
            1.0
        ],
        "f1": [
            0.18180066662813324,
            0.6429772383683965,
            0.7427784253470382,
            0.6666619571053152,
            0.3333286238052516,
            0.1818150291690107,
            0.095236365214355
        ],
        "overlap": [
            0.5286138194150064,
            0.6964649033570702,
            0.7427784253470383,
            0.7726632122156171,
            0.7971423606254424,
            0.8203806645629309,
            0.865339010170411
        ]
    },
    "random": {
        "precision": [
            0.007630351844001695,
            0.010215327229569346,
            0.009833633569990462,
            0.010193809538947347,
            0.01011745058894837,
            0.010043254446773295,
            0.010014644205154506
        ],
        "recall": [
            0.0007629543287061566,
            0.005107555367171771,
            0.009833633569990462,
            0.020387835117092298,
            0.05058811062837766,
            0.10043446010384656,
            0.20029670446116352
        ],
        "f1": [
            0.0013872030518467143,
            0.006810121932266132,
            0.009833633569990462,
            0.013591794060301225,
            0.016862465296664946,
            0.018260494293354707,
            0.019075530097295096
        ],
        "overlap": [
            0.000847816871555744,
            0.005383180739233638,
            0.009833633569990462,
            0.01984719882167191,
            0.04997689983003361,
            0.09929025408013835,
            0.19959034372556209
        ]
    }
}