{
    "ours": {
        "precision": [
            1.0,
            0.9412512716174974,
            0.6996079262477483,
            0.4999947017621939,
            0.19999660914936274,
            0.09999809265055874,
            0.04999904632527937
        ],
        "recall": [
            0.0999894034121013,
            0.47061566175691427,
            0.6996079262477483,
            1.0,
            1.0,
            1.0,
            1.0
        ],
        "f1": [
            0.18180066662813324,
            0.6274919818585133,
            0.6996079262477483,
            0.6666619571053152,
            0.3333286238052516,
            0.1818150291690107,
            0.095236365214355
        ],
        "overlap": [
            0.5614667231877914,
            0.6732366904035266,
            0.6996079262477483,
            0.7749520509478548,
            0.832831063582688,
            0.8402382915235271,
            0.8716544560981141
        ]
    },
    "bl": {
        "precision": [
            1.0,
            0.964479484571041,
            0.7427784253470383,
            0.4999947017621939,
            0.19999660914936274,
            0.09999809265055874,
            0.04999904632527937
        ],
        "recall": [
            0.0999894034121013,
            0.48222952209388575,
            0.7427784253470383,
            1.0,
            1.0,
            1.0,
            1.0
        ],
        "f1": [
            0.18180066662813324,
            0.6429772383683965,
            0.7427784253470382,
            0.6666619571053152,
            0.3333286238052516,
            0.1818150291690107,
            0.095236365214355
        ],
        "overlap": [
            0.5286138194150064,
            0.6964649033570702,
            0.7427784253470383,
            0.7726632122156171,
            0.7971423606254424,
            0.8203806645629309,
            0.865339010170411
        ]
    },
    "random": {
        "precision": [
            0.0105977108944468,
            0.010300101729399797,
            0.00962170181201653,
            0.009674582233948988,
            0.009875852481043026,
            0.010011465289419085,
            0.009900203238679352
        ],
        "recall": [
            0.0010596587898696619,
            0.0051499417187665575,
            0.00962170181201653,
            0.019349369503020027,
            0.04938009960792625,
            0.10011656246688566,
            0.19800784147504505
        ],
        "f1": [
            0.0019266709053426582,
            0.006866637466973735,
            0.00962170181201653,
            0.012899488541637232,
            0.016459800645676297,
            0.0182026957252179,
            0.018857547106023494
        ],
        "overlap": [
            0.00105977108944468,
            0.005171244489657511,
            0.00962170181201653,
            0.020419408504731326,
            0.049650530456196565,
            0.09970563240290002,
            0.1997386931265484
        ]
    }
}