{
    "ours": {
        "precision": [
            1.0,
            0.9408697863682605,
            0.7255483734237576,
            0.4999947017621939,
            0.19999660914936274
        ],
        "recall": [
            0.0999894034121013,
            0.4704249231747377,
            0.7255483734237576,
            1.0,
            1.0
        ],
        "f1": [
            0.18180066662813324,
            0.6272376619523291,
            0.7255483734237576,
            0.6666619571053152,
            0.3333286238052516
        ],
        "overlap": [
            0.629080118694362,
            0.6701424211597151,
            0.7255483734237576,
            0.7832596878278285,
            0.8355649369089854
        ]
    },
    "bl": {
        "precision": [
            1.0,
            0.9613428280773143,
            0.7456818904312811,
            0.4999947017621939,
            0.19999660914936274
        ],
        "recall": [
            0.0999894034121013,
            0.4806612270848787,
            0.7456818904312811,
            1.0,
            1.0
        ],
        "f1": [
            0.18180066662813324,
            0.6408861635842152,
            0.7456818904312811,
            0.6666619571053152,
            0.3333286238052516
        ],
        "overlap": [
            0.4947011445527766,
            0.6906154628687691,
            0.7456818904312811,
            0.787498278072713,
            0.8269860847966973
        ]
    },
    "random": {
        "precision": [
            0.009961848240779992,
            0.011190233977619531,
            0.010448235668114867,
            0.010352756673130516,
            0.010333617317074205
        ],
        "recall": [
            0.0009960792624774822,
            0.005594998410511815,
            0.010448235668114867,
            0.020705732754053196,
            0.051668962594044715
        ],
        "f1": [
            0.001811070651022099,
            0.0074600505814035635,
            0.010448235668114867,
            0.013803724321116729,
            0.017222744194917948
        ],
        "overlap": [
            0.000211954217888936,
            0.00508646998982706,
            0.010448235668114867,
            0.02089624990728084,
            0.05118065180626375
        ]
    }
}