{
    "ours": {
        "precision": [
            1.0,
            0.9408697863682605,
            0.7254847938963653,
            0.4999947017621939,
            0.19999660914936274
        ],
        "recall": [
            0.0999894034121013,
            0.4704249231747377,
            0.7254847938963653,
            1.0,
            1.0
        ],
        "f1": [
            0.18180066662813324,
            0.6272376619523291,
            0.7254847938963653,
            0.6666619571053152,
            0.3333286238052516
        ],
        "overlap": [
            0.629080118694362,
            0.6701424211597151,
            0.7254847938963653,
            0.7823060050227294,
            0.8472718487341531
        ]
    },
    "bl": {
        "precision": [
            1.0,
            0.9613428280773143,
            0.7456818904312811,
            0.4999947017621939,
            0.19999660914936274
        ],
        "recall": [
            0.0999894034121013,
            0.4806612270848787,
            0.7456818904312811,
            1.0,
            1.0
        ],
        "f1": [
            0.18180066662813324,
            0.6408861635842152,
            0.7456818904312811,
            0.6666619571053152,
            0.3333286238052516
        ],
        "overlap": [
            0.4947011445527766,
            0.6906154628687691,
            0.7456818904312811,
            0.787498278072713,
            0.8269860847966973
        ]
    },
    "random": {
        "precision": [
            0.011021619330224672,
            0.010384876229230247,
            0.010681360601886193,
            0.010437528478028207,
            0.010079303519279105
        ],
        "recall": [
            0.0011020451414644485,
            0.005192328070361344,
            0.010681360601886193,
            0.02087527816043234,
            0.05039737204620112
        ],
        "f1": [
            0.0020037377415563647,
            0.006923153001681337,
            0.010681360601886193,
            0.013916753793551668,
            0.016798886667561477
        ],
        "overlap": [
            0.00105977108944468,
            0.005340793489318413,
            0.010681360601886193,
            0.02090684638289305,
            0.050188827994862864
        ]
    }
}