{
    "ours": {
        "precision": [
            1.0,
            1.0,
            0.7628483628271696,
            0.4999947017621939,
            0.19999660914936274,
            0.09999809265055874,
            0.04999904632527937
        ],
        "recall": [
            0.0999894034121013,
            0.4999894034121013,
            0.7628483628271696,
            1.0,
            1.0,
            1.0,
            1.0
        ],
        "f1": [
            0.18180066662813324,
            0.6666572474108821,
            0.7628483628271697,
            0.6666619571053152,
            0.3333286238052516,
            0.1818150291690107,
            0.095236365214355
        ],
        "overlap": [
            0.8211106401017381,
            0.7289759240420481,
            0.7628483628271696,
            0.7924044462811669,
            0.8578682569756155,
            0.9153094462540716,
            0.9587313159227651
        ]
    },
    "bl": {
        "precision": [
            1.0,
            1.0,
            0.805277100773551,
            0.4999947017621939,
            0.19999660914936274,
            0.09999809265055874,
            0.04999904632527937
        ],
        "recall": [
            0.0999894034121013,
            0.4999894034121013,
            0.805277100773551,
            1.0,
            1.0,
            1.0,
            1.0
        ],
        "f1": [
            0.18180066662813324,
            0.6666572474108821,
            0.805277100773551,
            0.6666619571053152,
            0.3333286238052516,
            0.1818150291690107,
            0.095236365214355
        ],
        "overlap": [
            0.6242051716829164,
            0.7681417429637165,
            0.805277100773551,
            0.817825391274862,
            0.7889322635199573,
            0.823432423668935,
            0.9036184538177718
        ]
    },
    "random": {
        "precision": [
            0.008266214497668503,
            0.009198033231603934,
            0.009770054042598283,
            0.009791143465683314,
            0.009740218455552306,
            0.009903382154414771,
            0.00996060263765235
        ],
        "recall": [
            0.0008265338560983364,
            0.004598919148034333,
            0.009770054042598283,
            0.019582494436791352,
            0.048701917982409665,
            0.09903571050121861,
            0.19921585249549645
        ],
        "f1": [
            0.0015028033061672734,
            0.006131935515774898,
            0.009770054042598283,
            0.013054904066235272,
            0.01623374329775285,
            0.01800618059355276,
            0.018972593684750173
        ],
        "overlap": [
            0.000847816871555744,
            0.004704984740590031,
            0.009770054042598283,
            0.019624672833815474,
            0.05014644236189701,
            0.0994449613125955,
            0.19985313409302355
        ]
    }
}