{
    "ours": {
        "precision": [
            1.0,
            1.0,
            0.7663452368337396,
            0.4999947017621939,
            0.19999660914936274,
            0.09999809265055874,
            0.04999904632527937
        ],
        "recall": [
            0.0999894034121013,
            0.4999894034121013,
            0.7663452368337396,
            1.0,
            1.0,
            1.0,
            1.0
        ],
        "f1": [
            0.18180066662813324,
            0.6666572474108821,
            0.7663452368337396,
            0.6666619571053152,
            0.3333286238052516,
            0.1818150291690107,
            0.095236365214355
        ],
        "overlap": [
            0.8217465027554048,
            0.7303747032892506,
            0.7663452368337396,
            0.7918958154517808,
            0.8378495225258447,
            0.8364511432440623,
            0.9021890013754109
        ]
    },
    "bl": {
        "precision": [
            1.0,
            1.0,
            0.805277100773551,
            0.4999947017621939,
            0.19999660914936274,
            0.09999809265055874,
            0.04999904632527937
        ],
        "recall": [
            0.0999894034121013,
            0.4999894034121013,
            0.805277100773551,
            1.0,
            1.0,
            1.0,
            1.0
        ],
        "f1": [
            0.18180066662813324,
            0.6666572474108821,
            0.805277100773551,
            0.6666619571053152,
            0.3333286238052516,
            0.1818150291690107,
            0.095236365214355
        ],
        "overlap": [
            0.6242051716829164,
            0.7681417429637165,
            0.805277100773551,
            0.817825391274862,
            0.7889322635199573,
            0.823432423668935,
            0.9036184538177718
        ]
    },
    "random": {
        "precision": [
            0.007630351844001695,
            0.009198033231603934,
            0.009452156405637385,
            0.009822932892519948,
            0.010003009379940576,
            0.010032658060988558,
            0.009981795409221823
        ],
        "recall": [
            0.0007629543287061566,
            0.004598919148034333,
            0.009452156405637385,
            0.01964607396418353,
            0.050015894881848044,
            0.1003284942248596,
            0.1996397160114443
        ],
        "f1": [
            0.0013872030518467143,
            0.006131935515774898,
            0.009452156405637385,
            0.013097290118398372,
            0.016671729409354536,
            0.018241228103975767,
            0.019012960905356025
        ],
        "overlap": [
            0.000211954217888936,
            0.004450661241098677,
            0.009452156405637385,
            0.020419408504731326,
            0.05035837052672626,
            0.10023545169213685,
            0.20001102024121611
        ]
    }
}