{
    "ours": {
        "precision": [
            1.0,
            0.9459138691081722,
            0.7074917876443785,
            0.4999947017621939,
            0.19999660914936274,
            0.09999809265055874,
            0.04999904632527937
        ],
        "recall": [
            0.0999894034121013,
            0.47294691109462755,
            0.7074917876443785,
            1.0,
            1.0,
            1.0,
            1.0
        ],
        "f1": [
            0.18180066662813324,
            0.6306003362674316,
            0.7074917876443784,
            0.6666619571053152,
            0.3333286238052516,
            0.1818150291690107,
            0.095236365214355
        ],
        "overlap": [
            0.5593471810089021,
            0.6778992878942014,
            0.7074917876443785,
            0.7671424484216549,
            0.878035341140767,
            0.8741446067575271,
            0.8887602016704143
        ]
    },
    "bl": {
        "precision": [
            1.0,
            1.0,
            0.8303062413902723,
            0.4999947017621939,
            0.19999660914936274,
            0.09999809265055874,
            0.04999904632527937
        ],
        "recall": [
            0.0999894034121013,
            0.4999894034121013,
            0.8303062413902723,
            1.0,
            1.0,
            1.0,
            1.0
        ],
        "f1": [
            0.18180066662813324,
            0.6666572474108821,
            0.8303062413902723,
            0.6666619571053152,
            0.3333286238052516,
            0.1818150291690107,
            0.095236365214355
        ],
        "overlap": [
            0.4864349300551081,
            0.7464818582570363,
            0.8303062413902723,
            0.8736794142268282,
            0.8618313136579225,
            0.8569551497375275,
            0.8833687605831403
        ]
    },
    "random": {
        "precision": [
            0.010809665112335736,
            0.010300101729399797,
            0.009854826745787856,
            0.010479914380477053,
            0.01028699312081177,
            0.010055970109714978,
            0.009991332156428086
        ],
        "recall": [
            0.0010808519656670553,
            0.0051499417187665575,
            0.009854826745787856,
            0.020960050863621914,
            0.05143583766027339,
            0.10056161915863092,
            0.19983045459362087
        ],
        "f1": [
            0.0019652043234495114,
            0.006866637466973735,
            0.009854826745787856,
            0.013973268529769139,
            0.017145036981569262,
            0.018283613720609427,
            0.019031126154628656
        ],
        "overlap": [
            0.001271725307333616,
            0.0054255679891488644,
            0.009854826745787856,
            0.021627406724523422,
            0.05081613536275744,
            0.10047281073371495,
            0.2004306371182917
        ]
    }
}