{
    "ours": {
        "precision": [
            1.0,
            0.9458714818582571,
            0.707407014941189,
            0.4999947017621939,
            0.19999660914936274,
            0.09999809265055874,
            0.04999904632527937
        ],
        "recall": [
            0.0999894034121013,
            0.47292571791883015,
            0.707407014941189,
            1.0,
            1.0,
            1.0,
            1.0
        ],
        "f1": [
            0.18180066662813324,
            0.6305720785000777,
            0.707407014941189,
            0.6666619571053152,
            0.3333286238052516,
            0.1818150291690107,
            0.095236365214355
        ],
        "overlap": [
            0.5593471810089021,
            0.6778569006442862,
            0.707407014941189,
            0.767343781458287,
            0.8539052002933086,
            0.9138683377873474,
            0.9623054768479568
        ]
    },
    "bl": {
        "precision": [
            1.0,
            1.0,
            0.8303062413902723,
            0.4999947017621939,
            0.19999660914936274,
            0.09999809265055874,
            0.04999904632527937
        ],
        "recall": [
            0.0999894034121013,
            0.4999894034121013,
            0.8303062413902723,
            1.0,
            1.0,
            1.0,
            1.0
        ],
        "f1": [
            0.18180066662813324,
            0.6666572474108821,
            0.8303062413902723,
            0.6666619571053152,
            0.3333286238052516,
            0.1818150291690107,
            0.095236365214355
        ],
        "overlap": [
            0.4864349300551081,
            0.7464818582570363,
            0.8303062413902723,
            0.8736794142268282,
            0.8618313136579225,
            0.8569551497375275,
            0.8833687605831403
        ]
    },
    "random": {
        "precision": [
            0.0105977108944468,
            0.01110545947778908,
            0.010744940129278372,
            0.010024265929151965,
            0.00998181656345765,
            0.009996630349320454,
            0.009941529143239824
        ],
        "recall": [
            0.0010596587898696619,
            0.0055526120589170285,
            0.010744940129278372,
            0.020048744304334003,
            0.04990992900286108,
            0.09996821023630391,
            0.19883437533114337
        ],
        "f1": [
            0.0019266709053426582,
            0.00740353504669596,
            0.010744940129278372,
            0.013365735115431349,
            0.016636407948741497,
            0.01817572306008739,
            0.018936263186204907
        ],
        "overlap": [
            0.00105977108944468,
            0.0058918277382163445,
            0.010744940129278372,
            0.020154496614426042,
            0.05016339661508335,
            0.10002988180791296,
            0.19994214373361535
        ]
    }
}