{
    "ours": {
        "precision": [
            1.0,
            0.9991522550016955,
            0.7774504609515736,
            0.4999947017621939,
            0.19999660914936274,
            0.09999809265055874,
            0.04999904632527937
        ],
        "recall": [
            0.0999894034121013,
            0.49956553989615343,
            0.7774504609515736,
            1.0,
            1.0,
            1.0,
            1.0
        ],
        "f1": [
            0.18180066662813324,
            0.666092092063806,
            0.7774504609515736,
            0.6666619571053152,
            0.3333286238052516,
            0.1818150291690107,
            0.095236365214355
        ],
        "overlap": [
            0.7189487070792708,
            0.709393014581214,
            0.7774504609515736,
            0.8076633711627512,
            0.8606953786944377,
            0.908381529228011,
            0.9540530115988038
        ]
    },
    "bl": {
        "precision": [
            1.0,
            0.9720668023058664,
            0.7123450249019816,
            0.4999947017621939,
            0.19999660914936274,
            0.09999809265055874,
            0.04999904632527937
        ],
        "recall": [
            0.0999894034121013,
            0.4860231005616192,
            0.7123450249019816,
            1.0,
            1.0,
            1.0,
            1.0
        ],
        "f1": [
            0.18180066662813324,
            0.6480353787247269,
            0.7123450249019816,
            0.6666619571053152,
            0.3333286238052516,
            0.1818150291690107,
            0.095236365214355
        ],
        "overlap": [
            0.5922000847816872,
            0.6823075618853849,
            0.7123450249019816,
            0.729546152949529,
            0.7543583027097135,
            0.7896257144613116,
            0.86093833115401
        ]
    },
    "random": {
        "precision": [
            0.006994489190334888,
            0.009664292980671414,
            0.009981985800572215,
            0.009907704697417639,
            0.010155597658617635,
            0.009971199023437086,
            0.009947886974710666
        ],
        "recall": [
            0.0006993748013139769,
            0.004832044081805658,
            0.009981985800572215,
            0.019815619370562677,
            0.0507788492105542,
            0.09971389212673519,
            0.19896153438592773
        ],
        "f1": [
            0.0012716027975261544,
            0.006442770956666713,
            0.009981985800572215,
            0.01321031959083331,
            0.01692604392576842,
            0.018129484205577945,
            0.018948373352386663
        ],
        "overlap": [
            0.000211954217888936,
            0.0049593082400813835,
            0.009981985800572215,
            0.01968825168748874,
            0.04982855011465314,
            0.10002564325359906,
            0.20022188831833237
        ]
    }
}