{
    "ours": {
        "precision": [
            1.0,
            0.999618514750763,
            0.7787220514994172,
            0.4999947017621939,
            0.19999660914936274,
            0.09999809265055874,
            0.04999904632527937
        ],
        "recall": [
            0.0999894034121013,
            0.49979866482992474,
            0.7787220514994172,
            1.0,
            1.0,
            1.0,
            1.0
        ],
        "f1": [
            0.18180066662813324,
            0.6664029275046978,
            0.7787220514994172,
            0.6666619571053152,
            0.3333286238052516,
            0.1818150291690107,
            0.095236365214355
        ],
        "overlap": [
            0.7191606612971598,
            0.7098592743302814,
            0.7787220514994172,
            0.7978298417946191,
            0.8093621386094969,
            0.80959990166554,
            0.8625330872146129
        ]
    },
    "bl": {
        "precision": [
            1.0,
            0.9720668023058664,
            0.7123450249019816,
            0.4999947017621939,
            0.19999660914936274,
            0.09999809265055874,
            0.04999904632527937
        ],
        "recall": [
            0.0999894034121013,
            0.4860231005616192,
            0.7123450249019816,
            1.0,
            1.0,
            1.0,
            1.0
        ],
        "f1": [
            0.18180066662813324,
            0.6480353787247269,
            0.7123450249019816,
            0.6666619571053152,
            0.3333286238052516,
            0.1818150291690107,
            0.095236365214355
        ],
        "overlap": [
            0.5922000847816872,
            0.6823075618853849,
            0.7123450249019816,
            0.729546152949529,
            0.7543583027097135,
            0.7896257144613116,
            0.86093833115401
        ]
    },
    "random": {
        "precision": [
            0.01165748198389148,
            0.011317395727365209,
            0.010575394722899227,
            0.010342160197518305,
            0.009918238114008876,
            0.010032658060988558,
            0.009966960469123192
        ],
        "recall": [
            0.0011656246688566282,
            0.005658577937903995,
            0.010575394722899227,
            0.020684539578255803,
            0.04959203136590018,
            0.1003284942248596,
            0.1993430115502808
        ],
        "f1": [
            0.002119337995876924,
            0.007544823883464967,
            0.010575394722899227,
            0.013789595637062365,
            0.01653044356690238,
            0.018241228103975767,
            0.01898470385093193
        ],
        "overlap": [
            0.001271725307333616,
            0.00546795523906409,
            0.010575394722899227,
            0.020377022602282482,
            0.049553043500375114,
            0.10010617578556306,
            0.20003327265136409
        ]
    }
}