{
    "ours": {
        "precision": [
            1.0,
            0.939471007121058,
            0.7163081487760941,
            0.4999947017621939,
            0.19999660914936274,
            0.09999809265055874,
            0.04999904632527937
        ],
        "recall": [
            0.0999894034121013,
            0.4697255483734238,
            0.7163081487760941,
            1.0,
            1.0,
            1.0,
            1.0
        ],
        "f1": [
            0.18180066662813324,
            0.6263051556296537,
            0.716308148776094,
            0.6666619571053152,
            0.3333286238052516,
            0.1818150291690107,
            0.095236365214355
        ],
        "overlap": [
            0.612759643916914,
            0.6714564259070871,
            0.7163081487760941,
            0.7728115628741881,
            0.8253881464338848,
            0.8291332792211232,
            0.9007055073655478
        ]
    },
    "bl": {
        "precision": [
            1.0,
            0.9301881993896236,
            0.718406273180036,
            0.4999947017621939,
            0.19999660914936274,
            0.09999809265055874,
            0.04999904632527937
        ],
        "recall": [
            0.0999894034121013,
            0.46508424287379463,
            0.718406273180036,
            1.0,
            1.0,
            1.0,
            1.0
        ],
        "f1": [
            0.18180066662813324,
            0.6201167045791712,
            0.718406273180036,
            0.6666619571053152,
            0.3333286238052516,
            0.1818150291690107,
            0.095236365214355
        ],
        "overlap": [
            0.5186519711742263,
            0.6621736181756528,
            0.718406273180036,
            0.7536001525892488,
            0.7713676572189091,
            0.8107464306074484,
            0.9019219724536355
        ]
    },
    "random": {
        "precision": [
            0.0105977108944468,
            0.009282807731434384,
            0.010003178976369608,
            0.010045458880376387,
            0.00969359425928987,
            0.009858877334118879,
            0.009809074320930616
        ],
        "recall": [
            0.0010596587898696619,
            0.004641305499629119,
            0.010003178976369608,
            0.020091130655928793,
            0.04846879304863834,
            0.09859065380947335,
            0.1961852283564692
        ],
        "f1": [
            0.0019266709053426582,
            0.006188451050482502,
            0.010003178976369608,
            0.013393992483540083,
            0.016156036084404163,
            0.017925262598161233,
            0.018683968057418333
        ],
        "overlap": [
            0.001483679525222552,
            0.005044082739911834,
            0.010003178976369608,
            0.019571690455754416,
            0.04968867752586583,
            0.1004261866362621,
            0.20033209073049366
        ]
    }
}