{
    "ours": {
        "precision": [
            1.0,
            0.9393014581213971,
            0.7160114443149306,
            0.4999947017621939,
            0.19999660914936274,
            0.09999809265055874,
            0.04999904632527937
        ],
        "recall": [
            0.0999894034121013,
            0.4696407756702342,
            0.7160114443149306,
            1.0,
            1.0,
            1.0,
            1.0
        ],
        "f1": [
            0.18180066662813324,
            0.6261921245602385,
            0.7160114443149305,
            0.6666619571053152,
            0.3333286238052516,
            0.1818150291690107,
            0.095236365214355
        ],
        "overlap": [
            0.612759643916914,
            0.6712868769074263,
            0.7160114443149306,
            0.7722499496667409,
            0.8526039613612569,
            0.9129782413814296,
            0.9624114407058041
        ]
    },
    "bl": {
        "precision": [
            1.0,
            0.9301881993896236,
            0.718406273180036,
            0.4999947017621939,
            0.19999660914936274,
            0.09999809265055874,
            0.04999904632527937
        ],
        "recall": [
            0.0999894034121013,
            0.46508424287379463,
            0.718406273180036,
            1.0,
            1.0,
            1.0,
            1.0
        ],
        "f1": [
            0.18180066662813324,
            0.6201167045791712,
            0.718406273180036,
            0.6666619571053152,
            0.3333286238052516,
            0.1818150291690107,
            0.095236365214355
        ],
        "overlap": [
            0.5186519711742263,
            0.6621736181756528,
            0.718406273180036,
            0.7536001525892488,
            0.7713676572189091,
            0.8107464306074484,
            0.9019219724536355
        ]
    },
    "random": {
        "precision": [
            0.00847816871555744,
            0.01017293997965412,
            0.009409770054042598,
            0.009950090599866485,
            0.009990293690050821,
            0.010113190592952556,
            0.010034777338145505
        ],
        "recall": [
            0.0008477270318957296,
            0.005086362191374378,
            0.009409770054042598,
            0.01990039207375225,
            0.049952315354455865,
            0.10113383490516054,
            0.20069937480131397
        ],
        "f1": [
            0.0015413367242741267,
            0.00678186416491233,
            0.009409770054042598,
            0.013266834327050779,
            0.016650536532986714,
            0.018387651143255676,
            0.01911387895687065
        ],
        "overlap": [
            0.000635862653666808,
            0.004874533740250933,
            0.009409770054042598,
            0.019730637589937587,
            0.04919276562016539,
            0.10059572880881788,
            0.20079939134360053
        ]
    }
}