{
    "ours": {
        "precision": [
            1.0,
            0.980840963038318,
            0.7211825792094946,
            0.4999947017621939,
            0.19999660914936274
        ],
        "recall": [
            0.0999894034121013,
            0.49041008795167956,
            0.7211825792094946,
            1.0,
            1.0
        ],
        "f1": [
            0.18180066662813324,
            0.6538847365669638,
            0.7211825792094946,
            0.6666619571053152,
            0.3333286238052516
        ],
        "overlap": [
            0.625900805426028,
            0.7101135978297728,
            0.7211825792094946,
            0.7846478261330282,
            0.8430714325072374
        ]
    },
    "bl": {
        "precision": [
            1.0,
            1.0,
            0.7857369926883544,
            0.4999947017621939,
            0.19999660914936274
        ],
        "recall": [
            0.0999894034121013,
            0.4999894034121013,
            0.7857369926883544,
            1.0,
            1.0
        ],
        "f1": [
            0.18180066662813324,
            0.6666572474108821,
            0.7857369926883544,
            0.6666619571053152,
            0.3333286238052516
        ],
        "overlap": [
            0.5479016532428995,
            0.7359698202780603,
            0.7857369926883544,
            0.8167021648599676,
            0.80574664411751
        ]
    },
    "random": {
        "precision": [
            0.00953793980500212,
            0.010300101729399797,
            0.00962170181201653,
            0.00952623157537803,
            0.009960623746974725
        ],
        "recall": [
            0.0009536929108826958,
            0.0051499417187665575,
            0.00962170181201653,
            0.01905266504185652,
            0.04980396312387411
        ],
        "f1": [
            0.0017340038148083924,
            0.006866637466973735,
            0.00962170181201653,
            0.01270168696487609,
            0.01660108648812846
        ],
        "overlap": [
            0.000635862653666808,
            0.005213631739572736,
            0.00962170181201653,
            0.01928558561422471,
            0.050650831394190625
        ]
    }
}