{
    "ours": {
        "precision": [
            1.0,
            0.980629026788742,
            0.7199957613648406,
            0.4999947017621939,
            0.19999660914936274
        ],
        "recall": [
            0.0999894034121013,
            0.4903041220726926,
            0.7199957613648406,
            1.0,
            1.0
        ],
        "f1": [
            0.18180066662813324,
            0.6537434477301949,
            0.7199957613648406,
            0.6666619571053152,
            0.3333286238052516
        ],
        "overlap": [
            0.625900805426028,
            0.7099016615801966,
            0.7199957613648406,
            0.7846054402305793,
            0.8499802906806708
        ]
    },
    "bl": {
        "precision": [
            1.0,
            1.0,
            0.7857369926883544,
            0.4999947017621939,
            0.19999660914936274
        ],
        "recall": [
            0.0999894034121013,
            0.4999894034121013,
            0.7857369926883544,
            1.0,
            1.0
        ],
        "f1": [
            0.18180066662813324,
            0.6666572474108821,
            0.7857369926883544,
            0.6666619571053152,
            0.3333286238052516
        ],
        "overlap": [
            0.5479016532428995,
            0.7359698202780603,
            0.7857369926883544,
            0.8167021648599676,
            0.80574664411751
        ]
    },
    "random": {
        "precision": [
            0.009961848240779992,
            0.010596812478806375,
            0.010808519656670552,
            0.010342160197518305,
            0.009850421101263516
        ],
        "recall": [
            0.0009960792624774822,
            0.00529829394934831,
            0.010808519656670552,
            0.020684539578255803,
            0.04925294055314189
        ],
        "f1": [
            0.001811070651022099,
            0.007064441838450345,
            0.010808519656670552,
            0.013789595637062365,
            0.016417414892940654
        ],
        "overlap": [
            0.0019075879610004239,
            0.00555272973889454,
            0.010808519656670552,
            0.020027338907079504,
            0.0501210109821175
        ]
    }
}