{
    "ours": {
        "precision": [
            1.0,
            0.9630383180739234,
            0.7546466037935785,
            0.4999947017621939,
            0.19999660914936274
        ],
        "recall": [
            0.0999894034121013,
            0.4815089541167744,
            0.7546466037935785,
            1.0,
            1.0
        ],
        "f1": [
            0.18180066662813324,
            0.6420164742783673,
            0.7546466037935785,
            0.6666619571053152,
            0.3333286238052516
        ],
        "overlap": [
            0.6282323018228063,
            0.687394031875212,
            0.7546466037935785,
            0.7798582191563086,
            0.8331235244501524
        ]
    },
    "bl": {
        "precision": [
            1.0,
            1.0,
            0.7724700646391862,
            0.4999947017621939,
            0.19999660914936274
        ],
        "recall": [
            0.0999894034121013,
            0.4999894034121013,
            0.7724700646391862,
            1.0,
            1.0
        ],
        "f1": [
            0.18180066662813324,
            0.6666572474108821,
            0.7724700646391862,
            0.6666619571053152,
            0.3333286238052516
        ],
        "overlap": [
            0.5813904196693515,
            0.7298236690403527,
            0.7724700646391862,
            0.7999385404414492,
            0.8100572629901369
        ]
    },
    "random": {
        "precision": [
            0.010809665112335736,
            0.01055442522889115,
            0.010257497085938328,
            0.009865318794968794,
            0.01017679047510056
        ],
        "recall": [
            0.0010808519656670553,
            0.005277100773550917,
            0.010257497085938328,
            0.019730846667373104,
            0.050884815089541166
        ],
        "f1": [
            0.0019652043234495114,
            0.007036184071096544,
            0.010257497085938328,
            0.013153804854615841,
            0.016961365386381457
        ],
        "overlap": [
            0.000423908435777872,
            0.005722278738555442,
            0.010257497085938328,
            0.019857795297284122,
            0.050460096045844303
        ]
    }
}