{
    "ours": {
        "precision": [
            1.0,
            0.9629535435740929,
            0.7544982515629968,
            0.4999947017621939,
            0.19999660914936274
        ],
        "recall": [
            0.0999894034121013,
            0.4814665677651796,
            0.7544982515629968,
            1.0,
            1.0
        ],
        "f1": [
            0.18180066662813324,
            0.6419599587436596,
            0.7544982515629969,
            0.6666619571053152,
            0.3333286238052516
        ],
        "overlap": [
            0.6282323018228063,
            0.6873092573753815,
            0.7544982515629968,
            0.7798370262050842,
            0.851807111461499
        ]
    },
    "bl": {
        "precision": [
            1.0,
            1.0,
            0.7724700646391862,
            0.4999947017621939,
            0.19999660914936274
        ],
        "recall": [
            0.0999894034121013,
            0.4999894034121013,
            0.7724700646391862,
            1.0,
            1.0
        ],
        "f1": [
            0.18180066662813324,
            0.6666572474108821,
            0.7724700646391862,
            0.6666619571053152,
            0.3333286238052516
        ],
        "overlap": [
            0.5813904196693515,
            0.7298236690403527,
            0.7724700646391862,
            0.7999385404414492,
            0.8100572629901369
        ]
    },
    "random": {
        "precision": [
            0.00847816871555744,
            0.010088165479823668,
            0.009918406273180035,
            0.009727564612010046,
            0.009744457018848891
        ],
        "recall": [
            0.0008477270318957296,
            0.005043975839779591,
            0.009918406273180035,
            0.019455335382006993,
            0.04872311115820706
        ],
        "f1": [
            0.0015413367242741267,
            0.006725348630204729,
            0.009918406273180035,
            0.012970131961909067,
            0.016240807589875457
        ],
        "overlap": [
            0.000423908435777872,
            0.004450661241098677,
            0.009918406273180035,
            0.01991077767534518,
            0.0498666971843224
        ]
    }
}