{
    "ours": {
        "precision": [
            1.0,
            1.0,
            0.7697785313129173,
            0.4999947017621939,
            0.19999660914936274,
            0.09999809265055874,
            0.04999904632527937
        ],
        "recall": [
            0.0999894034121013,
            0.4999894034121013,
            0.7697785313129173,
            1.0,
            1.0,
            1.0,
            1.0
        ],
        "f1": [
            0.18180066662813324,
            0.6666572474108821,
            0.7697785313129173,
            0.6666619571053152,
            0.3333286238052516,
            0.1818150291690107,
            0.095236365214355
        ],
        "overlap": [
            0.8064857990674015,
            0.7233808070532384,
            0.7697785313129173,
            0.7916203070858633,
            0.8494631859584875,
            0.8448964627144974,
            0.9093945437090317
        ]
    },
    "bl": {
        "precision": [
            1.0,
            1.0,
            0.835519762636431,
            0.4999947017621939,
            0.19999660914936274,
            0.09999809265055874,
            0.04999904632527937
        ],
        "recall": [
            0.0999894034121013,
            0.4999894034121013,
            0.835519762636431,
            1.0,
            1.0,
            1.0,
            1.0
        ],
        "f1": [
            0.18180066662813324,
            0.6666572474108821,
            0.835519762636431,
            0.6666619571053152,
            0.3333286238052516,
            0.1818150291690107,
            0.095236365214355
        ],
        "overlap": [
            0.6013141161509113,
            0.7831044421837912,
            0.835519762636431,
            0.8485021881722139,
            0.8048735000784134,
            0.8335498528162014,
            0.9106438575930521
        ]
    },
    "random": {
        "precision": [
            0.00847816871555744,
            0.009367582231264835,
            0.009579315460421744,
            0.010130230685274078,
            0.010248846051142504,
            0.0099987496264774,
            0.009963781553387771
        ],
        "recall": [
            0.0008477270318957296,
            0.004683691851223906,
            0.009579315460421744,
            0.02026067606230794,
            0.05124509907809685,
            0.0999894034121013,
            0.19927943202288864
        ],
        "f1": [
            0.0015413367242741267,
            0.006244966585190104,
            0.009579315460421744,
            0.01350702195597502,
            0.01708145835246579,
            0.018179576297963178,
            0.018978648767841052
        ],
        "overlap": [
            0.000211954217888936,
            0.004493048491013903,
            0.009579315460421744,
            0.020027338907079504,
            0.050320223457056994,
            0.0997670914404515,
            0.19973657384939145
        ]
    }
}