{
    "ours": {
        "precision": [
            1.0,
            1.0,
            0.7685493271166685,
            0.4999947017621939,
            0.19999660914936274,
            0.09999809265055874,
            0.04999904632527937
        ],
        "recall": [
            0.0999894034121013,
            0.4999894034121013,
            0.7685493271166685,
            1.0,
            1.0,
            1.0,
            1.0
        ],
        "f1": [
            0.18180066662813324,
            0.6666572474108821,
            0.7685493271166685,
            0.6666619571053152,
            0.3333286238052516,
            0.1818150291690107,
            0.095236365214355
        ],
        "overlap": [
            0.8064857990674015,
            0.7227026110545948,
            0.7685493271166685,
            0.7928177088300431,
            0.8644083601422462,
            0.9138725763416614,
            0.9597750599225616
        ]
    },
    "bl": {
        "precision": [
            1.0,
            1.0,
            0.835519762636431,
            0.4999947017621939,
            0.19999660914936274,
            0.09999809265055874,
            0.04999904632527937
        ],
        "recall": [
            0.0999894034121013,
            0.4999894034121013,
            0.835519762636431,
            1.0,
            1.0,
            1.0,
            1.0
        ],
        "f1": [
            0.18180066662813324,
            0.6666572474108821,
            0.835519762636431,
            0.6666619571053152,
            0.3333286238052516,
            0.1818150291690107,
            0.095236365214355
        ],
        "overlap": [
            0.6013141161509113,
            0.7831044421837912,
            0.835519762636431,
            0.8485021881722139,
            0.8048735000784134,
            0.8335498528162014,
            0.9106438575930521
        ]
    },
    "random": {
        "precision": [
            0.009961848240779992,
            0.0106391997287216,
            0.010215110734343542,
            0.010013669453539752,
            0.010113212025651784,
            0.01000722673510519,
            0.010069745411235136
        ],
        "recall": [
            0.0009960792624774822,
            0.005319487125145703,
            0.010215110734343542,
            0.02002755112853661,
            0.05056691745258027,
            0.10007417611529087,
            0.20139874960262796
        ],
        "f1": [
            0.001811070651022099,
            0.007092699605804146,
            0.010215110734343542,
            0.013351606431376981,
            0.016855401004542338,
            0.018194989249466324,
            0.019180484870870308
        ],
        "overlap": [
            0.000847816871555744,
            0.005340793489318413,
            0.010215110734343542,
            0.020419408504731326,
            0.05064235426759746,
            0.10056393965146368,
            0.20005870397724745
        ]
    }
}