{
    "ours": {
        "precision": [
            1.0,
            0.9221770091556459,
            0.7256755324785419,
            0.4999947017621939,
            0.19999660914936274,
            0.09999809265055874,
            0.04999904632527937
        ],
        "recall": [
            0.0999894034121013,
            0.4610787326480873,
            0.7256755324785419,
            1.0,
            1.0,
            1.0,
            1.0
        ],
        "f1": [
            0.18180066662813324,
            0.6147759865493028,
            0.725675532478542,
            0.6666619571053152,
            0.3333286238052516,
            0.1818150291690107,
            0.095236365214355
        ],
        "overlap": [
            0.6271725307333615,
            0.6514496439471007,
            0.7256755324785419,
            0.7799959733392674,
            0.8472294631011872,
            0.9064339135207763,
            0.9563047435780604
        ]
    },
    "bl": {
        "precision": [
            1.0,
            1.0,
            0.7932393769206315,
            0.4999947017621939,
            0.19999660914936274,
            0.09999809265055874,
            0.04999904632527937
        ],
        "recall": [
            0.0999894034121013,
            0.4999894034121013,
            0.7932393769206315,
            1.0,
            1.0,
            1.0,
            1.0
        ],
        "f1": [
            0.18180066662813324,
            0.6666572474108821,
            0.7932393769206315,
            0.6666619571053152,
            0.3333286238052516,
            0.1818150291690107,
            0.095236365214355
        ],
        "overlap": [
            0.625688851208139,
            0.7504238724991522,
            0.7932393769206315,
            0.827097307435547,
            0.8474498683926096,
            0.8469712350511488,
            0.8780133472075344
        ]
    },
    "random": {
        "precision": [
            0.00953793980500212,
            0.009452356731095287,
            0.010236303910140935,
            0.010172616587722923,
            0.00994790805708497,
            0.009839803839706352,
            0.009921396010248825
        ],
        "recall": [
            0.0009536929108826958,
            0.004726078202818692,
            0.010236303910140935,
            0.02034544876549751,
            0.04974038359648193,
            0.09839991522729681,
            0.1984317049909929
        ],
        "f1": [
            0.0017340038148083924,
            0.006301482119897707,
            0.010236303910140935,
            0.013563536692192488,
            0.016579893611760634,
            0.01789058345727915,
            0.01889791432662935
        ],
        "overlap": [
            0.001271725307333616,
            0.004450661241098677,
            0.010236303910140935,
            0.01982600587044749,
            0.049981138393330196,
            0.09982855047800296,
            0.1999315473478306
        ]
    }
}