{
    "ours": {
        "precision": [
            1.0,
            0.9223465581553069,
            0.7269047366747907,
            0.4999947017621939,
            0.19999660914936274,
            0.09999809265055874,
            0.04999904632527937
        ],
        "recall": [
            0.0999894034121013,
            0.46116350535127687,
            0.7269047366747907,
            1.0,
            1.0,
            1.0,
            1.0
        ],
        "f1": [
            0.18180066662813324,
            0.614889017618718,
            0.7269047366747907,
            0.6666619571053152,
            0.3333286238052516,
            0.1818150291690107,
            0.095236365214355
        ],
        "overlap": [
            0.6271725307333615,
            0.6516191929467616,
            0.7269047366747907,
            0.7824649521569126,
            0.8497556468259518,
            0.8648070716040173,
            0.8818397021144028
        ]
    },
    "bl": {
        "precision": [
            1.0,
            1.0,
            0.7932393769206315,
            0.4999947017621939,
            0.19999660914936274,
            0.09999809265055874,
            0.04999904632527937
        ],
        "recall": [
            0.0999894034121013,
            0.4999894034121013,
            0.7932393769206315,
            1.0,
            1.0,
            1.0,
            1.0
        ],
        "f1": [
            0.18180066662813324,
            0.6666572474108821,
            0.7932393769206315,
            0.6666619571053152,
            0.3333286238052516,
            0.1818150291690107,
            0.095236365214355
        ],
        "overlap": [
            0.625688851208139,
            0.7504238724991522,
            0.7932393769206315,
            0.827097307435547,
            0.8474498683926096,
            0.8469712350511488,
            0.8780133472075344
        ]
    },
    "random": {
        "precision": [
            0.010809665112335736,
            0.010088165479823668,
            0.01013033803115397,
            0.010151423636498501,
            0.010003009379940576,
            0.009848280948334143,
            0.009976497216329455
        ],
        "recall": [
            0.0010808519656670553,
            0.005043975839779591,
            0.01013033803115397,
            0.020303062413902725,
            0.050015894881848044,
            0.09848468793048638,
            0.19953375013245736
        ],
        "f1": [
            0.0019652043234495114,
            0.006725348630204729,
            0.01013033803115397,
            0.013535279324083755,
            0.016671729409354536,
            0.0179059964087823,
            0.019002869100204562
        ],
        "overlap": [
            0.000635862653666808,
            0.004874533740250933,
            0.01013033803115397,
            0.01997435652901845,
            0.04941317091158781,
            0.09962509987093603,
            0.20015301181073158
        ]
    }
}