{
    "ours": {
        "precision": [
            1.0,
            0.9636317395727365,
            0.709780650630497,
            0.4999947017621939,
            0.19999660914936274,
            0.09999809265055874,
            0.04999904632527937
        ],
        "recall": [
            0.0999894034121013,
            0.4818056585779379,
            0.709780650630497,
            1.0,
            1.0,
            1.0,
            1.0
        ],
        "f1": [
            0.18180066662813324,
            0.6424120830213205,
            0.7097806506304969,
            0.6666619571053152,
            0.3333286238052516,
            0.1818150291690107,
            0.095236365214355
        ],
        "overlap": [
            0.6288681644764731,
            0.6956171583587657,
            0.709780650630497,
            0.7722181602399042,
            0.8265028885808866,
            0.8507011628473761,
            0.915057252272395
        ]
    },
    "bl": {
        "precision": [
            1.0,
            0.8974652424550695,
            0.6904736674790717,
            0.4999947017621939,
            0.19999660914936274,
            0.09999809265055874,
            0.04999904632527937
        ],
        "recall": [
            0.0999894034121013,
            0.44872311115820707,
            0.6904736674790717,
            1.0,
            1.0,
            1.0,
            1.0
        ],
        "f1": [
            0.18180066662813324,
            0.5983017081820365,
            0.6904736674790717,
            0.6666619571053152,
            0.3333286238052516,
            0.1818150291690107,
            0.095236365214355
        ],
        "overlap": [
            0.4516744383213226,
            0.6294506612410987,
            0.6904736674790717,
            0.7499655614542603,
            0.7903776136040928,
            0.8441441193237811,
            0.9145507450318845
        ]
    },
    "random": {
        "precision": [
            0.00953793980500212,
            0.010088165479823668,
            0.010342269789127901,
            0.010140827160886288,
            0.01004115644960984,
            0.010106832761481714,
            0.010069745411235136
        ],
        "recall": [
            0.0009536929108826958,
            0.005043975839779591,
            0.010342269789127901,
            0.02028186923810533,
            0.05020663346402458,
            0.10107025537776836,
            0.20139874960262796
        ],
        "f1": [
            0.0017340038148083924,
            0.006725348630204729,
            0.010342269789127901,
            0.013521150640029386,
            0.016735308038458005,
            0.018376091429628316,
            0.019180484870870308
        ],
        "overlap": [
            0.00105977108944468,
            0.005171244489657511,
            0.010342269789127901,
            0.020377022602282482,
            0.04990908281728825,
            0.09976921071760844,
            0.19996545578234176
        ]
    }
}