{
    "ours": {
        "precision": [
            1.0,
            0.9628687690742624,
            0.7082759351488821,
            0.4999947017621939,
            0.19999660914936274,
            0.09999809265055874,
            0.04999904632527937
        ],
        "recall": [
            0.0999894034121013,
            0.48142418141358484,
            0.7082759351488821,
            1.0,
            1.0,
            1.0,
            1.0
        ],
        "f1": [
            0.18180066662813324,
            0.6419034432089521,
            0.708275935148882,
            0.6666619571053152,
            0.3333286238052516,
            0.1818150291690107,
            0.095236365214355
        ],
        "overlap": [
            0.6286562102585841,
            0.6948541878602916,
            0.7082759351488821,
            0.7711267232518464,
            0.8517732029551264,
            0.9152924920368161,
            0.9633566383178026
        ]
    },
    "bl": {
        "precision": [
            1.0,
            0.8974652424550695,
            0.6904736674790717,
            0.4999947017621939,
            0.19999660914936274,
            0.09999809265055874,
            0.04999904632527937
        ],
        "recall": [
            0.0999894034121013,
            0.44872311115820707,
            0.6904736674790717,
            1.0,
            1.0,
            1.0,
            1.0
        ],
        "f1": [
            0.18180066662813324,
            0.5983017081820365,
            0.6904736674790717,
            0.6666619571053152,
            0.3333286238052516,
            0.1818150291690107,
            0.095236365214355
        ],
        "overlap": [
            0.4516744383213226,
            0.6294506612410987,
            0.6904736674790717,
            0.7499655614542603,
            0.7903776136040928,
            0.8441441193237811,
            0.9145507450318845
        ]
    },
    "random": {
        "precision": [
            0.007630351844001695,
            0.009537131230925738,
            0.009579315460421744,
            0.009727564612010046,
            0.010096257772465445,
            0.010100474930010872,
            0.010073983965549031
        ],
        "recall": [
            0.0007629543287061566,
            0.004768464554413479,
            0.009579315460421744,
            0.019455335382006993,
            0.050482144749390695,
            0.10100667585037618,
            0.20148352230581754
        ],
        "f1": [
            0.0013872030518467143,
            0.006357997654605309,
            0.009579315460421744,
            0.012970131961909067,
            0.016827143836051908,
            0.018364531716000956,
            0.019188558314991475
        ],
        "overlap": [
            0.000635862653666808,
            0.004577822990844354,
            0.009579315460421744,
            0.019455129224020092,
            0.04987941287421216,
            0.0996420540881916,
            0.20023566361985254
        ]
    }
}