{
    "ours": {
        "precision": [
            1.0,
            0.9415479823669041,
            0.7247430327434566,
            0.4999947017621939,
            0.19999660914936274,
            0.09999809265055874,
            0.04999904632527937
        ],
        "recall": [
            0.0999894034121013,
            0.470764013987496,
            0.7247430327434566,
            1.0,
            1.0,
            1.0,
            1.0
        ],
        "f1": [
            0.18180066662813324,
            0.6276897862299899,
            0.7247430327434566,
            0.6666619571053152,
            0.3333286238052516,
            0.1818150291690107,
            0.095236365214355
        ],
        "overlap": [
            0.5118694362017804,
            0.6701000339097999,
            0.7247430327434566,
            0.7813629186932426,
            0.824722691996321,
            0.828578028606003,
            0.8739528121748235
        ]
    },
    "bl": {
        "precision": [
            1.0,
            0.9288318073923364,
            0.7304439970329554,
            0.4999947017621939,
            0.19999660914936274,
            0.09999809265055874,
            0.04999904632527937
        ],
        "recall": [
            0.0999894034121013,
            0.46440606124827805,
            0.7304439970329554,
            1.0,
            1.0,
            1.0,
            1.0
        ],
        "f1": [
            0.18180066662813324,
            0.6192124560238496,
            0.7304439970329554,
            0.6666619571053152,
            0.3333286238052516,
            0.1818150291690107,
            0.095236365214355
        ],
        "overlap": [
            0.4457397202204324,
            0.6573838589352323,
            0.7304439970329554,
            0.7728857382034735,
            0.7837485006082339,
            0.8088284847804111,
            0.8751544423228126
        ]
    },
    "random": {
        "precision": [
            0.011445527766002543,
            0.010300101729399797,
            0.010405849316520081,
            0.01037394962435494,
            0.009909760987415705,
            0.0099987496264774,
            0.010004047819369769
        ],
        "recall": [
            0.001144431493059235,
            0.0051499417187665575,
            0.010405849316520081,
            0.020748119105647982,
            0.049549645014305393,
            0.0999894034121013,
            0.20008477270318958
        ],
        "f1": [
            0.0020808045777700713,
            0.006866637466973735,
            0.010405849316520081,
            0.013831981689225467,
            0.01651631498265716,
            0.018179576297963178,
            0.019055346486992166
        ],
        "overlap": [
            0.000211954217888936,
            0.005807053238385894,
            0.010405849316520081,
            0.019550497504529994,
            0.048951167512260044,
            0.09866930587315279,
            0.1993646407083472
        ]
    }
}