{
    "ours": {
        "precision": [
            1.0,
            0.9413360461173279,
            0.7235138285472078,
            0.4999947017621939,
            0.19999660914936274,
            0.09999809265055874,
            0.04999904632527937
        ],
        "recall": [
            0.0999894034121013,
            0.4706580481085091,
            0.7235138285472078,
            1.0,
            1.0,
            1.0,
            1.0
        ],
        "f1": [
            0.18180066662813324,
            0.627548497393221,
            0.7235138285472077,
            0.6666619571053152,
            0.3333286238052516,
            0.1818150291690107,
            0.095236365214355
        ],
        "overlap": [
            0.5118694362017804,
            0.6698880976602238,
            0.7235138285472078,
            0.7826027063398714,
            0.8543121023697807,
            0.9062601327939066,
            0.9579196327716543
        ]
    },
    "bl": {
        "precision": [
            1.0,
            0.9288318073923364,
            0.7304439970329554,
            0.4999947017621939,
            0.19999660914936274,
            0.09999809265055874,
            0.04999904632527937
        ],
        "recall": [
            0.0999894034121013,
            0.46440606124827805,
            0.7304439970329554,
            1.0,
            1.0,
            1.0,
            1.0
        ],
        "f1": [
            0.18180066662813324,
            0.6192124560238496,
            0.7304439970329554,
            0.6666619571053152,
            0.3333286238052516,
            0.1818150291690107,
            0.095236365214355
        ],
        "overlap": [
            0.4457397202204324,
            0.6573838589352323,
            0.7304439970329554,
            0.7728857382034735,
            0.7837485006082339,
            0.8088284847804111,
            0.8751544423228126
        ]
    },
    "random": {
        "precision": [
            0.010385756676557863,
            0.009918616480162767,
            0.010278690261735722,
            0.01022559896578398,
            0.009871613917746441,
            0.009964841191966244,
            0.01005067191682261
        ],
        "recall": [
            0.0010384656140722686,
            0.004959203136590018,
            0.010278690261735722,
            0.020451414644484477,
            0.049358906432128855,
            0.09965031259934301,
            0.20101727243827489
        ],
        "f1": [
            0.0018881374872358049,
            0.006612317560789522,
            0.010278690261735722,
            0.013634180112464325,
            0.016452736353553692,
            0.018117924491950585,
            0.019144154372325042
        ],
        "overlap": [
            0.001271725307333616,
            0.0054255679891488644,
            0.010278690261735722,
            0.01998495300463066,
            0.0506296385777077,
            0.09990272517849612,
            0.1997588262595394
        ]
    }
}