{
    "ours": {
        "precision": [
            1.0,
            0.9759664292980671,
            0.7401292783723641,
            0.4999947017621939,
            0.19999660914936274
        ],
        "recall": [
            0.0999894034121013,
            0.48797287273497936,
            0.7401292783723641,
            1.0,
            1.0
        ],
        "f1": [
            0.18180066662813324,
            0.6506350933212767,
            0.7401292783723641,
            0.6666619571053152,
            0.3333286238052516
        ],
        "overlap": [
            0.5919881305637982,
            0.7003221430993557,
            0.7401292783723641,
            0.7840650199743565,
            0.8505948823586758
        ]
    },
    "bl": {
        "precision": [
            1.0,
            0.9838928450322143,
            0.7222634311751616,
            0.4999947017621939,
            0.19999660914936274
        ],
        "recall": [
            0.0999894034121013,
            0.4919359966090919,
            0.7222634311751616,
            1.0,
            1.0
        ],
        "f1": [
            0.18180066662813324,
            0.6559192958164376,
            0.7222634311751616,
            0.6666619571053152,
            0.3333286238052516
        ],
        "overlap": [
            0.5873251377702416,
            0.7082485588335029,
            0.7222634311751616,
            0.7320681141452353,
            0.7640264655892238
        ]
    },
    "random": {
        "precision": [
            0.012293344637558287,
            0.009494743981010512,
            0.009282610999258239,
            0.009748757563234468,
            0.009714787075772797
        ],
        "recall": [
            0.0012292041962488078,
            0.0047472713786160855,
            0.009282610999258239,
            0.01949772173360178,
            0.048574758927625306
        ],
        "f1": [
            0.0022349382501974835,
            0.0063297398872515075,
            0.009282610999258239,
            0.012998389330017802,
            0.016191357545017205
        ],
        "overlap": [
            0.001483679525222552,
            0.004365886741268227,
            0.009282610999258239,
            0.01975183054116201,
            0.04997689983003361
        ]
    }
}