{
    "ours": {
        "precision": [
            1.0,
            0.9760088165479823,
            0.7401928578997563,
            0.4999947017621939,
            0.19999660914936274
        ],
        "recall": [
            0.0999894034121013,
            0.4879940659107767,
            0.7401928578997563,
            1.0,
            1.0
        ],
        "f1": [
            0.18180066662813324,
            0.6506633510886305,
            0.7401928578997563,
            0.6666619571053152,
            0.3333286238052516
        ],
        "overlap": [
            0.5919881305637982,
            0.7003645303492709,
            0.7401928578997563,
            0.7848703521208846,
            0.7972271318913741
        ]
    },
    "bl": {
        "precision": [
            1.0,
            0.9838928450322143,
            0.7222634311751616,
            0.4999947017621939,
            0.19999660914936274
        ],
        "recall": [
            0.0999894034121013,
            0.4919359966090919,
            0.7222634311751616,
            1.0,
            1.0
        ],
        "f1": [
            0.18180066662813324,
            0.6559192958164376,
            0.7222634311751616,
            0.6666619571053152,
            0.3333286238052516
        ],
        "overlap": [
            0.5873251377702416,
            0.7082485588335029,
            0.7222634311751616,
            0.7320681141452353,
            0.7640264655892238
        ]
    },
    "random": {
        "precision": [
            0.009961848240779992,
            0.009833841980332316,
            0.009367383702447812,
            0.010140827160886288,
            0.0101089734623552
        ],
        "recall": [
            0.0009960792624774822,
            0.004916816784995231,
            0.009367383702447812,
            0.02028186923810533,
            0.050545724276782875
        ],
        "f1": [
            0.001811070651022099,
            0.006555802026081919,
            0.009367383702447812,
            0.013521150640029386,
            0.01684833671241973
        ],
        "overlap": [
            0.00105977108944468,
            0.005044082739911834,
            0.009367383702447812,
            0.019730637589937587,
            0.05005743253266873
        ]
    }
}