{
    "ours": {
        "precision": [
            1.0,
            1.0,
            0.7510013775564268,
            0.4999947017621939,
            0.19999660914936274,
            0.09999809265055874,
            0.04999904632527937
        ],
        "recall": [
            0.0999894034121013,
            0.4999894034121013,
            0.7510013775564268,
            1.0,
            1.0,
            1.0,
            1.0
        ],
        "f1": [
            0.18180066662813324,
            0.6666572474108821,
            0.7510013775564268,
            0.6666619571053152,
            0.3333286238052516,
            0.1818150291690107,
            0.095236365214355
        ],
        "overlap": [
            0.6816447647308181,
            0.7177856900644286,
            0.7510013775564268,
            0.7979569995019656,
            0.8600977412696192,
            0.9161359643452811,
            0.9606916472929413
        ]
    },
    "bl": {
        "precision": [
            1.0,
            0.9866056290267887,
            0.765179612164883,
            0.4999947017621939,
            0.19999660914936274,
            0.09999809265055874,
            0.04999904632527937
        ],
        "recall": [
            0.0999894034121013,
            0.49329235986012504,
            0.765179612164883,
            1.0,
            1.0,
            1.0,
            1.0
        ],
        "f1": [
            0.18180066662813324,
            0.6577277929270808,
            0.765179612164883,
            0.6666619571053152,
            0.3333286238052516,
            0.1818150291690107,
            0.095236365214355
        ],
        "overlap": [
            0.516320474777448,
            0.6968463886063072,
            0.765179612164883,
            0.8139576776764048,
            0.8404435232633547,
            0.8386318794385611,
            0.9091306937029918
        ]
    },
    "random": {
        "precision": [
            0.008690122933446376,
            0.010384876229230247,
            0.009706474515206103,
            0.0096851787095612,
            0.01017679047510056,
            0.010055970109714978,
            0.010014644205154506
        ],
        "recall": [
            0.0008689202076931228,
            0.005192328070361344,
            0.009706474515206103,
            0.01937056267881742,
            0.050884815089541166,
            0.10056161915863092,
            0.20029670446116352
        ],
        "f1": [
            0.0015798701423809798,
            0.006923153001681337,
            0.009706474515206103,
            0.0129136172256916,
            0.016961365386381457,
            0.018283613720609427,
            0.019075530097295096
        ],
        "overlap": [
            0.00105977108944468,
            0.004916920990166158,
            0.009706474515206103,
            0.019084252577592692,
            0.04979888017157704,
            0.10031598422410085,
            0.20003539192852102
        ]
    }
}