{
    "ours": {
        "precision": [
            1.0,
            1.0,
            0.7531630814877609,
            0.4999947017621939,
            0.19999660914936274,
            0.09999809265055874,
            0.04999904632527937
        ],
        "recall": [
            0.0999894034121013,
            0.4999894034121013,
            0.7531630814877609,
            1.0,
            1.0,
            1.0,
            1.0
        ],
        "f1": [
            0.18180066662813324,
            0.6666572474108821,
            0.7531630814877608,
            0.6666619571053152,
            0.3333286238052516,
            0.1818150291690107,
            0.095236365214355
        ],
        "overlap": [
            0.681856718948707,
            0.7184638860630722,
            0.7531630814877609,
            0.8003200135634888,
            0.8483738751912652,
            0.8523414833668532,
            0.9085595485091945
        ]
    },
    "bl": {
        "precision": [
            1.0,
            0.9866056290267887,
            0.765179612164883,
            0.4999947017621939,
            0.19999660914936274,
            0.09999809265055874,
            0.04999904632527937
        ],
        "recall": [
            0.0999894034121013,
            0.49329235986012504,
            0.765179612164883,
            1.0,
            1.0,
            1.0,
            1.0
        ],
        "f1": [
            0.18180066662813324,
            0.6577277929270808,
            0.765179612164883,
            0.6666619571053152,
            0.3333286238052516,
            0.1818150291690107,
            0.095236365214355
        ],
        "overlap": [
            0.516320474777448,
            0.6968463886063072,
            0.765179612164883,
            0.8139576776764048,
            0.8404435232633547,
            0.8386318794385611,
            0.9091306937029918
        ]
    },
    "random": {
        "precision": [
            0.013565069944891903,
            0.011063072227873855,
            0.010766133305075766,
            0.010437528478028207,
            0.010265800304328845,
            0.010022061675203822,
            0.009844042394020248
        ],
        "recall": [
            0.0013563632510331673,
            0.005531418883119635,
            0.010766133305075766,
            0.02087527816043234,
            0.051329871781286424,
            0.10022252834587263,
            0.1968846031577832
        ],
        "f1": [
            0.0024661387588386027,
            0.007375277279342158,
            0.010766133305075766,
            0.013916753793551668,
            0.017109715520956224,
            0.018221961914596834,
            0.018750573971417987
        ],
        "overlap": [
            0.001483679525222552,
            0.0060613767378772465,
            0.010766133305075766,
            0.020440601455955748,
            0.05144344273065202,
            0.10107680472344492,
            0.20042110037108543
        ]
    }
}