{
    "ours": {
        "precision": [
            1.0,
            0.9679128518141743,
            0.7259722369397054,
            0.4999947017621939,
            0.19999660914936274,
            0.09999809265055874,
            0.04999904632527937
        ],
        "recall": [
            0.0999894034121013,
            0.4839461693334746,
            0.7259722369397054,
            1.0,
            1.0,
            1.0,
            1.0
        ],
        "f1": [
            0.18180066662813324,
            0.6452661175240544,
            0.7259722369397054,
            0.6666619571053152,
            0.3333286238052516,
            0.1818150291690107,
            0.095236365214355
        ],
        "overlap": [
            0.6674438321322594,
            0.6971854866056291,
            0.7259722369397054,
            0.7738288245329603,
            0.846792891081639,
            0.906408482194893,
            0.9553510688574341
        ]
    },
    "bl": {
        "precision": [
            1.0,
            0.8422346558155307,
            0.6516053830666525,
            0.4999947017621939,
            0.19999660914936274,
            0.09999809265055874,
            0.04999904632527937
        ],
        "recall": [
            0.0999894034121013,
            0.42110840309420366,
            0.6516053830666525,
            1.0,
            1.0,
            1.0,
            1.0
        ],
        "f1": [
            0.18180066662813324,
            0.5614818373200333,
            0.6516053830666525,
            0.6666619571053152,
            0.3333286238052516,
            0.1818150291690107,
            0.095236365214355
        ],
        "overlap": [
            0.3380669775328529,
            0.5715072906069855,
            0.6516053830666525,
            0.7200093248985387,
            0.7691381729249054,
            0.8108502751881388,
            0.8991096916663665
        ]
    },
    "random": {
        "precision": [
            0.009749894022891056,
            0.010978297728043405,
            0.01072374695348098,
            0.010204406014559558,
            0.009875852481043026,
            0.010113190592952556,
            0.01006762613407819
        ],
        "recall": [
            0.000974886086680089,
            0.005489032531524849,
            0.01072374695348098,
            0.02040902829288969,
            0.04938009960792625,
            0.10113383490516054,
            0.20135636325103318
        ],
        "f1": [
            0.0017725372329152455,
            0.007318761744634555,
            0.01072374695348098,
            0.01360592274435559,
            0.016459800645676297,
            0.018387651143255676,
            0.019176448148809724
        ],
        "overlap": [
            0.00105977108944468,
            0.005595116988809766,
            0.01072374695348098,
            0.020016742431467293,
            0.04932416108235952,
            0.09985186252672938,
            0.19973657384939145
        ]
    }
}