{
    "ours": {
        "precision": [
            1.0,
            0.9699898270600203,
            0.7278160432340787,
            0.4999947017621939,
            0.19999660914936274,
            0.09999809265055874,
            0.04999904632527937
        ],
        "recall": [
            0.0999894034121013,
            0.4849846349475469,
            0.7278160432340787,
            1.0,
            1.0,
            1.0,
            1.0
        ],
        "f1": [
            0.18180066662813324,
            0.6466507481243906,
            0.7278160432340787,
            0.6666619571053152,
            0.3333286238052516,
            0.1818150291690107,
            0.095236365214355
        ],
        "overlap": [
            0.6682916490038152,
            0.6992624618514751,
            0.7278160432340787,
            0.7778448887899885,
            0.8097478478694862,
            0.8229534670314649,
            0.8987928597314028
        ]
    },
    "bl": {
        "precision": [
            1.0,
            0.8422346558155307,
            0.6516053830666525,
            0.4999947017621939,
            0.19999660914936274,
            0.09999809265055874,
            0.04999904632527937
        ],
        "recall": [
            0.0999894034121013,
            0.42110840309420366,
            0.6516053830666525,
            1.0,
            1.0,
            1.0,
            1.0
        ],
        "f1": [
            0.18180066662813324,
            0.5614818373200333,
            0.6516053830666525,
            0.6666619571053152,
            0.3333286238052516,
            0.1818150291690107,
            0.095236365214355
        ],
        "overlap": [
            0.3380669775328529,
            0.5715072906069855,
            0.6516053830666525,
            0.7200093248985387,
            0.7691381729249054,
            0.8108502751881388,
            0.8991096916663665
        ]
    },
    "random": {
        "precision": [
            0.00953793980500212,
            0.009791454730417091,
            0.010109144855356576,
            0.009960687075478696,
            0.00991399955071229,
            0.01007080504981361,
            0.009999809265055875
        ],
        "recall": [
            0.0009536929108826958,
            0.004895623609197838,
            0.010109144855356576,
            0.019921585249549643,
            0.04957083819010279,
            0.10070997138921267,
            0.2
        ],
        "f1": [
            0.0017340038148083924,
            0.006527544258728118,
            0.010109144855356576,
            0.013280963011105144,
            0.01652337927477977,
            0.018310586385739937,
            0.019047273042871
        ],
        "overlap": [
            0.000847816871555744,
            0.0047897592404204815,
            0.010109144855356576,
            0.01984719882167191,
            0.04983702724124631,
            0.10002776253075601,
            0.20003433228994255
        ]
    }
}