{
    "ours": {
        "precision": [
            1.0,
            0.9619362495761276,
            0.7321818374483416,
            0.4999947017621939,
            0.19999660914936274
        ],
        "recall": [
            0.0999894034121013,
            0.48095793154604216,
            0.7321818374483416,
            1.0,
            1.0
        ],
        "f1": [
            0.18180066662813324,
            0.6412817723271684,
            0.7321818374483416,
            0.6666619571053152,
            0.3333286238052516
        ],
        "overlap": [
            0.6032217041119118,
            0.6912088843675822,
            0.7321818374483416,
            0.7750368227527524,
            0.8570078286264088
        ]
    },
    "bl": {
        "precision": [
            1.0,
            1.0,
            0.8130761894669917,
            0.4999947017621939,
            0.19999660914936274
        ],
        "recall": [
            0.0999894034121013,
            0.4999894034121013,
            0.8130761894669917,
            1.0,
            1.0
        ],
        "f1": [
            0.18180066662813324,
            0.6666572474108821,
            0.8130761894669918,
            0.6666619571053152,
            0.3333286238052516
        ],
        "overlap": [
            0.7117422636710471,
            0.7824686334350628,
            0.8130761894669917,
            0.8369308368036791,
            0.8413929614417897
        ]
    },
    "random": {
        "precision": [
            0.005510809665112336,
            0.009876229230247542,
            0.009706474515206103,
            0.010045458880376387,
            0.010240368924549334
        ],
        "recall": [
            0.0005510225707322243,
            0.004938009960792624,
            0.009706474515206103,
            0.020091130655928793,
            0.051202712726502064
        ],
        "f1": [
            0.0010018688707781824,
            0.00658405979343572,
            0.009706474515206103,
            0.013393992483540083,
            0.017067329768220573
        ],
        "overlap": [
            0.000423908435777872,
            0.005128857239742286,
            0.009706474515206103,
            0.020440601455955748,
            0.05021002081134578
        ]
    }
}