{
    "ours": {
        "precision": [
            1.0,
            0.9619362495761276,
            0.732097064745152,
            0.4999947017621939,
            0.19999660914936274
        ],
        "recall": [
            0.0999894034121013,
            0.48095793154604216,
            0.732097064745152,
            1.0,
            1.0
        ],
        "f1": [
            0.18180066662813324,
            0.6412817723271684,
            0.7320970647451521,
            0.6666619571053152,
            0.3333286238052516
        ],
        "overlap": [
            0.6032217041119118,
            0.6912088843675822,
            0.732097064745152,
            0.7752063663625478,
            0.8498531337817733
        ]
    },
    "bl": {
        "precision": [
            1.0,
            1.0,
            0.8130761894669917,
            0.4999947017621939,
            0.19999660914936274
        ],
        "recall": [
            0.0999894034121013,
            0.4999894034121013,
            0.8130761894669917,
            1.0,
            1.0
        ],
        "f1": [
            0.18180066662813324,
            0.6666572474108821,
            0.8130761894669918,
            0.6666619571053152,
            0.3333286238052516
        ],
        "overlap": [
            0.7117422636710471,
            0.7824686334350628,
            0.8130761894669917,
            0.8369308368036791,
            0.8413929614417897
        ]
    },
    "random": {
        "precision": [
            0.011233573548113607,
            0.010003390979993218,
            0.009579315460421744,
            0.009812336416907737,
            0.009803796905001081
        ],
        "recall": [
            0.0011232383172618417,
            0.005001589488184804,
            0.009579315460421744,
            0.01962488078838614,
            0.04901981561937056
        ],
        "f1": [
            0.002042271159663218,
            0.006668833095497124,
            0.009579315460421744,
            0.013083161434344006,
            0.016339707679591968
        ],
        "overlap": [
            0.000847816871555744,
            0.004832146490335707,
            0.009579315460421744,
            0.01991077767534518,
            0.05004047827948239
        ]
    }
}