{
    "ours": {
        "precision": [
            1.0,
            0.9902509325194981,
            0.7300201335170076,
            0.4999947017621939,
            0.19999660914936274
        ],
        "recall": [
            0.0999894034121013,
            0.4951149729787009,
            0.7300201335170076,
            1.0,
            1.0
        ],
        "f1": [
            0.18180066662813324,
            0.6601579609195078,
            0.7300201335170076,
            0.6666619571053152,
            0.3333286238052516
        ],
        "overlap": [
            0.7333615938957185,
            0.7146066463207867,
            0.7300201335170076,
            0.7820304966568119,
            0.8545706547308725
        ]
    },
    "bl": {
        "precision": [
            1.0,
            0.9725330620549338,
            0.749284730316838,
            0.4999947017621939,
            0.19999660914936274
        ],
        "recall": [
            0.0999894034121013,
            0.4862562254953905,
            0.749284730316838,
            1.0,
            1.0
        ],
        "f1": [
            0.18180066662813324,
            0.6483462141656188,
            0.749284730316838,
            0.6666619571053152,
            0.3333286238052516
        ],
        "overlap": [
            0.5178041543026706,
            0.6968887758562224,
            0.749284730316838,
            0.7866717529749605,
            0.7919840290934985
        ]
    },
    "random": {
        "precision": [
            0.010809665112335736,
            0.010257714479484571,
            0.010109144855356576,
            0.010405739051191574,
            0.01024460748784592
        ],
        "recall": [
            0.0010808519656670553,
            0.005128748542969164,
            0.010109144855356576,
            0.020811698633040162,
            0.05122390590229946
        ],
        "f1": [
            0.0019652043234495114,
            0.006838379699619933,
            0.010109144855356576,
            0.013874367741388567,
            0.01707439406034318
        ],
        "overlap": [
            0.001271725307333616,
            0.005171244489657511,
            0.010109144855356576,
            0.020652530968199977,
            0.05026088357090481
        ]
    }
}