{
    "ours": {
        "precision": [
            1.0,
            0.9905052560189895,
            0.7307195083183216,
            0.4999947017621939,
            0.19999660914936274
        ],
        "recall": [
            0.0999894034121013,
            0.4952421320334852,
            0.7307195083183216,
            1.0,
            1.0
        ],
        "f1": [
            0.18180066662813324,
            0.6603275075236306,
            0.7307195083183216,
            0.6666619571053152,
            0.3333286238052516
        ],
        "overlap": [
            0.7333615938957185,
            0.714860969820278,
            0.7307195083183216,
            0.782782846425279,
            0.8241377702613922
        ]
    },
    "bl": {
        "precision": [
            1.0,
            0.9725330620549338,
            0.749284730316838,
            0.4999947017621939,
            0.19999660914936274
        ],
        "recall": [
            0.0999894034121013,
            0.4862562254953905,
            0.749284730316838,
            1.0,
            1.0
        ],
        "f1": [
            0.18180066662813324,
            0.6483462141656188,
            0.749284730316838,
            0.6666619571053152,
            0.3333286238052516
        ],
        "overlap": [
            0.5178041543026706,
            0.6968887758562224,
            0.749284730316838,
            0.7866717529749605,
            0.7919840290934985
        ]
    },
    "random": {
        "precision": [
            0.00953793980500212,
            0.009452356731095287,
            0.010024372152167001,
            0.010215002490171769,
            0.010181029038397144
        ],
        "recall": [
            0.0009536929108826958,
            0.004726078202818692,
            0.010024372152167001,
            0.020430221468687084,
            0.05090600826533856
        ],
        "f1": [
            0.0017340038148083924,
            0.006301482119897707,
            0.010024372152167001,
            0.013620051428409958,
            0.016968429678504066
        ],
        "overlap": [
            0.000635862653666808,
            0.005128857239742286,
            0.010024372152167001,
            0.020567759163302286,
            0.05097720076802767
        ]
    }
}