{
    "ours": {
        "precision": [
            1.0,
            0.9482875551034249,
            0.7156935466779697,
            0.4999947017621939,
            0.19999660914936274,
            0.09999809265055874,
            0.04999904632527937
        ],
        "recall": [
            0.0999894034121013,
            0.4741337289392816,
            0.7156935466779697,
            1.0,
            1.0,
            1.0,
            1.0
        ],
        "f1": [
            0.18180066662813324,
            0.6321827712392444,
            0.7156935466779697,
            0.6666619571053152,
            0.3333286238052516,
            0.1818150291690107,
            0.095236365214355
        ],
        "overlap": [
            0.5640101738024587,
            0.6802729738894541,
            0.7156935466779697,
            0.7717625117885791,
            0.8476745122473286,
            0.8575188774612755,
            0.8788748333718336
        ]
    },
    "bl": {
        "precision": [
            1.0,
            1.0,
            0.7764331885132987,
            0.4999947017621939,
            0.19999660914936274,
            0.09999809265055874,
            0.04999904632527937
        ],
        "recall": [
            0.0999894034121013,
            0.4999894034121013,
            0.7764331885132987,
            1.0,
            1.0,
            1.0,
            1.0
        ],
        "f1": [
            0.18180066662813324,
            0.6666572474108821,
            0.7764331885132987,
            0.6666619571053152,
            0.3333286238052516,
            0.1818150291690107,
            0.095236365214355
        ],
        "overlap": [
            0.6172106824925816,
            0.7345286537809427,
            0.7764331885132987,
            0.8071441438577529,
            0.823302773291965,
            0.8366609516826001,
            0.8761388465622145
        ]
    },
    "random": {
        "precision": [
            0.010809665112335736,
            0.009367582231264835,
            0.009367383702447812,
            0.00960040690466351,
            0.01004963357620301,
            0.009911859263042562,
            0.009909739985885613
        ],
        "recall": [
            0.0010808519656670553,
            0.004683691851223906,
            0.009367383702447812,
            0.019201017272438274,
            0.05024901981561937,
            0.09912048320440818,
            0.19819858005722157
        ],
        "f1": [
            0.0019652043234495114,
            0.006244966585190104,
            0.009367383702447812,
            0.012800587753256662,
            0.016749436622703222,
            0.01802159354505591,
            0.018875712355296125
        ],
        "overlap": [
            0.001271725307333616,
            0.004408273991183452,
            0.009367383702447812,
            0.019698848163100954,
            0.050078625349151654,
            0.10002776253075601,
            0.19980439071841377
        ]
    }
}