{
    "ours": {
        "precision": [
            1.0,
            0.9482875551034249,
            0.7156511603263749,
            0.4999947017621939,
            0.19999660914936274,
            0.09999809265055874,
            0.04999904632527937
        ],
        "recall": [
            0.0999894034121013,
            0.4741337289392816,
            0.7156511603263749,
            1.0,
            1.0,
            1.0,
            1.0
        ],
        "f1": [
            0.18180066662813324,
            0.6321827712392444,
            0.7156511603263749,
            0.6666619571053152,
            0.3333286238052516,
            0.1818150291690107,
            0.095236365214355
        ],
        "overlap": [
            0.5640101738024587,
            0.6802729738894541,
            0.7156511603263749,
            0.7709147937396023,
            0.8526929711904853,
            0.9105389533737833,
            0.9628639063788124
        ]
    },
    "bl": {
        "precision": [
            1.0,
            1.0,
            0.7764331885132987,
            0.4999947017621939,
            0.19999660914936274,
            0.09999809265055874,
            0.04999904632527937
        ],
        "recall": [
            0.0999894034121013,
            0.4999894034121013,
            0.7764331885132987,
            1.0,
            1.0,
            1.0,
            1.0
        ],
        "f1": [
            0.18180066662813324,
            0.6666572474108821,
            0.7764331885132987,
            0.6666619571053152,
            0.3333286238052516,
            0.1818150291690107,
            0.095236365214355
        ],
        "overlap": [
            0.6172106824925816,
            0.7345286537809427,
            0.7764331885132987,
            0.8071441438577529,
            0.823302773291965,
            0.8366609516826001,
            0.8761388465622145
        ]
    },
    "random": {
        "precision": [
            0.009325985587113183,
            0.010215327229569346,
            0.01013033803115397,
            0.010024265929151965,
            0.01007506495598252,
            0.010017823120889927,
            0.010107892400060187
        ],
        "recall": [
            0.0009324997350853026,
            0.005107555367171771,
            0.01013033803115397,
            0.020048744304334003,
            0.05037617887040373,
            0.10018014199427784,
            0.20216170393133412
        ],
        "f1": [
            0.0016954703967015394,
            0.006810121932266132,
            0.01013033803115397,
            0.013365735115431349,
            0.01679182237543887,
            0.018214255438845264,
            0.019253145867960838
        ],
        "overlap": [
            0.001695633743111488,
            0.005171244489657511,
            0.01013033803115397,
            0.019349164467897976,
            0.05045585748254772,
            0.10036472759871064,
            0.19972385818644978
        ]
    }
}