{
    "ours": {
        "precision": [
            1.0,
            0.9704560868090878,
            0.728642577090177,
            0.4999947017621939,
            0.19999660914936274,
            0.09999809265055874,
            0.04999904632527937
        ],
        "recall": [
            0.0999894034121013,
            0.4852177598813182,
            0.728642577090177,
            1.0,
            1.0,
            1.0,
            1.0
        ],
        "f1": [
            0.18180066662813324,
            0.6469615835652824,
            0.728642577090177,
            0.6666619571053152,
            0.3333286238052516,
            0.1818150291690107,
            0.095236365214355
        ],
        "overlap": [
            0.63543874523103,
            0.6997287216005426,
            0.728642577090177,
            0.7716459505568448,
            0.8526378698676297,
            0.9044100038358917,
            0.9553584863274834
        ]
    },
    "bl": {
        "precision": [
            1.0,
            0.8958545269582909,
            0.6920631556638762,
            0.4999947017621939,
            0.19999660914936274,
            0.09999809265055874,
            0.04999904632527937
        ],
        "recall": [
            0.0999894034121013,
            0.4479177704779061,
            0.6920631556638762,
            1.0,
            1.0,
            1.0,
            1.0
        ],
        "f1": [
            0.18180066662813324,
            0.597227913022592,
            0.6920631556638762,
            0.6666619571053152,
            0.3333286238052516,
            0.1818150291690107,
            0.095236365214355
        ],
        "overlap": [
            0.503391267486223,
            0.6251271617497457,
            0.6920631556638762,
            0.7429189051721398,
            0.7636110863861586,
            0.8066117208742443,
            0.9019908489612363
        ]
    },
    "random": {
        "precision": [
            0.0105977108944468,
            0.009537131230925738,
            0.009960792624774822,
            0.010098441258437443,
            0.01006658782938935,
            0.010017823120889927,
            0.009989212879271138
        ],
        "recall": [
            0.0010596587898696619,
            0.004768464554413479,
            0.009960792624774822,
            0.02019709653491576,
            0.05033379251880894,
            0.10018014199427784,
            0.19978806824202608
        ],
        "f1": [
            0.0019266709053426582,
            0.006357997654605309,
            0.009960792624774822,
            0.01346463590381192,
            0.016777693791193656,
            0.018214255438845264,
            0.019027089432568072
        ],
        "overlap": [
            0.000847816871555744,
            0.0043234994913530014,
            0.009960792624774822,
            0.020186286041262675,
            0.04995994557684727,
            0.0997141095115278,
            0.1997429316808623
        ]
    }
}