{
    "ours": {
        "precision": [
            1.0,
            0.9720244150559512,
            0.7312493377132563,
            0.4999947017621939,
            0.19999660914936274,
            0.09999809265055874,
            0.04999904632527937
        ],
        "recall": [
            0.0999894034121013,
            0.4860019073858218,
            0.7312493377132563,
            1.0,
            1.0,
            1.0,
            1.0
        ],
        "f1": [
            0.18180066662813324,
            0.6480071209573732,
            0.7312493377132564,
            0.6666619571053152,
            0.3333286238052516,
            0.1818150291690107,
            0.095236365214355
        ],
        "overlap": [
            0.6358626536668079,
            0.7012970498474059,
            0.7312493377132563,
            0.7749838403746914,
            0.8132149926460926,
            0.8197258079214341,
            0.899611960352563
        ]
    },
    "bl": {
        "precision": [
            1.0,
            0.8958545269582909,
            0.6920631556638762,
            0.4999947017621939,
            0.19999660914936274,
            0.09999809265055874,
            0.04999904632527937
        ],
        "recall": [
            0.0999894034121013,
            0.4479177704779061,
            0.6920631556638762,
            1.0,
            1.0,
            1.0,
            1.0
        ],
        "f1": [
            0.18180066662813324,
            0.597227913022592,
            0.6920631556638762,
            0.6666619571053152,
            0.3333286238052516,
            0.1818150291690107,
            0.095236365214355
        ],
        "overlap": [
            0.503391267486223,
            0.6251271617497457,
            0.6920631556638762,
            0.7429189051721398,
            0.7636110863861586,
            0.8066117208742443,
            0.9019908489612363
        ]
    },
    "random": {
        "precision": [
            0.011021619330224672,
            0.009791454730417091,
            0.009346190526650418,
            0.009674582233948988,
            0.00976141127203523,
            0.009771986970684038,
            0.009856758056961932
        ],
        "recall": [
            0.0011020451414644485,
            0.004895623609197838,
            0.009346190526650418,
            0.019349369503020027,
            0.04880788386139663,
            0.09772173360178023,
            0.1971389212673519
        ],
        "f1": [
            0.0020037377415563647,
            0.006527544258728118,
            0.009346190526650418,
            0.012899488541637232,
            0.016269064758365887,
            0.017767279845253964,
            0.0187747943037815
        ],
        "overlap": [
            0.001695633743111488,
            0.005001695489996609,
            0.009346190526650418,
            0.019518708077693358,
            0.04970563177905217,
            0.09986245891251412,
            0.20031513651323807
        ]
    }
}