{
    "ours": {
        "precision": [
            1.0,
            0.9769837232960326,
            0.7408498463494755,
            0.4999947017621939,
            0.19999660914936274
        ],
        "recall": [
            0.0999894034121013,
            0.4884815089541168,
            0.7408498463494755,
            1.0,
            1.0
        ],
        "f1": [
            0.18180066662813324,
            0.651313279737768,
            0.7408498463494755,
            0.6666619571053152,
            0.3333286238052516
        ],
        "overlap": [
            0.6311996608732514,
            0.7013394370973212,
            0.7408498463494755,
            0.7893950472072988,
            0.8131259828168644
        ]
    },
    "bl": {
        "precision": [
            1.0,
            0.948499491353001,
            0.7185758185864152,
            0.4999947017621939,
            0.19999660914936274
        ],
        "recall": [
            0.0999894034121013,
            0.4742396948182685,
            0.7185758185864152,
            1.0,
            1.0
        ],
        "f1": [
            0.18180066662813324,
            0.6323240600760134,
            0.7185758185864152,
            0.6666619571053152,
            0.3333286238052516
        ],
        "overlap": [
            0.5057227638830013,
            0.6728552051542895,
            0.7185758185864152,
            0.7510887878691547,
            0.7696976632800546
        ]
    },
    "random": {
        "precision": [
            0.008902077151335312,
            0.010808748728382502,
            0.010427042492317474,
            0.010585879136599167,
            0.010045395012906425
        ],
        "recall": [
            0.000890113383490516,
            0.005404259828335276,
            0.010427042492317474,
            0.021171982621595847,
            0.050227826639821976
        ],
        "f1": [
            0.0016184035604878328,
            0.007205730675219351,
            0.010427042492317474,
            0.01411455537031281,
            0.016742372330580613
        ],
        "overlap": [
            0.000423908435777872,
            0.00546795523906409,
            0.010427042492317474,
            0.020239268419323733,
            0.05035837052672626
        ]
    }
}