{
    "ours": {
        "precision": [
            1.0,
            0.9760088165479823,
            0.7389636537035075,
            0.4999947017621939,
            0.19999660914936274
        ],
        "recall": [
            0.0999894034121013,
            0.4879940659107767,
            0.7389636537035075,
            1.0,
            1.0
        ],
        "f1": [
            0.18180066662813324,
            0.6506633510886305,
            0.7389636537035075,
            0.6666619571053152,
            0.3333286238052516
        ],
        "overlap": [
            0.6311996608732514,
            0.7003645303492709,
            0.7389636537035075,
            0.7880598912801602,
            0.8508025719602084
        ]
    },
    "bl": {
        "precision": [
            1.0,
            0.948499491353001,
            0.7185758185864152,
            0.4999947017621939,
            0.19999660914936274
        ],
        "recall": [
            0.0999894034121013,
            0.4742396948182685,
            0.7185758185864152,
            1.0,
            1.0
        ],
        "f1": [
            0.18180066662813324,
            0.6323240600760134,
            0.7185758185864152,
            0.6666619571053152,
            0.3333286238052516
        ],
        "overlap": [
            0.5057227638830013,
            0.6728552051542895,
            0.7185758185864152,
            0.7510887878691547,
            0.7696976632800546
        ]
    },
    "random": {
        "precision": [
            0.008266214497668503,
            0.008986096982027805,
            0.009706474515206103,
            0.009473249197316973,
            0.009926715240602046
        ],
        "recall": [
            0.0008265338560983364,
            0.004492953269047367,
            0.009706474515206103,
            0.018946699162869556,
            0.049634417717494966
        ],
        "f1": [
            0.0015028033061672734,
            0.005990646679005891,
            0.009706474515206103,
            0.012631043544604257,
            0.016544572151147595
        ],
        "overlap": [
            0.00105977108944468,
            0.004408273991183452,
            0.009706474515206103,
            0.01967765521187653,
            0.050159158051786765
        ]
    }
}