{
    "ours": {
        "precision": [
            1.0,
            0.9688453713123093,
            0.7354032001695454,
            0.4999947017621939,
            0.19999660914936274
        ],
        "recall": [
            0.0999894034121013,
            0.4844124192010173,
            0.7354032001695454,
            1.0,
            1.0
        ],
        "f1": [
            0.18180066662813324,
            0.645887788405838,
            0.7354032001695455,
            0.6666619571053152,
            0.3333286238052516
        ],
        "overlap": [
            0.6651123357354811,
            0.6932010851135978,
            0.7354032001695454,
            0.7867883142066948,
            0.8258840583395852
        ]
    },
    "bl": {
        "precision": [
            1.0,
            0.9723211258053578,
            0.7419942778425347,
            0.4999947017621939,
            0.19999660914936274
        ],
        "recall": [
            0.0999894034121013,
            0.4861502596164035,
            0.7419942778425347,
            1.0,
            1.0
        ],
        "f1": [
            0.18180066662813324,
            0.6482049253288498,
            0.7419942778425347,
            0.6666619571053152,
            0.3333286238052516
        ],
        "overlap": [
            0.5108096651123357,
            0.6966768396066463,
            0.7419942778425347,
            0.7818397600957921,
            0.7887245739184247
        ]
    },
    "random": {
        "precision": [
            0.011869436201780416,
            0.0106391997287216,
            0.010321076613330508,
            0.009738161087622257,
            0.009977578000161065
        ],
        "recall": [
            0.0011868178446540214,
            0.005319487125145703,
            0.010321076613330508,
            0.019476528557804386,
            0.049888735827063685
        ],
        "f1": [
            0.0021578714139837774,
            0.007092699605804146,
            0.010321076613330508,
            0.012984260645963435,
            0.016629343656618886
        ],
        "overlap": [
            0.001483679525222552,
            0.004408273991183452,
            0.010321076613330508,
            0.019720041114325376,
            0.05043890322936138
        ]
    }
}