{
    "ours": {
        "precision": [
            1.0,
            0.9683367243133265,
            0.7349581434778002,
            0.4999947017621939,
            0.19999660914936274
        ],
        "recall": [
            0.0999894034121013,
            0.4841581010914486,
            0.7349581434778002,
            1.0,
            1.0
        ],
        "f1": [
            0.18180066662813324,
            0.6455486951975924,
            0.7349581434778002,
            0.6666619571053152,
            0.3333286238052516
        ],
        "overlap": [
            0.6649003815175922,
            0.6926924381146151,
            0.7349581434778002,
            0.7852836146697608,
            0.8542570010469251
        ]
    },
    "bl": {
        "precision": [
            1.0,
            0.9723211258053578,
            0.7419942778425347,
            0.4999947017621939,
            0.19999660914936274
        ],
        "recall": [
            0.0999894034121013,
            0.4861502596164035,
            0.7419942778425347,
            1.0,
            1.0
        ],
        "f1": [
            0.18180066662813324,
            0.6482049253288498,
            0.7419942778425347,
            0.6666619571053152,
            0.3333286238052516
        ],
        "overlap": [
            0.5108096651123357,
            0.6966768396066463,
            0.7419942778425347,
            0.7818397600957921,
            0.7887245739184247
        ]
    },
    "random": {
        "precision": [
            0.010385756676557863,
            0.010300101729399797,
            0.010829712832467945,
            0.010098441258437443,
            0.00988009104433961
        ],
        "recall": [
            0.0010384656140722686,
            0.0051499417187665575,
            0.010829712832467945,
            0.02019709653491576,
            0.04940129278372364
        ],
        "f1": [
            0.0018881374872358049,
            0.006866637466973735,
            0.010829712832467945,
            0.01346463590381192,
            0.01646686493779891
        ],
        "overlap": [
            0.000635862653666808,
            0.00508646998982706,
            0.010829712832467945,
            0.019804812919223067,
            0.049391978095104885
        ]
    }
}