{
    "ours": {
        "precision": [
            1.0,
            0.948118006103764,
            0.7339620642153226,
            0.4999947017621939,
            0.19999660914936274
        ],
        "recall": [
            0.0999894034121013,
            0.474048956236092,
            0.7339620642153226,
            1.0,
            1.0
        ],
        "f1": [
            0.18180066662813324,
            0.6320697401698291,
            0.7339620642153226,
            0.6666619571053152,
            0.3333286238052516
        ],
        "overlap": [
            0.6284442560406952,
            0.6773906408952187,
            0.7339620642153226,
            0.7816066376323235,
            0.8283127551085284
        ]
    },
    "bl": {
        "precision": [
            1.0,
            0.9917768735164463,
            0.7580587050969588,
            0.4999947017621939,
            0.19999660914936274
        ],
        "recall": [
            0.0999894034121013,
            0.49587792730740704,
            0.7580587050969588,
            1.0,
            1.0
        ],
        "f1": [
            0.18180066662813324,
            0.6611752405442446,
            0.7580587050969589,
            0.6666619571053152,
            0.3333286238052516
        ],
        "overlap": [
            0.5888088172954642,
            0.7210495083079009,
            0.7580587050969588,
            0.7752381557893845,
            0.7744151842291537
        ]
    },
    "random": {
        "precision": [
            0.009114031369224248,
            0.009155645981688708,
            0.009939599448977429,
            0.010098441258437443,
            0.009969100873567895
        ],
        "recall": [
            0.0009113065592879092,
            0.00457772597223694,
            0.009939599448977429,
            0.02019709653491576,
            0.0498463494754689
        ],
        "f1": [
            0.001656936978594686,
            0.006103677748421098,
            0.009939599448977429,
            0.01346463590381192,
            0.016615215072373672
        ],
        "overlap": [
            0.0,
            0.004408273991183452,
            0.009939599448977429,
            0.020419408504731326,
            0.050048955406075554
        ]
    }
}