{
    "ours": {
        "precision": [
            1.0,
            0.9479060698541879,
            0.7332626894140087,
            0.4999947017621939,
            0.19999660914936274
        ],
        "recall": [
            0.0999894034121013,
            0.473942990357105,
            0.7332626894140087,
            1.0,
            1.0
        ],
        "f1": [
            0.18180066662813324,
            0.6319284513330602,
            0.7332626894140089,
            0.6666619571053152,
            0.3333286238052516
        ],
        "overlap": [
            0.6284442560406952,
            0.6771787046456426,
            0.7332626894140087,
            0.7817549882908944,
            0.8500523462567128
        ]
    },
    "bl": {
        "precision": [
            1.0,
            0.9917768735164463,
            0.7580587050969588,
            0.4999947017621939,
            0.19999660914936274
        ],
        "recall": [
            0.0999894034121013,
            0.49587792730740704,
            0.7580587050969588,
            1.0,
            1.0
        ],
        "f1": [
            0.18180066662813324,
            0.6611752405442446,
            0.7580587050969589,
            0.6666619571053152,
            0.3333286238052516
        ],
        "overlap": [
            0.5888088172954642,
            0.7210495083079009,
            0.7580587050969588,
            0.7752381557893845,
            0.7744151842291537
        ]
    },
    "random": {
        "precision": [
            0.009961848240779992,
            0.010427263479145472,
            0.010384656140722688,
            0.010426932002415996,
            0.010062349266092766
        ],
        "recall": [
            0.0009960792624774822,
            0.005213521246158737,
            0.010384656140722688,
            0.02085408498463495,
            0.05031259934301155
        ],
        "f1": [
            0.001811070651022099,
            0.006951410769035138,
            0.010384656140722688,
            0.013902625109497302,
            0.016770629499071047
        ],
        "overlap": [
            0.000847816871555744,
            0.005128857239742286,
            0.010384656140722688,
            0.020482987358404595,
            0.049777687355094115
        ]
    }
}