{
    "ours": {
        "precision": [
            1.0,
            0.9420566293658867,
            0.7074282081169864,
            0.4999947017621939,
            0.19999660914936274,
            0.09999809265055874,
            0.04999904632527937
        ],
        "recall": [
            0.0999894034121013,
            0.47101833209706473,
            0.7074282081169864,
            1.0,
            1.0,
            1.0,
            1.0
        ],
        "f1": [
            0.18180066662813324,
            0.6280288794382356,
            0.7074282081169864,
            0.6666619571053152,
            0.3333286238052516,
            0.1818150291690107,
            0.095236365214355
        ],
        "overlap": [
            0.5832980076303519,
            0.6740420481519159,
            0.7074282081169864,
            0.7731082641913299,
            0.8467801753917492,
            0.8343424624728998,
            0.8915809595663111
        ]
    },
    "bl": {
        "precision": [
            1.0,
            0.9461258053577484,
            0.7496450143053937,
            0.4999947017621939,
            0.19999660914936274,
            0.09999809265055874,
            0.04999904632527937
        ],
        "recall": [
            0.0999894034121013,
            0.4730528769736145,
            0.7496450143053937,
            1.0,
            1.0,
            1.0,
            1.0
        ],
        "f1": [
            0.18180066662813324,
            0.6307416251042005,
            0.7496450143053937,
            0.6666619571053152,
            0.3333286238052516,
            0.1818150291690107,
            0.095236365214355
        ],
        "overlap": [
            0.4593047901653243,
            0.6781112241437776,
            0.7496450143053937,
            0.8003623994659377,
            0.7995032403816402,
            0.8122723101604504,
            0.8917293089672974
        ]
    },
    "random": {
        "precision": [
            0.00847816871555744,
            0.010427263479145472,
            0.010575394722899227,
            0.010236195441396192,
            0.010070826392685936,
            0.009947886974710666,
            0.009835565285392459
        ],
        "recall": [
            0.0008477270318957296,
            0.005213521246158737,
            0.010575394722899227,
            0.02047260782028187,
            0.050354985694606336,
            0.09948076719296386,
            0.19671505775140405
        ],
        "f1": [
            0.0015413367242741267,
            0.006951410769035138,
            0.010575394722899227,
            0.013648308796518693,
            0.01678475808331626,
            0.018087098588944292,
            0.018734427083175652
        ],
        "overlap": [
            0.000635862653666808,
            0.00555272973889454,
            0.010575394722899227,
            0.019327971516673554,
            0.04973954028542485,
            0.0999154408414378,
            0.19960517866566072
        ]
    }
}