{
    "ours": {
        "precision": [
            1.0,
            0.9420566293658867,
            0.7069619582494436,
            0.4999947017621939,
            0.19999660914936274,
            0.09999809265055874,
            0.04999904632527937
        ],
        "recall": [
            0.0999894034121013,
            0.47101833209706473,
            0.7069619582494436,
            1.0,
            1.0,
            1.0,
            1.0
        ],
        "f1": [
            0.18180066662813324,
            0.6280288794382356,
            0.7069619582494436,
            0.6666619571053152,
            0.3333286238052516,
            0.1818150291690107,
            0.095236365214355
        ],
        "overlap": [
            0.5832980076303519,
            0.6740420481519159,
            0.7069619582494436,
            0.7711691091542953,
            0.8532482229823379,
            0.9154747498723136,
            0.9631235178305384
        ]
    },
    "bl": {
        "precision": [
            1.0,
            0.9461258053577484,
            0.7496450143053937,
            0.4999947017621939,
            0.19999660914936274,
            0.09999809265055874,
            0.04999904632527937
        ],
        "recall": [
            0.0999894034121013,
            0.4730528769736145,
            0.7496450143053937,
            1.0,
            1.0,
            1.0,
            1.0
        ],
        "f1": [
            0.18180066662813324,
            0.6307416251042005,
            0.7496450143053937,
            0.6666619571053152,
            0.3333286238052516,
            0.1818150291690107,
            0.095236365214355
        ],
        "overlap": [
            0.4593047901653243,
            0.6781112241437776,
            0.7496450143053937,
            0.8003623994659377,
            0.7995032403816402,
            0.8122723101604504,
            0.8917293089672974
        ]
    },
    "random": {
        "precision": [
            0.00953793980500212,
            0.009876229230247542,
            0.010342269789127901,
            0.010087844782825232,
            0.010130166278838126,
            0.0100390158924594,
            0.009959542999073876
        ],
        "recall": [
            0.0009536929108826958,
            0.004938009960792624,
            0.010342269789127901,
            0.020175903359118365,
            0.05065169015576984,
            0.10039207375225177,
            0.19919465931969907
        ],
        "f1": [
            0.0017340038148083924,
            0.00658405979343572,
            0.010342269789127901,
            0.013450507219757551,
            0.01688365817303277,
            0.018252787817603134,
            0.01897057532371988
        ],
        "overlap": [
            0.00105977108944468,
            0.00508646998982706,
            0.010342269789127901,
            0.01977302349238643,
            0.050684739900563304,
            0.0994407227582816,
            0.19924596118755813
        ]
    }
}