{
    "ours": {
        "precision": [
            1.0,
            0.9487538148524923,
            0.7128748542969164,
            0.4999947017621939,
            0.19999660914936274,
            0.09999809265055874,
            0.04999904632527937
        ],
        "recall": [
            0.0999894034121013,
            0.4743668538730529,
            0.7128748542969164,
            1.0,
            1.0,
            1.0,
            1.0
        ],
        "f1": [
            0.18180066662813324,
            0.6324936066801362,
            0.7128748542969164,
            0.6666619571053152,
            0.3333286238052516,
            0.1818150291690107,
            0.095236365214355
        ],
        "overlap": [
            0.5767274268757948,
            0.6807392336385215,
            0.7128748542969164,
            0.763635014994013,
            0.8531592131531096,
            0.9170493727999254,
            0.9626435015544897
        ]
    },
    "bl": {
        "precision": [
            1.0,
            0.9672346558155307,
            0.7513616615449825,
            0.4999947017621939,
            0.19999660914936274,
            0.09999809265055874,
            0.04999904632527937
        ],
        "recall": [
            0.0999894034121013,
            0.4836070785207163,
            0.7513616615449825,
            1.0,
            1.0,
            1.0,
            1.0
        ],
        "f1": [
            0.18180066662813324,
            0.6448139932463935,
            0.7513616615449826,
            0.6666619571053152,
            0.3333286238052516,
            0.1818150291690107,
            0.095236365214355
        ],
        "overlap": [
            0.5453582026282323,
            0.6992200746015599,
            0.7513616615449825,
            0.7821046719860975,
            0.7849056283882015,
            0.8294893177834904,
            0.9057271345889344
        ]
    },
    "random": {
        "precision": [
            0.006782534972445952,
            0.009028484231943032,
            0.009833633569990462,
            0.009494442148541395,
            0.009765649835331815,
            0.009863115888432774,
            0.009954244806181508
        ],
        "recall": [
            0.0006781816255165837,
            0.00451414644484476,
            0.009833633569990462,
            0.018989085514464342,
            0.048829077037194024,
            0.09863304016106814,
            0.1990886934407121
        ],
        "f1": [
            0.0012330693794193014,
            0.006018904446359693,
            0.009833633569990462,
            0.01265930091271299,
            0.016276129050488496,
            0.01793296907391281,
            0.018960483518568418
        ],
        "overlap": [
            0.000211954217888936,
            0.0047897592404204815,
            0.009833633569990462,
            0.019667058736264318,
            0.04915037998719954,
            0.09945131914406634,
            0.1991633093784372
        ]
    }
}