{
    "ours": {
        "precision": [
            1.0,
            0.9496439471007121,
            0.7145703083607079,
            0.4999947017621939,
            0.19999660914936274,
            0.09999809265055874,
            0.04999904632527937
        ],
        "recall": [
            0.0999894034121013,
            0.47481191056479816,
            0.7145703083607079,
            1.0,
            1.0,
            1.0,
            1.0
        ],
        "f1": [
            0.18180066662813324,
            0.633087019794566,
            0.7145703083607079,
            0.6666619571053152,
            0.3333286238052516,
            0.1818150291690107,
            0.095236365214355
        ],
        "overlap": [
            0.5767274268757948,
            0.6816293658867413,
            0.7145703083607079,
            0.7680537453243051,
            0.8369255157271891,
            0.8434723084650287,
            0.9053340086763206
        ]
    },
    "bl": {
        "precision": [
            1.0,
            0.9672346558155307,
            0.7513616615449825,
            0.4999947017621939,
            0.19999660914936274,
            0.09999809265055874,
            0.04999904632527937
        ],
        "recall": [
            0.0999894034121013,
            0.4836070785207163,
            0.7513616615449825,
            1.0,
            1.0,
            1.0,
            1.0
        ],
        "f1": [
            0.18180066662813324,
            0.6448139932463935,
            0.7513616615449826,
            0.6666619571053152,
            0.3333286238052516,
            0.1818150291690107,
            0.095236365214355
        ],
        "overlap": [
            0.5453582026282323,
            0.6992200746015599,
            0.7513616615449825,
            0.7821046719860975,
            0.7849056283882015,
            0.8294893177834904,
            0.9057271345889344
        ]
    },
    "random": {
        "precision": [
            0.008266214497668503,
            0.008774160732451679,
            0.00955812228462435,
            0.009875915270581005,
            0.009803796905001081,
            0.010106832761481714,
            0.010147099027463713
        ],
        "recall": [
            0.0008265338560983364,
            0.004386987390060401,
            0.00955812228462435,
            0.019752039843170498,
            0.04901981561937056,
            0.10107025537776836,
            0.20294585143583765
        ],
        "f1": [
            0.0015028033061672734,
            0.005849357842236886,
            0.00955812228462435,
            0.013167933538670209,
            0.016339707679591968,
            0.018376091429628316,
            0.019327825226081667
        ],
        "overlap": [
            0.000847816871555744,
            0.004450661241098677,
            0.00955812228462435,
            0.019635269309427685,
            0.05001080833640629,
            0.0997183480658417,
            0.2002134112097046
        ]
    }
}