{
    "ours": {
        "precision": [
            1.0,
            0.9285350966429298,
            0.730910246900498,
            0.4999947017621939,
            0.19999660914936274,
            0.09999809265055874,
            0.04999904632527937
        ],
        "recall": [
            0.0999894034121013,
            0.4642577090176963,
            0.730910246900498,
            1.0,
            1.0,
            1.0,
            1.0
        ],
        "f1": [
            0.18180066662813324,
            0.619014651652373,
            0.730910246900498,
            0.6666619571053152,
            0.3333286238052516,
            0.1818150291690107,
            0.095236365214355
        ],
        "overlap": [
            0.5582874099194574,
            0.660520515428959,
            0.730910246900498,
            0.7828464252789522,
            0.8524174645762073,
            0.9135334919965498,
            0.9633227298832914
        ]
    },
    "bl": {
        "precision": [
            1.0,
            1.0,
            0.8587262901345767,
            0.4999947017621939,
            0.19999660914936274,
            0.09999809265055874,
            0.04999904632527937
        ],
        "recall": [
            0.0999894034121013,
            0.4999894034121013,
            0.8587262901345767,
            1.0,
            1.0,
            1.0,
            1.0
        ],
        "f1": [
            0.18180066662813324,
            0.6666572474108821,
            0.8587262901345767,
            0.6666619571053152,
            0.3333286238052516,
            0.1818150291690107,
            0.095236365214355
        ],
        "overlap": [
            0.7530733361593895,
            0.8484231943031536,
            0.8587262901345767,
            0.8483750304648674,
            0.8405664415989557,
            0.8515997363619217,
            0.8774697526167775
        ]
    },
    "random": {
        "precision": [
            0.006782534972445952,
            0.00932519498134961,
            0.00921903147186606,
            0.010056055355988597,
            0.010214937544769825,
            0.010068685772656662,
            0.01005385083255803
        ],
        "recall": [
            0.0006781816255165837,
            0.004662498675426513,
            0.00921903147186606,
            0.020112323831726186,
            0.051075553671717705,
            0.10068877821341528,
            0.20108085196566705
        ],
        "f1": [
            0.0012330693794193014,
            0.006216708817836303,
            0.00921903147186606,
            0.013408121167594449,
            0.017024944015484926,
            0.018306733147864147,
            0.01915020945541592
        ],
        "overlap": [
            0.000423908435777872,
            0.004365886741268227,
            0.00921903147186606,
            0.02003793538269172,
            0.05024392931771847,
            0.10092421676814473,
            0.20027487024725607
        ]
    }
}