{
    "ours": {
        "precision": [
            1.0,
            0.9286198711427602,
            0.731228144537459,
            0.4999947017621939,
            0.19999660914936274,
            0.09999809265055874,
            0.04999904632527937
        ],
        "recall": [
            0.0999894034121013,
            0.46430009536929107,
            0.731228144537459,
            1.0,
            1.0,
            1.0,
            1.0
        ],
        "f1": [
            0.18180066662813324,
            0.6190711671870804,
            0.731228144537459,
            0.6666619571053152,
            0.3333286238052516,
            0.1818150291690107,
            0.095236365214355
        ],
        "overlap": [
            0.5582874099194574,
            0.6606052899287894,
            0.731228144537459,
            0.780027762766104,
            0.8539814944326471,
            0.8678291608298242,
            0.8825062147802627
        ]
    },
    "bl": {
        "precision": [
            1.0,
            1.0,
            0.8587262901345767,
            0.4999947017621939,
            0.19999660914936274,
            0.09999809265055874,
            0.04999904632527937
        ],
        "recall": [
            0.0999894034121013,
            0.4999894034121013,
            0.8587262901345767,
            1.0,
            1.0,
            1.0,
            1.0
        ],
        "f1": [
            0.18180066662813324,
            0.6666572474108821,
            0.8587262901345767,
            0.6666619571053152,
            0.3333286238052516,
            0.1818150291690107,
            0.095236365214355
        ],
        "overlap": [
            0.7530733361593895,
            0.8484231943031536,
            0.8587262901345767,
            0.8483750304648674,
            0.8405664415989557,
            0.8515997363619217,
            0.8774697526167775
        ]
    },
    "random": {
        "precision": [
            0.0105977108944468,
            0.009621905730756188,
            0.009473349581434778,
            0.009780546990071103,
            0.0099394309304918,
            0.01005385083255803,
            0.01000722673510519
        ],
        "recall": [
            0.0010596587898696619,
            0.004810850906008265,
            0.009473349581434778,
            0.01956130126099396,
            0.049697997244887146,
            0.10054042598283353,
            0.20014835223058175
        ],
        "f1": [
            0.0019266709053426582,
            0.006414513189312912,
            0.009473349581434778,
            0.013040775382180902,
            0.01656576502751542,
            0.018279760482733644,
            0.019061401570083042
        ],
        "overlap": [
            0.000847816871555744,
            0.005001695489996609,
            0.009473349581434778,
            0.019582286931366627,
            0.049680200399272664,
            0.0996060263765235,
            0.19986796903312218
        ]
    }
}