{
    "ours": {
        "precision": [
            1.0,
            0.9222193964055612,
            0.7306771219667267,
            0.4999947017621939,
            0.19999660914936274,
            0.09999809265055874,
            0.04999904632527937
        ],
        "recall": [
            0.0999894034121013,
            0.4610999258238847,
            0.7306771219667267,
            1.0,
            1.0,
            1.0,
            1.0
        ],
        "f1": [
            0.18180066662813324,
            0.6148042443166565,
            0.7306771219667267,
            0.6666619571053152,
            0.3333286238052516,
            0.1818150291690107,
            0.095236365214355
        ],
        "overlap": [
            0.6761339550657058,
            0.6507714479484571,
            0.7306771219667267,
            0.7752063663625478,
            0.7916152740866955,
            0.8004870098906665,
            0.8646491854558247
        ]
    },
    "bl": {
        "precision": [
            1.0,
            0.8827568667344863,
            0.6461587368867224,
            0.4999947017621939,
            0.19999660914936274,
            0.09999809265055874,
            0.04999904632527937
        ],
        "recall": [
            0.0999894034121013,
            0.4413690791565116,
            0.6461587368867224,
            1.0,
            1.0,
            1.0,
            1.0
        ],
        "f1": [
            0.18180066662813324,
            0.5884962629102674,
            0.6461587368867224,
            0.6666619571053152,
            0.3333286238052516,
            0.1818150291690107,
            0.095236365214355
        ],
        "overlap": [
            0.5186519711742263,
            0.6113089182773822,
            0.6461587368867224,
            0.6810460840724375,
            0.7267525399590555,
            0.7809621094437109,
            0.86194498780356
        ]
    },
    "random": {
        "precision": [
            0.010809665112335736,
            0.010978297728043405,
            0.010575394722899227,
            0.01037394962435494,
            0.010104734899058615,
            0.009875831551374456,
            0.009959542999073876
        ],
        "recall": [
            0.0010808519656670553,
            0.005489032531524849,
            0.010575394722899227,
            0.020748119105647982,
            0.05052453110098548,
            0.0987601992158525,
            0.19919465931969907
        ],
        "f1": [
            0.0019652043234495114,
            0.007318761744634555,
            0.010575394722899227,
            0.013831981689225467,
            0.016841272420297124,
            0.01795608850116753,
            0.01897057532371988
        ],
        "overlap": [
            0.00105977108944468,
            0.0058918277382163445,
            0.010575394722899227,
            0.019730637589937587,
            0.04975225597531461,
            0.0995657601105415,
            0.2000523461457766
        ]
    }
}