{
    "ours": {
        "precision": [
            1.0,
            0.9220498474059003,
            0.7302956448023736,
            0.4999947017621939,
            0.19999660914936274,
            0.09999809265055874,
            0.04999904632527937
        ],
        "recall": [
            0.0999894034121013,
            0.46101515312069513,
            0.7302956448023736,
            1.0,
            1.0,
            1.0,
            1.0
        ],
        "f1": [
            0.18180066662813324,
            0.6146912132472414,
            0.7302956448023737,
            0.6666619571053152,
            0.3333286238052516,
            0.1818150291690107,
            0.095236365214355
        ],
        "overlap": [
            0.6759220008478168,
            0.6506018989487962,
            0.7302956448023736,
            0.7783641160949868,
            0.8523326933102755,
            0.9006970302569199,
            0.9512513271973195
        ]
    },
    "bl": {
        "precision": [
            1.0,
            0.8827568667344863,
            0.6461587368867224,
            0.4999947017621939,
            0.19999660914936274,
            0.09999809265055874,
            0.04999904632527937
        ],
        "recall": [
            0.0999894034121013,
            0.4413690791565116,
            0.6461587368867224,
            1.0,
            1.0,
            1.0,
            1.0
        ],
        "f1": [
            0.18180066662813324,
            0.5884962629102674,
            0.6461587368867224,
            0.6666619571053152,
            0.3333286238052516,
            0.1818150291690107,
            0.095236365214355
        ],
        "overlap": [
            0.5186519711742263,
            0.6113089182773822,
            0.6461587368867224,
            0.6810460840724375,
            0.7267525399590555,
            0.7809621094437109,
            0.86194498780356
        ]
    },
    "random": {
        "precision": [
            0.011445527766002543,
            0.009240420481519159,
            0.009918406273180035,
            0.00999247650231533,
            0.010164074785210805,
            0.010011465289419085,
            0.010035836976723979
        ],
        "recall": [
            0.001144431493059235,
            0.004620112323831726,
            0.009918406273180035,
            0.019985164776941823,
            0.050821235562148986,
            0.10011656246688566,
            0.20072056797711138
        ],
        "f1": [
            0.0020808045777700713,
            0.0061601932831287,
            0.009918406273180035,
            0.013323349063268248,
            0.016940172510013632,
            0.0182026957252179,
            0.019115897317900945
        ],
        "overlap": [
            0.0019075879610004239,
            0.0047897592404204815,
            0.009918406273180035,
            0.020472390882792384,
            0.049887890000805325,
            0.09994299144447812,
            0.1992841081763832
        ]
    }
}