{
    "ours": {
        "precision": [
            1.0,
            0.950746015598508,
            0.7184486595316308,
            0.4999947017621939,
            0.19999660914936274,
            0.09999809265055874,
            0.04999904632527937
        ],
        "recall": [
            0.0999894034121013,
            0.47536293313553035,
            0.7184486595316308,
            1.0,
            1.0,
            1.0,
            1.0
        ],
        "f1": [
            0.18180066662813324,
            0.6338217217457649,
            0.7184486595316308,
            0.6666619571053152,
            0.3333286238052516,
            0.1818150291690107,
            0.095236365214355
        ],
        "overlap": [
            0.539635438745231,
            0.6792980671414038,
            0.7184486595316308,
            0.7776859416558053,
            0.85365512505881,
            0.9089918810492117,
            0.9576112779453184
        ]
    },
    "bl": {
        "precision": [
            1.0,
            0.8986096982027806,
            0.7098442301578891,
            0.4999947017621939,
            0.19999660914936274,
            0.09999809265055874,
            0.04999904632527937
        ],
        "recall": [
            0.0999894034121013,
            0.44929532690473667,
            0.7098442301578891,
            1.0,
            1.0,
            1.0,
            1.0
        ],
        "f1": [
            0.18180066662813324,
            0.5990646679005891,
            0.7098442301578891,
            0.6666619571053152,
            0.3333286238052516,
            0.1818150291690107,
            0.095236365214355
        ],
        "overlap": [
            0.3821534548537516,
            0.6271617497456765,
            0.7098442301578891,
            0.7799535874368185,
            0.8008722963264372,
            0.8294172623601542,
            0.9093913647932963
        ]
    },
    "random": {
        "precision": [
            0.012929207291225096,
            0.01093591047812818,
            0.010151531206951362,
            0.009833529368132159,
            0.009663924316213776,
            0.00996060263765235,
            0.010001928542212822
        ],
        "recall": [
            0.0012927837236409877,
            0.005467839355727456,
            0.010151531206951362,
            0.019667267139980925,
            0.04832044081805659,
            0.09960792624774822,
            0.2000423863515948
        ],
        "f1": [
            0.0023505385045180438,
            0.007290503977280754,
            0.010151531206951362,
            0.013111418802452741,
            0.016106586039545907,
            0.01811021801619901,
            0.019051309764931582
        ],
        "overlap": [
            0.000847816871555744,
            0.00546795523906409,
            0.010151531206951362,
            0.019783619967998645,
            0.049917559943881425,
            0.1007080504981361,
            0.20056944977207175
        ]
    }
}