{
    "ours": {
        "precision": [
            1.0,
            0.9512546625974907,
            0.7190844548055526,
            0.4999947017621939,
            0.19999660914936274,
            0.09999809265055874,
            0.04999904632527937
        ],
        "recall": [
            0.0999894034121013,
            0.47561725124509907,
            0.7190844548055526,
            1.0,
            1.0,
            1.0,
            1.0
        ],
        "f1": [
            0.18180066662813324,
            0.6341608149540104,
            0.7190844548055526,
            0.6666619571053152,
            0.3333286238052516,
            0.1818150291690107,
            0.095236365214355
        ],
        "overlap": [
            0.5400593471810089,
            0.6798067141403866,
            0.7190844548055526,
            0.7767534518019307,
            0.8331828643363046,
            0.8378435083361767,
            0.9094157364806011
        ]
    },
    "bl": {
        "precision": [
            1.0,
            0.8986096982027806,
            0.7098442301578891,
            0.4999947017621939,
            0.19999660914936274,
            0.09999809265055874,
            0.04999904632527937
        ],
        "recall": [
            0.0999894034121013,
            0.44929532690473667,
            0.7098442301578891,
            1.0,
            1.0,
            1.0,
            1.0
        ],
        "f1": [
            0.18180066662813324,
            0.5990646679005891,
            0.7098442301578891,
            0.6666619571053152,
            0.3333286238052516,
            0.1818150291690107,
            0.095236365214355
        ],
        "overlap": [
            0.3821534548537516,
            0.6271617497456765,
            0.7098442301578891,
            0.7799535874368185,
            0.8008722963264372,
            0.8294172623601542,
            0.9093913647932963
        ]
    },
    "random": {
        "precision": [
            0.009114031369224248,
            0.008646998982706003,
            0.009007099713892127,
            0.009494442148541395,
            0.009735979892255721,
            0.009814372513822986,
            0.009929873118876614
        ],
        "recall": [
            0.0009113065592879092,
            0.004323407862668221,
            0.009007099713892127,
            0.018989085514464342,
            0.04868072480661227,
            0.09814559711772809,
            0.19860125039737206
        ],
        "f1": [
            0.001656936978594686,
            0.005764584540175481,
            0.009007099713892127,
            0.01265930091271299,
            0.01622667900563024,
            0.01784434460276971,
            0.01891406121487169
        ],
        "overlap": [
            0.001483679525222552,
            0.004535435740929129,
            0.009007099713892127,
            0.019730637589937587,
            0.04996418414014386,
            0.09971199023437086,
            0.19994320337219382
        ]
    }
}