{
    "ours": {
        "precision": [
            1.0,
            0.9725754493048491,
            0.7328388258980608,
            0.4999947017621939,
            0.19999660914936274
        ],
        "recall": [
            0.0999894034121013,
            0.4862774186711879,
            0.7328388258980608,
            1.0,
            1.0
        ],
        "f1": [
            0.18180066662813324,
            0.6483744719329725,
            0.7328388258980608,
            0.6666619571053152,
            0.3333286238052516
        ],
        "overlap": [
            0.6445527766002543,
            0.7018480840963038,
            0.7328388258980608,
            0.777272679106929,
            0.8558040766501787
        ]
    },
    "bl": {
        "precision": [
            1.0,
            0.9085283146829434,
            0.6882483840203455,
            0.4999947017621939,
            0.19999660914936274
        ],
        "recall": [
            0.0999894034121013,
            0.4542545300413267,
            0.6882483840203455,
            1.0,
            1.0
        ],
        "f1": [
            0.18180066662813324,
            0.6056769854613788,
            0.6882483840203455,
            0.6666619571053152,
            0.3333286238052516
        ],
        "overlap": [
            0.49682068673166596,
            0.6378009494743981,
            0.6882483840203455,
            0.735564951097265,
            0.7732283865061099
        ]
    },
    "random": {
        "precision": [
            0.009749894022891056,
            0.008731773482536453,
            0.00974886086680089,
            0.009812336416907737,
            0.009782604088518157
        ],
        "recall": [
            0.000974886086680089,
            0.004365794214263008,
            0.00974886086680089,
            0.01962488078838614,
            0.0489138497403836
        ],
        "f1": [
            0.0017725372329152455,
            0.005821100074883084,
            0.00974886086680089,
            0.013083161434344006,
            0.016304386218978926
        ],
        "overlap": [
            0.000635862653666808,
            0.004069175991861648,
            0.00974886086680089,
            0.019794216443610856,
            0.049205481310055144
        ]
    }
}