{
    "ours": {
        "precision": [
            1.0,
            0.9726178365547643,
            0.7329235986012504,
            0.4999947017621939,
            0.19999660914936274
        ],
        "recall": [
            0.0999894034121013,
            0.48629861184698525,
            0.7329235986012504,
            1.0,
            1.0
        ],
        "f1": [
            0.18180066662813324,
            0.6484027297003263,
            0.7329235986012503,
            0.6666619571053152,
            0.3333286238052516
        ],
        "overlap": [
            0.6445527766002543,
            0.7018904713462191,
            0.7329235986012504,
            0.7776647487045809,
            0.8164574935679803
        ]
    },
    "bl": {
        "precision": [
            1.0,
            0.9085283146829434,
            0.6882483840203455,
            0.4999947017621939,
            0.19999660914936274
        ],
        "recall": [
            0.0999894034121013,
            0.4542545300413267,
            0.6882483840203455,
            1.0,
            1.0
        ],
        "f1": [
            0.18180066662813324,
            0.6056769854613788,
            0.6882483840203455,
            0.6666619571053152,
            0.3333286238052516
        ],
        "overlap": [
            0.49682068673166596,
            0.6378009494743981,
            0.6882483840203455,
            0.735564951097265,
            0.7732283865061099
        ]
    },
    "random": {
        "precision": [
            0.010809665112335736,
            0.011953204476093592,
            0.011020451414644484,
            0.010501107331701476,
            0.009943669493788386
        ],
        "recall": [
            0.0010808519656670553,
            0.005976475574864894,
            0.011020451414644484,
            0.0210024372152167,
            0.04971919042068454
        ],
        "f1": [
            0.0019652043234495114,
            0.00796869039377199,
            0.011020451414644484,
            0.01400152589787787,
            0.016572829319638025
        ],
        "overlap": [
            0.00105977108944468,
            0.0060613767378772465,
            0.011020451414644484,
            0.02082207457799536,
            0.05027783782409115
        ]
    }
}