{
    "ours": {
        "precision": [
            1.0,
            0.9710495083079009,
            0.7091024690049804,
            0.4999947017621939,
            0.19999660914936274,
            0.09999809265055874,
            0.04999904632527937
        ],
        "recall": [
            0.0999894034121013,
            0.48551446434248174,
            0.7091024690049804,
            1.0,
            1.0,
            1.0,
            1.0
        ],
        "f1": [
            0.18180066662813324,
            0.6473571923082357,
            0.7091024690049804,
            0.6666619571053152,
            0.3333286238052516,
            0.1818150291690107,
            0.095236365214355
        ],
        "overlap": [
            0.5498092412039,
            0.7030349270939301,
            0.7091024690049804,
            0.776721662375094,
            0.8509848301819615,
            0.9137581353751862,
            0.9621338153982439
        ]
    },
    "bl": {
        "precision": [
            1.0,
            1.0,
            0.8152590865741232,
            0.4999947017621939,
            0.19999660914936274,
            0.09999809265055874,
            0.04999904632527937
        ],
        "recall": [
            0.0999894034121013,
            0.4999894034121013,
            0.8152590865741232,
            1.0,
            1.0,
            1.0,
            1.0
        ],
        "f1": [
            0.18180066662813324,
            0.6666572474108821,
            0.8152590865741232,
            0.6666619571053152,
            0.3333286238052516,
            0.1818150291690107,
            0.095236365214355
        ],
        "overlap": [
            0.53984739296312,
            0.7493641912512716,
            0.8152590865741232,
            0.8523063229169978,
            0.8374214276328895,
            0.8417514554135875,
            0.8768360887468503
        ]
    },
    "random": {
        "precision": [
            0.01165748198389148,
            0.010215327229569346,
            0.009854826745787856,
            0.009515635099765819,
            0.009863136791153271,
            0.009930932757455086,
            0.010008286373683664
        ],
        "recall": [
            0.0011656246688566282,
            0.005107555367171771,
            0.009854826745787856,
            0.01903147186605913,
            0.04931652008053407,
            0.09931122178658472,
            0.20016954540637916
        ],
        "f1": [
            0.002119337995876924,
            0.006810121932266132,
            0.009854826745787856,
            0.012687558280821725,
            0.016438607769308475,
            0.018056272685937992,
            0.019063419931113337
        ],
        "overlap": [
            0.000635862653666808,
            0.004662597490674805,
            0.009854826745787856,
            0.018946498394633946,
            0.049921798507178004,
            0.09982431192368907,
            0.20007141964018912
        ]
    }
}