{
    "ours": {
        "precision": [
            1.0,
            0.9710495083079009,
            0.7091660485323725,
            0.4999947017621939,
            0.19999660914936274,
            0.09999809265055874,
            0.04999904632527937
        ],
        "recall": [
            0.0999894034121013,
            0.48551446434248174,
            0.7091660485323725,
            1.0,
            1.0,
            1.0,
            1.0
        ],
        "f1": [
            0.18180066662813324,
            0.6473571923082357,
            0.7091660485323725,
            0.6666619571053152,
            0.3333286238052516,
            0.1818150291690107,
            0.095236365214355
        ],
        "overlap": [
            0.5498092412039,
            0.7030349270939301,
            0.7091660485323725,
            0.7767322588507063,
            0.8652136871685974,
            0.8603438739114863,
            0.8832023973263199
        ]
    },
    "bl": {
        "precision": [
            1.0,
            1.0,
            0.8152590865741232,
            0.4999947017621939,
            0.19999660914936274,
            0.09999809265055874,
            0.04999904632527937
        ],
        "recall": [
            0.0999894034121013,
            0.4999894034121013,
            0.8152590865741232,
            1.0,
            1.0,
            1.0,
            1.0
        ],
        "f1": [
            0.18180066662813324,
            0.6666572474108821,
            0.8152590865741232,
            0.6666619571053152,
            0.3333286238052516,
            0.1818150291690107,
            0.095236365214355
        ],
        "overlap": [
            0.53984739296312,
            0.7493641912512716,
            0.8152590865741232,
            0.8523063229169978,
            0.8374214276328895,
            0.8417514554135875,
            0.8768360887468503
        ]
    },
    "random": {
        "precision": [
            0.009961848240779992,
            0.011232621227534758,
            0.010448235668114867,
            0.010352756673130516,
            0.010181029038397144,
            0.010161933967562344,
            0.010093057459961556
        ],
        "recall": [
            0.0009960792624774822,
            0.005616191586309208,
            0.010448235668114867,
            0.020705732754053196,
            0.05090600826533856,
            0.10162127794850058,
            0.20186499947017061
        ],
        "f1": [
            0.001811070651022099,
            0.007488308348757365,
            0.010448235668114867,
            0.013803724321116729,
            0.016968429678504066,
            0.01847627561439878,
            0.019224888813536744
        ],
        "overlap": [
            0.00105977108944468,
            0.005976602238046796,
            0.010448235668114867,
            0.02006972480952835,
            0.05024392931771847,
            0.10037532398449536,
            0.20005976361582592
        ]
    }
}