{
    "ours": {
        "precision": [
            1.0,
            0.98872499152255,
            0.759415068347992,
            0.4999947017621939,
            0.19999660914936274,
            0.09999809265055874,
            0.04999904632527937
        ],
        "recall": [
            0.0999894034121013,
            0.49435201864999473,
            0.759415068347992,
            1.0,
            1.0,
            1.0,
            1.0
        ],
        "f1": [
            0.18180066662813324,
            0.6591406812947709,
            0.759415068347992,
            0.6666619571053152,
            0.3333286238052516,
            0.1818150291690107,
            0.095236365214355
        ],
        "overlap": [
            0.6894870707927088,
            0.6989657511020685,
            0.759415068347992,
            0.806148075150205,
            0.8451313742693777,
            0.8380660324376562,
            0.9106279630143751
        ]
    },
    "bl": {
        "precision": [
            1.0,
            0.9950830790098338,
            0.7646709759457455,
            0.4999947017621939,
            0.19999660914936274,
            0.09999809265055874,
            0.04999904632527937
        ],
        "recall": [
            0.0999894034121013,
            0.4975309950196037,
            0.7646709759457455,
            1.0,
            1.0,
            1.0,
            1.0
        ],
        "f1": [
            0.18180066662813324,
            0.6633793463978411,
            0.7646709759457456,
            0.6666619571053152,
            0.3333286238052516,
            0.1818150291690107,
            0.095236365214355
        ],
        "overlap": [
            0.4970326409495549,
            0.7053238385893523,
            0.7646709759457455,
            0.8064235835161225,
            0.818072386183979,
            0.8268169092885799,
            0.910569682892559
        ]
    },
    "random": {
        "precision": [
            0.009114031369224248,
            0.009961003730077992,
            0.010024372152167001,
            0.01029977429506946,
            0.00989704529752595,
            0.009918217094513404,
            0.009971199023437086
        ],
        "recall": [
            0.0009113065592879092,
            0.004980396312387411,
            0.010024372152167001,
            0.02059976687506623,
            0.049486065486913214,
            0.09918406273180036,
            0.19942778425347038
        ],
        "f1": [
            0.001656936978594686,
            0.006640575328143323,
            0.010024372152167001,
            0.013733080900844895,
            0.01649512210628934,
            0.018033153258683272,
            0.018992777295053095
        ],
        "overlap": [
            0.000847816871555744,
            0.004577822990844354,
            0.010024372152167001,
            0.02013330366320162,
            0.05035837052672626,
            0.09963569625672075,
            0.20023566361985254
        ]
    }
}