{
    "ours": {
        "precision": [
            1.0,
            0.98872499152255,
            0.7592879092932076,
            0.4999947017621939,
            0.19999660914936274,
            0.09999809265055874,
            0.04999904632527937
        ],
        "recall": [
            0.0999894034121013,
            0.49435201864999473,
            0.7592879092932076,
            1.0,
            1.0,
            1.0,
            1.0
        ],
        "f1": [
            0.18180066662813324,
            0.6591406812947709,
            0.7592879092932076,
            0.6666619571053152,
            0.3333286238052516,
            0.1818150291690107,
            0.095236365214355
        ],
        "overlap": [
            0.6894870707927088,
            0.6989657511020685,
            0.7592879092932076,
            0.8058831632598997,
            0.8634462062739214,
            0.9160808631392005,
            0.9611981545334517
        ]
    },
    "bl": {
        "precision": [
            1.0,
            0.9950830790098338,
            0.7646709759457455,
            0.4999947017621939,
            0.19999660914936274,
            0.09999809265055874,
            0.04999904632527937
        ],
        "recall": [
            0.0999894034121013,
            0.4975309950196037,
            0.7646709759457455,
            1.0,
            1.0,
            1.0,
            1.0
        ],
        "f1": [
            0.18180066662813324,
            0.6633793463978411,
            0.7646709759457456,
            0.6666619571053152,
            0.3333286238052516,
            0.1818150291690107,
            0.095236365214355
        ],
        "overlap": [
            0.4970326409495549,
            0.7053238385893523,
            0.7646709759457455,
            0.8064235835161225,
            0.818072386183979,
            0.8268169092885799,
            0.910569682892559
        ]
    },
    "random": {
        "precision": [
            0.010173802458668928,
            0.010300101729399797,
            0.009664088163611317,
            0.009674582233948988,
            0.00988856817093278,
            0.010011465289419085,
            0.010054910471136505
        ],
        "recall": [
            0.0010172724382748754,
            0.0051499417187665575,
            0.009664088163611317,
            0.019349369503020027,
            0.04944367913531843,
            0.10011656246688566,
            0.20110204514146446
        ],
        "f1": [
            0.0018496040691289518,
            0.006866637466973735,
            0.009664088163611317,
            0.012899488541637232,
            0.016480993522044123,
            0.0182026957252179,
            0.019152227816446214
        ],
        "overlap": [
            0.00105977108944468,
            0.0049593082400813835,
            0.009664088163611317,
            0.019433936272795667,
            0.04953185068389219,
            0.0997225866201556,
            0.19996651542092023
        ]
    }
}