{
    "ours": {
        "precision": [
            1.0,
            0.9774499830451,
            0.7182155345978595,
            0.4999947017621939,
            0.19999660914936274
        ],
        "recall": [
            0.0999894034121013,
            0.4887146338878881,
            0.7182155345978595,
            1.0,
            1.0
        ],
        "f1": [
            0.18180066662813324,
            0.6516241151786597,
            0.7182155345978595,
            0.6666619571053152,
            0.3333286238052516
        ],
        "overlap": [
            0.6320474777448071,
            0.7067226178365548,
            0.7182155345978595,
            0.7861207362431255,
            0.8423635924367077
        ]
    },
    "bl": {
        "precision": [
            1.0,
            1.0,
            0.7837236409876019,
            0.4999947017621939,
            0.19999660914936274
        ],
        "recall": [
            0.0999894034121013,
            0.4999894034121013,
            0.7837236409876019,
            1.0,
            1.0
        ],
        "f1": [
            0.18180066662813324,
            0.6666572474108821,
            0.7837236409876019,
            0.6666619571053152,
            0.3333286238052516
        ],
        "overlap": [
            0.5375158965663417,
            0.7307138012885724,
            0.7837236409876019,
            0.8157272891036441,
            0.8045344150146866
        ]
    },
    "random": {
        "precision": [
            0.00847816871555744,
            0.008646998982706003,
            0.009324997350853025,
            0.009441459770480339,
            0.010003009379940576
        ],
        "recall": [
            0.0008477270318957296,
            0.004323407862668221,
            0.009324997350853025,
            0.018883119635477376,
            0.050015894881848044
        ],
        "f1": [
            0.0015413367242741267,
            0.005764584540175481,
            0.009324997350853025,
            0.012588657492441155,
            0.016671729409354536
        ],
        "overlap": [
            0.00105977108944468,
            0.004365886741268227,
            0.009324997350853025,
            0.019476322175244514,
            0.050061671095965314
        ]
    }
}