{
    "ours": {
        "precision": [
            1.0,
            0.9763903017972194,
            0.7161174101939176,
            0.4999947017621939,
            0.19999660914936274
        ],
        "recall": [
            0.0999894034121013,
            0.48818480449295326,
            0.7161174101939176,
            1.0,
            1.0
        ],
        "f1": [
            0.18180066662813324,
            0.6509176709948147,
            0.7161174101939176,
            0.6666619571053152,
            0.3333286238052516
        ],
        "overlap": [
            0.6320474777448071,
            0.7056629365886741,
            0.7161174101939176,
            0.7858876137796569,
            0.8492003950340993
        ]
    },
    "bl": {
        "precision": [
            1.0,
            1.0,
            0.7837236409876019,
            0.4999947017621939,
            0.19999660914936274
        ],
        "recall": [
            0.0999894034121013,
            0.4999894034121013,
            0.7837236409876019,
            1.0,
            1.0
        ],
        "f1": [
            0.18180066662813324,
            0.6666572474108821,
            0.7837236409876019,
            0.6666619571053152,
            0.3333286238052516
        ],
        "overlap": [
            0.5375158965663417,
            0.7307138012885724,
            0.7837236409876019,
            0.8157272891036441,
            0.8045344150146866
        ]
    },
    "random": {
        "precision": [
            0.009325985587113183,
            0.010003390979993218,
            0.010299883437533115,
            0.010183213063335134,
            0.00989704529752595
        ],
        "recall": [
            0.0009324997350853026,
            0.005001589488184804,
            0.010299883437533115,
            0.020366641941294904,
            0.049486065486913214
        ],
        "f1": [
            0.0016954703967015394,
            0.006668833095497124,
            0.010299883437533115,
            0.013577665376246856,
            0.01649512210628934
        ],
        "overlap": [
            0.000635862653666808,
            0.00508646998982706,
            0.010299883437533115,
            0.020504180309629017,
            0.050252406444311636
        ]
    }
}