{
    "ours": {
        "precision": [
            1.0,
            0.9914377755171244,
            0.7221150789445798,
            0.4999947017621939,
            0.19999660914936274
        ],
        "recall": [
            0.0999894034121013,
            0.4957083819010279,
            0.7221150789445798,
            1.0,
            1.0
        ],
        "f1": [
            0.18180066662813324,
            0.6609491784054142,
            0.7221150789445798,
            0.6666619571053152,
            0.3333286238052516
        ],
        "overlap": [
            0.6672318779143704,
            0.715793489318413,
            0.7221150789445798,
            0.7851670534380265,
            0.8186615464822043
        ]
    },
    "bl": {
        "precision": [
            1.0,
            0.965793489318413,
            0.7446434248172089,
            0.4999947017621939,
            0.19999660914936274
        ],
        "recall": [
            0.0999894034121013,
            0.482886510543605,
            0.7446434248172089,
            1.0,
            1.0
        ],
        "f1": [
            0.18180066662813324,
            0.6438532291563644,
            0.7446434248172089,
            0.6666619571053152,
            0.3333286238052516
        ],
        "overlap": [
            0.48855447223399745,
            0.6901492031197016,
            0.7446434248172089,
            0.7736274914963284,
            0.7591987419944136
        ]
    },
    "random": {
        "precision": [
            0.009114031369224248,
            0.009537131230925738,
            0.009770054042598283,
            0.009759354038846679,
            0.009977578000161065
        ],
        "recall": [
            0.0009113065592879092,
            0.004768464554413479,
            0.009770054042598283,
            0.019518914909399172,
            0.049888735827063685
        ],
        "f1": [
            0.001656936978594686,
            0.006357997654605309,
            0.009770054042598283,
            0.013012518014072168,
            0.016629343656618886
        ],
        "overlap": [
            0.000423908435777872,
            0.004704984740590031,
            0.009770054042598283,
            0.01982600587044749,
            0.04906984728456443
        ]
    }
}