{
    "ours": {
        "precision": [
            1.0,
            0.9912258392675484,
            0.7212249655610893,
            0.4999947017621939,
            0.19999660914936274
        ],
        "recall": [
            0.0999894034121013,
            0.4956024160220409,
            0.7212249655610893,
            1.0,
            1.0
        ],
        "f1": [
            0.18180066662813324,
            0.6608078895686452,
            0.7212249655610893,
            0.6666619571053152,
            0.3333286238052516
        ],
        "overlap": [
            0.6670199236964816,
            0.7155815530688369,
            0.7212249655610893,
            0.7819775142787508,
            0.8547232430095495
        ]
    },
    "bl": {
        "precision": [
            1.0,
            0.965793489318413,
            0.7446434248172089,
            0.4999947017621939,
            0.19999660914936274
        ],
        "recall": [
            0.0999894034121013,
            0.482886510543605,
            0.7446434248172089,
            1.0,
            1.0
        ],
        "f1": [
            0.18180066662813324,
            0.6438532291563644,
            0.7446434248172089,
            0.6666619571053152,
            0.3333286238052516
        ],
        "overlap": [
            0.48855447223399745,
            0.6901492031197016,
            0.7446434248172089,
            0.7736274914963284,
            0.7591987419944136
        ]
    },
    "random": {
        "precision": [
            0.009749894022891056,
            0.009961003730077992,
            0.009939599448977429,
            0.009674582233948988,
            0.010011486506533745
        ],
        "recall": [
            0.000974886086680089,
            0.004980396312387411,
            0.009939599448977429,
            0.019349369503020027,
            0.05005828123344283
        ],
        "f1": [
            0.0017725372329152455,
            0.006640575328143323,
            0.009939599448977429,
            0.012899488541637232,
            0.01668585799359975
        ],
        "overlap": [
            0.0,
            0.004620210240759579,
            0.009939599448977429,
            0.019645865785039896,
            0.05001080833640629
        ]
    }
}