{
    "ours": {
        "precision": [
            1.0,
            1.0,
            0.7500476846455442,
            0.4999947017621939,
            0.19999660914936274,
            0.09999809265055874,
            0.04999904632527937
        ],
        "recall": [
            0.0999894034121013,
            0.4999894034121013,
            0.7500476846455442,
            1.0,
            1.0,
            1.0,
            1.0
        ],
        "f1": [
            0.18180066662813324,
            0.6666572474108821,
            0.7500476846455442,
            0.6666619571053152,
            0.3333286238052516,
            0.1818150291690107,
            0.095236365214355
        ],
        "overlap": [
            0.6941500635862654,
            0.7146066463207867,
            0.7500476846455442,
            0.7996418391243073,
            0.8288807225902708,
            0.8185326548820728,
            0.8706583958343488
        ]
    },
    "bl": {
        "precision": [
            1.0,
            0.9743981010512038,
            0.7400021193175798,
            0.4999947017621939,
            0.19999660914936274,
            0.09999809265055874,
            0.04999904632527937
        ],
        "recall": [
            0.0999894034121013,
            0.4871887252304758,
            0.7400021193175798,
            1.0,
            1.0,
            1.0,
            1.0
        ],
        "f1": [
            0.18180066662813324,
            0.6495895559291861,
            0.7400021193175798,
            0.6666619571053152,
            0.3333286238052516,
            0.1818150291690107,
            0.095236365214355
        ],
        "overlap": [
            0.539635438745231,
            0.6846388606307223,
            0.7400021193175798,
            0.7747189284843861,
            0.7875759232650501,
            0.7960110965351938,
            0.8696422024375926
        ]
    },
    "random": {
        "precision": [
            0.008902077151335312,
            0.009282807731434384,
            0.00968528133940871,
            0.010426932002415996,
            0.010214937544769825,
            0.010229750836584658,
            0.010152397220356081
        ],
        "recall": [
            0.000890113383490516,
            0.004641305499629119,
            0.00968528133940871,
            0.02085408498463495,
            0.051075553671717705,
            0.10229945957401716,
            0.20305181731482463
        ],
        "f1": [
            0.0016184035604878328,
            0.006188451050482502,
            0.00968528133940871,
            0.013902625109497302,
            0.017024944015484926,
            0.018599579226423964,
            0.01933791703123313
        ],
        "overlap": [
            0.000635862653666808,
            0.004196337741607325,
            0.00968528133940871,
            0.02099161818779074,
            0.050315984893760414,
            0.10011041433987695,
            0.20055355519339463
        ]
    }
}