{
    "ours": {
        "precision": [
            1.0,
            1.0,
            0.7498145597117728,
            0.4999947017621939,
            0.19999660914936274,
            0.09999809265055874,
            0.04999904632527937
        ],
        "recall": [
            0.0999894034121013,
            0.4999894034121013,
            0.7498145597117728,
            1.0,
            1.0,
            1.0,
            1.0
        ],
        "f1": [
            0.18180066662813324,
            0.6666572474108821,
            0.7498145597117728,
            0.6666619571053152,
            0.3333286238052516,
            0.1818150291690107,
            0.095236365214355
        ],
        "overlap": [
            0.6941500635862654,
            0.7143523228212953,
            0.7498145597117728,
            0.7997901897828782,
            0.8631240754633809,
            0.9152204366134798,
            0.9596542611246156
        ]
    },
    "bl": {
        "precision": [
            1.0,
            0.9743981010512038,
            0.7400021193175798,
            0.4999947017621939,
            0.19999660914936274,
            0.09999809265055874,
            0.04999904632527937
        ],
        "recall": [
            0.0999894034121013,
            0.4871887252304758,
            0.7400021193175798,
            1.0,
            1.0,
            1.0,
            1.0
        ],
        "f1": [
            0.18180066662813324,
            0.6495895559291861,
            0.7400021193175798,
            0.6666619571053152,
            0.3333286238052516,
            0.1818150291690107,
            0.095236365214355
        ],
        "overlap": [
            0.539635438745231,
            0.6846388606307223,
            0.7400021193175798,
            0.7747189284843861,
            0.7875759232650501,
            0.7960110965351938,
            0.8696422024375926
        ]
    },
    "random": {
        "precision": [
            0.010385756676557863,
            0.008689386232621228,
            0.009070679241284307,
            0.009134161977726209,
            0.009494381784350376,
            0.009820730345293828,
            0.009958483360495402
        ],
        "recall": [
            0.0010384656140722686,
            0.004344601038465614,
            0.009070679241284307,
            0.018268517537352973,
            0.04747271378616086,
            0.09820917664512027,
            0.19917346614390166
        ],
        "f1": [
            0.0018881374872358049,
            0.005792842307529282,
            0.009070679241284307,
            0.012178925654864507,
            0.015824014354641595,
            0.01785590431639707,
            0.018968556962689585
        ],
        "overlap": [
            0.000635862653666808,
            0.004662597490674805,
            0.009070679241284307,
            0.019094849053204903,
            0.04945131798125707,
            0.10023333241497989,
            0.20012334193053433
        ]
    }
}