{
    "ours": {
        "precision": [
            1.0,
            0.9300610376398779,
            0.7129384338243085,
            0.4999947017621939,
            0.19999660914936274,
            0.09999809265055874,
            0.04999904632527937
        ],
        "recall": [
            0.0999894034121013,
            0.46502066334640246,
            0.7129384338243085,
            1.0,
            1.0,
            1.0,
            1.0
        ],
        "f1": [
            0.18180066662813324,
            0.6200319312771098,
            0.7129384338243085,
            0.6666619571053152,
            0.3333286238052516,
            0.1818150291690107,
            0.095236365214355
        ],
        "overlap": [
            0.5671894870707928,
            0.6620464564259071,
            0.7129384338243085,
            0.7814476904981403,
            0.8141729079511209,
            0.819128171763175,
            0.8756694266719507
        ]
    },
    "bl": {
        "precision": [
            1.0,
            0.8990335707019329,
            0.699544346720356,
            0.4999947017621939,
            0.19999660914936274,
            0.09999809265055874,
            0.04999904632527937
        ],
        "recall": [
            0.0999894034121013,
            0.44950725866271063,
            0.699544346720356,
            1.0,
            1.0,
            1.0,
            1.0
        ],
        "f1": [
            0.18180066662813324,
            0.5993472455741272,
            0.699544346720356,
            0.6666619571053152,
            0.3333286238052516,
            0.1818150291690107,
            0.095236365214355
        ],
        "overlap": [
            0.3923272573124205,
            0.631018989487962,
            0.699544346720356,
            0.7397399624884763,
            0.7604745495466857,
            0.7961043447300995,
            0.8754818706435609
        ]
    },
    "random": {
        "precision": [
            0.007842306061890632,
            0.009918616480162767,
            0.009854826745787856,
            0.010024265929151965,
            0.01018526760169373,
            0.010147099027463713,
            0.010097296014275451
        ],
        "recall": [
            0.0007841475045035498,
            0.004959203136590018,
            0.009854826745787856,
            0.020048744304334003,
            0.05092720144113595,
            0.10147292571791883,
            0.2019497721733602
        ],
        "f1": [
            0.0014257364699535673,
            0.006612317560789522,
            0.009854826745787856,
            0.013365735115431349,
            0.01697549397062667,
            0.018449302949268272,
            0.01923296225765791
        ],
        "overlap": [
            0.000847816871555744,
            0.004747371990505256,
            0.009854826745787856,
            0.020154496614426042,
            0.05009981816563458,
            0.09922879504258687,
            0.1995808069783558
        ]
    }
}