{
    "ours": {
        "precision": [
            1.0,
            0.9300610376398779,
            0.7129384338243085,
            0.4999947017621939,
            0.19999660914936274,
            0.09999809265055874,
            0.04999904632527937
        ],
        "recall": [
            0.0999894034121013,
            0.46502066334640246,
            0.7129384338243085,
            1.0,
            1.0,
            1.0,
            1.0
        ],
        "f1": [
            0.18180066662813324,
            0.6200319312771098,
            0.7129384338243085,
            0.6666619571053152,
            0.3333286238052516,
            0.1818150291690107,
            0.095236365214355
        ],
        "overlap": [
            0.5671894870707928,
            0.6620464564259071,
            0.7129384338243085,
            0.7810238314736518,
            0.8541467984012139,
            0.9155574016814345,
            0.9616993635810698
        ]
    },
    "bl": {
        "precision": [
            1.0,
            0.8990335707019329,
            0.699544346720356,
            0.4999947017621939,
            0.19999660914936274,
            0.09999809265055874,
            0.04999904632527937
        ],
        "recall": [
            0.0999894034121013,
            0.44950725866271063,
            0.699544346720356,
            1.0,
            1.0,
            1.0,
            1.0
        ],
        "f1": [
            0.18180066662813324,
            0.5993472455741272,
            0.699544346720356,
            0.6666619571053152,
            0.3333286238052516,
            0.1818150291690107,
            0.095236365214355
        ],
        "overlap": [
            0.3923272573124205,
            0.631018989487962,
            0.699544346720356,
            0.7397399624884763,
            0.7604745495466857,
            0.7961043447300995,
            0.8754818706435609
        ]
    },
    "random": {
        "precision": [
            0.009325985587113183,
            0.009749067480501866,
            0.009282610999258239,
            0.009822932892519948,
            0.009642731499730852,
            0.00969993154734783,
            0.009886427937159194
        ],
        "recall": [
            0.0009324997350853026,
            0.004874430433400445,
            0.009282610999258239,
            0.01964607396418353,
            0.04821447493906962,
            0.09700116562466886,
            0.19773233018967892
        ],
        "f1": [
            0.0016954703967015394,
            0.006499286491374316,
            0.009282610999258239,
            0.013097290118398372,
            0.01607126457893287,
            0.01763626975747721,
            0.018831308412629692
        ],
        "overlap": [
            0.000211954217888936,
            0.004662597490674805,
            0.009282610999258239,
            0.019804812919223067,
            0.049379262405215125,
            0.09968867818564445,
            0.20057156904922868
        ]
    }
}