{
    "ours": {
        "precision": [
            1.0,
            0.9585876568328247,
            0.7135954222740277,
            0.4999947017621939,
            0.19999660914936274,
            0.09999809265055874,
            0.04999904632527937
        ],
        "recall": [
            0.0999894034121013,
            0.4792836706580481,
            0.7135954222740277,
            1.0,
            1.0,
            1.0,
            1.0
        ],
        "f1": [
            0.18180066662813324,
            0.6390494087062182,
            0.7135954222740277,
            0.6666619571053152,
            0.3333286238052516,
            0.1818150291690107,
            0.095236365214355
        ],
        "overlap": [
            0.5989826197541331,
            0.6871397083757206,
            0.7135954222740277,
            0.7801549204734505,
            0.8314026677517389,
            0.8396533710282097,
            0.9120097317207047
        ]
    },
    "bl": {
        "precision": [
            1.0,
            0.9319260766361478,
            0.7257603051817315,
            0.4999947017621939,
            0.19999660914936274,
            0.09999809265055874,
            0.04999904632527937
        ],
        "recall": [
            0.0999894034121013,
            0.46595316308148776,
            0.7257603051817315,
            1.0,
            1.0,
            1.0,
            1.0
        ],
        "f1": [
            0.18180066662813324,
            0.6212752730406771,
            0.7257603051817315,
            0.6666619571053152,
            0.3333286238052516,
            0.1818150291690107,
            0.095236365214355
        ],
        "overlap": [
            0.48304366256888515,
            0.6604781281790437,
            0.7257603051817315,
            0.7797204649733499,
            0.784727608729745,
            0.8339058913785686,
            0.9115625642405888
        ]
    },
    "random": {
        "precision": [
            0.012081390419669352,
            0.010512037978975925,
            0.01046942884391226,
            0.010193809538947347,
            0.010147120532024465,
            0.00998391468637877,
            0.009979676132064874
        ],
        "recall": [
            0.0012080110204514146,
            0.0052559075977535235,
            0.01046942884391226,
            0.020387835117092298,
            0.050736462858959414,
            0.09984105118151955,
            0.19959732965984953
        ],
        "f1": [
            0.0021964048320906307,
            0.007007926303742741,
            0.01046942884391226,
            0.013591794060301225,
            0.016911915341523205,
            0.018152603632832668,
            0.019008924183295434
        ],
        "overlap": [
            0.00105977108944468,
            0.005383180739233638,
            0.01046942884391226,
            0.020080321285140562,
            0.04970987034234876,
            0.09920548299386045,
            0.19980968891130613
        ]
    }
}