{
    "ours": {
        "precision": [
            1.0,
            0.958460495083079,
            0.7131503655822825,
            0.4999947017621939,
            0.19999660914936274,
            0.09999809265055874,
            0.04999904632527937
        ],
        "recall": [
            0.0999894034121013,
            0.47922009113065595,
            0.7131503655822825,
            1.0,
            1.0,
            1.0,
            1.0
        ],
        "f1": [
            0.18180066662813324,
            0.6389646354041567,
            0.7131503655822825,
            0.6666619571053152,
            0.3333286238052516,
            0.1818150291690107,
            0.095236365214355
        ],
        "overlap": [
            0.5989826197541331,
            0.6870125466259749,
            0.7131503655822825,
            0.782136461412934,
            0.848017835874352,
            0.906450867738032,
            0.9573898134824174
        ]
    },
    "bl": {
        "precision": [
            1.0,
            0.9319260766361478,
            0.7257603051817315,
            0.4999947017621939,
            0.19999660914936274,
            0.09999809265055874,
            0.04999904632527937
        ],
        "recall": [
            0.0999894034121013,
            0.46595316308148776,
            0.7257603051817315,
            1.0,
            1.0,
            1.0,
            1.0
        ],
        "f1": [
            0.18180066662813324,
            0.6212752730406771,
            0.7257603051817315,
            0.6666619571053152,
            0.3333286238052516,
            0.1818150291690107,
            0.095236365214355
        ],
        "overlap": [
            0.48304366256888515,
            0.6604781281790437,
            0.7257603051817315,
            0.7797204649733499,
            0.784727608729745,
            0.8339058913785686,
            0.9115625642405888
        ]
    },
    "random": {
        "precision": [
            0.0072064434082238235,
            0.010300101729399797,
            0.01046942884391226,
            0.009780546990071103,
            0.009994532253347406,
            0.010041135169616347,
            0.010124846617315766
        ],
        "recall": [
            0.0007205679771113701,
            0.0051499417187665575,
            0.01046942884391226,
            0.01956130126099396,
            0.04997350853025326,
            0.10041326692804917,
            0.2025007947440924
        ],
        "f1": [
            0.0013101362156330077,
            0.006866637466973735,
            0.01046942884391226,
            0.013040775382180902,
            0.01665760082510932,
            0.01825664105547892,
            0.019285439644445523
        ],
        "overlap": [
            0.000847816871555744,
            0.005128857239742286,
            0.01046942884391226,
            0.019667058736264318,
            0.05024816788101505,
            0.10112130954374082,
            0.2004263985639778
        ]
    }
}