{
    "ours": {
        "precision": [
            1.0,
            0.9556629365886741,
            0.7280491681678499,
            0.4999947017621939,
            0.19999660914936274
        ],
        "recall": [
            0.0999894034121013,
            0.47782134152802797,
            0.7280491681678499,
            1.0,
            1.0
        ],
        "f1": [
            0.18180066662813324,
            0.6370996227588058,
            0.7280491681678499,
            0.6666619571053152,
            0.3333286238052516
        ],
        "overlap": [
            0.6142433234421365,
            0.6849355713801288,
            0.7280491681678499,
            0.7743904377404075,
            0.8575503647283717
        ]
    },
    "bl": {
        "precision": [
            1.0,
            1.0,
            0.8044717600932499,
            0.4999947017621939,
            0.19999660914936274
        ],
        "recall": [
            0.0999894034121013,
            0.4999894034121013,
            0.8044717600932499,
            1.0,
            1.0
        ],
        "f1": [
            0.18180066662813324,
            0.6666572474108821,
            0.8044717600932499,
            0.6666619571053152,
            0.3333286238052516
        ],
        "overlap": [
            0.6844001695633743,
            0.7702187182095626,
            0.8044717600932499,
            0.8352565936569497,
            0.853205837349372
        ]
    },
    "random": {
        "precision": [
            0.0105977108944468,
            0.009537131230925738,
            0.009876019921585249,
            0.010352756673130516,
            0.00994790805708497
        ],
        "recall": [
            0.0010596587898696619,
            0.004768464554413479,
            0.009876019921585249,
            0.020705732754053196,
            0.04974038359648193
        ],
        "f1": [
            0.0019266709053426582,
            0.006357997654605309,
            0.009876019921585249,
            0.013803724321116729,
            0.016579893611760634
        ],
        "overlap": [
            0.001695633743111488,
            0.005171244489657511,
            0.009876019921585249,
            0.020779688675546512,
            0.049502180740816096
        ]
    }
}