{
    "ours": {
        "precision": [
            1.0,
            0.9556629365886741,
            0.7279643954646604,
            0.4999947017621939,
            0.19999660914936274
        ],
        "recall": [
            0.0999894034121013,
            0.47782134152802797,
            0.7279643954646604,
            1.0,
            1.0
        ],
        "f1": [
            0.18180066662813324,
            0.6370996227588058,
            0.7279643954646604,
            0.6666619571053152,
            0.3333286238052516
        ],
        "overlap": [
            0.6142433234421365,
            0.6849355713801288,
            0.7279643954646604,
            0.7747083320087739,
            0.8509509216755888
        ]
    },
    "bl": {
        "precision": [
            1.0,
            1.0,
            0.8044717600932499,
            0.4999947017621939,
            0.19999660914936274
        ],
        "recall": [
            0.0999894034121013,
            0.4999894034121013,
            0.8044717600932499,
            1.0,
            1.0
        ],
        "f1": [
            0.18180066662813324,
            0.6666572474108821,
            0.8044717600932499,
            0.6666619571053152,
            0.3333286238052516
        ],
        "overlap": [
            0.6844001695633743,
            0.7702187182095626,
            0.8044717600932499,
            0.8352565936569497,
            0.853205837349372
        ]
    },
    "random": {
        "precision": [
            0.012929207291225096,
            0.01017293997965412,
            0.010405849316520081,
            0.010246791917008403,
            0.009638492936434265
        ],
        "recall": [
            0.0012927837236409877,
            0.005086362191374378,
            0.010405849316520081,
            0.020493800996079264,
            0.04819328176327223
        ],
        "f1": [
            0.0023505385045180438,
            0.00678186416491233,
            0.010405849316520081,
            0.013662437480573062,
            0.01606420028681026
        ],
        "overlap": [
            0.000423908435777872,
            0.005128857239742286,
            0.010405849316520081,
            0.019815409394835278,
            0.049540327810485354
        ]
    }
}