{
    "ours": {
        "precision": [
            1.0,
            1.0,
            0.7840839249761576,
            0.4999947017621939,
            0.19999660914936274,
            0.09999809265055874,
            0.04999904632527937
        ],
        "recall": [
            0.0999894034121013,
            0.4999894034121013,
            0.7840839249761576,
            1.0,
            1.0,
            1.0,
            1.0
        ],
        "f1": [
            0.18180066662813324,
            0.6666572474108821,
            0.7840839249761576,
            0.6666619571053152,
            0.3333286238052516,
            0.1818150291690107,
            0.095236365214355
        ],
        "overlap": [
            0.6445527766002543,
            0.7296541200406917,
            0.7840839249761576,
            0.7942906189401405,
            0.8639251639264355,
            0.9147351221445389,
            0.9597263165479518
        ]
    },
    "bl": {
        "precision": [
            1.0,
            0.9995337402509326,
            0.7647133622973402,
            0.4999947017621939,
            0.19999660914936274,
            0.09999809265055874,
            0.04999904632527937
        ],
        "recall": [
            0.0999894034121013,
            0.49975627847833,
            0.7647133622973402,
            1.0,
            1.0,
            1.0,
            1.0
        ],
        "f1": [
            0.18180066662813324,
            0.6663464119699902,
            0.7647133622973402,
            0.6666619571053152,
            0.3333286238052516,
            0.1818150291690107,
            0.095236365214355
        ],
        "overlap": [
            0.5616786774056803,
            0.709774499830451,
            0.7647133622973402,
            0.7998431721609393,
            0.8052253008320299,
            0.8207027946907869,
            0.8753080899166912
        ]
    },
    "random": {
        "precision": [
            0.00847816871555744,
            0.009452356731095287,
            0.009897213097382642,
            0.009833529368132159,
            0.009850421101263516,
            0.009903382154414771,
            0.009963781553387771
        ],
        "recall": [
            0.0008477270318957296,
            0.004726078202818692,
            0.009897213097382642,
            0.019667267139980925,
            0.04925294055314189,
            0.09903571050121861,
            0.19927943202288864
        ],
        "f1": [
            0.0015413367242741267,
            0.006301482119897707,
            0.009897213097382642,
            0.013111418802452741,
            0.016417414892940654,
            0.01800618059355276,
            0.018978648767841052
        ],
        "overlap": [
            0.000635862653666808,
            0.004111563241776873,
            0.009897213097382642,
            0.019953163577794027,
            0.05007438678585507,
            0.09962933842524992,
            0.20015936964220243
        ]
    }
}