{
    "ours": {
        "precision": [
            1.0,
            1.0,
            0.7850376178870404,
            0.4999947017621939,
            0.19999660914936274,
            0.09999809265055874,
            0.04999904632527937
        ],
        "recall": [
            0.0999894034121013,
            0.4999894034121013,
            0.7850376178870404,
            1.0,
            1.0,
            1.0,
            1.0
        ],
        "f1": [
            0.18180066662813324,
            0.6666572474108821,
            0.7850376178870404,
            0.6666619571053152,
            0.3333286238052516,
            0.1818150291690107,
            0.095236365214355
        ],
        "overlap": [
            0.6445527766002543,
            0.7297388945405222,
            0.7850376178870404,
            0.7983808585264541,
            0.8373281792403647,
            0.8350693745377327,
            0.8798051960437334
        ]
    },
    "bl": {
        "precision": [
            1.0,
            0.9995337402509326,
            0.7647133622973402,
            0.4999947017621939,
            0.19999660914936274,
            0.09999809265055874,
            0.04999904632527937
        ],
        "recall": [
            0.0999894034121013,
            0.49975627847833,
            0.7647133622973402,
            1.0,
            1.0,
            1.0,
            1.0
        ],
        "f1": [
            0.18180066662813324,
            0.6663464119699902,
            0.7647133622973402,
            0.6666619571053152,
            0.3333286238052516,
            0.1818150291690107,
            0.095236365214355
        ],
        "overlap": [
            0.5616786774056803,
            0.709774499830451,
            0.7647133622973402,
            0.7998431721609393,
            0.8052253008320299,
            0.8207027946907869,
            0.8753080899166912
        ]
    },
    "random": {
        "precision": [
            0.008690122933446376,
            0.009749067480501866,
            0.009473349581434778,
            0.009780546990071103,
            0.010248846051142504,
            0.010267897825409709,
            0.010029479145253137
        ],
        "recall": [
            0.0008689202076931228,
            0.004874430433400445,
            0.009473349581434778,
            0.01956130126099396,
            0.05124509907809685,
            0.10268093673837024,
            0.20059340892232702
        ],
        "f1": [
            0.0015798701423809798,
            0.006499286491374316,
            0.009473349581434778,
            0.013040775382180902,
            0.01708145835246579,
            0.01866893750818813,
            0.01910378715171919
        ],
        "overlap": [
            0.001271725307333616,
            0.004832146490335707,
            0.009473349581434778,
            0.019878988248508547,
            0.04986245862102582,
            0.09980099987496265,
            0.19956809131541414
        ]
    }
}