{
    "ours": {
        "precision": [
            1.0,
            1.0,
            0.7494118893716223,
            0.4999947017621939,
            0.19999660914936274,
            0.09999809265055874,
            0.04999904632527937
        ],
        "recall": [
            0.0999894034121013,
            0.4999894034121013,
            0.7494118893716223,
            1.0,
            1.0,
            1.0,
            1.0
        ],
        "f1": [
            0.18180066662813324,
            0.6666572474108821,
            0.7494118893716223,
            0.6666619571053152,
            0.3333286238052516,
            0.1818150291690107,
            0.095236365214355
        ],
        "overlap": [
            0.6394658753709199,
            0.7384282807731435,
            0.7494118893716223,
            0.7963039493064606,
            0.8631283140266776,
            0.9133851425955635,
            0.9596320087144676
        ]
    },
    "bl": {
        "precision": [
            1.0,
            0.9696083418107834,
            0.7585885344918936,
            0.4999947017621939,
            0.19999660914936274,
            0.09999809265055874,
            0.04999904632527937
        ],
        "recall": [
            0.0999894034121013,
            0.48479389636537035,
            0.7585885344918936,
            1.0,
            1.0,
            1.0,
            1.0
        ],
        "f1": [
            0.18180066662813324,
            0.6463964282182065,
            0.7585885344918936,
            0.6666619571053152,
            0.3333286238052516,
            0.1818150291690107,
            0.095236365214355
        ],
        "overlap": [
            0.46142433234421365,
            0.6798491013903017,
            0.7585885344918936,
            0.7959012832331966,
            0.8099216289646461,
            0.8231993031816708,
            0.874730586891423
        ]
    },
    "random": {
        "precision": [
            0.007842306061890632,
            0.007417768735164462,
            0.008731588428526015,
            0.009674582233948988,
            0.009969100873567895,
            0.010051731555401084,
            0.010025240590939243
        ],
        "recall": [
            0.0007841475045035498,
            0.003708805764543817,
            0.008731588428526015,
            0.019349369503020027,
            0.0498463494754689,
            0.10051923280703613,
            0.20050863621913745
        ],
        "f1": [
            0.0014257364699535673,
            0.004945109286915241,
            0.008731588428526015,
            0.012899488541637232,
            0.016615215072373672,
            0.018275907244857857,
            0.01909571370759802
        ],
        "overlap": [
            0.000423908435777872,
            0.0036876907426246185,
            0.008731588428526015,
            0.01967765521187653,
            0.049612383386527306,
            0.10001504686781433,
            0.20040096723809442
        ]
    }
}