{
    "ours": {
        "precision": [
            1.0,
            1.0,
            0.7497933665359754,
            0.4999947017621939,
            0.19999660914936274,
            0.09999809265055874,
            0.04999904632527937
        ],
        "recall": [
            0.0999894034121013,
            0.4999894034121013,
            0.7497933665359754,
            1.0,
            1.0,
            1.0,
            1.0
        ],
        "f1": [
            0.18180066662813324,
            0.6666572474108821,
            0.7497933665359754,
            0.6666619571053152,
            0.3333286238052516,
            0.1818150291690107,
            0.095236365214355
        ],
        "overlap": [
            0.6394658753709199,
            0.7384706680230587,
            0.7497933665359754,
            0.799631242648695,
            0.8410581149413595,
            0.8463036627467103,
            0.8763030905418779
        ]
    },
    "bl": {
        "precision": [
            1.0,
            0.9696083418107834,
            0.7585885344918936,
            0.4999947017621939,
            0.19999660914936274,
            0.09999809265055874,
            0.04999904632527937
        ],
        "recall": [
            0.0999894034121013,
            0.48479389636537035,
            0.7585885344918936,
            1.0,
            1.0,
            1.0,
            1.0
        ],
        "f1": [
            0.18180066662813324,
            0.6463964282182065,
            0.7585885344918936,
            0.6666619571053152,
            0.3333286238052516,
            0.1818150291690107,
            0.095236365214355
        ],
        "overlap": [
            0.46142433234421365,
            0.6798491013903017,
            0.7585885344918936,
            0.7959012832331966,
            0.8099216289646461,
            0.8231993031816708,
            0.874730586891423
        ]
    },
    "random": {
        "precision": [
            0.012929207291225096,
            0.01055442522889115,
            0.010045565327964396,
            0.010193809538947347,
            0.009926715240602046,
            0.009937290588925929,
            0.009904441792993246
        ],
        "recall": [
            0.0012927837236409877,
            0.005277100773550917,
            0.010045565327964396,
            0.020387835117092298,
            0.049634417717494966,
            0.0993748013139769,
            0.19809261417823462
        ],
        "f1": [
            0.0023505385045180438,
            0.007036184071096544,
            0.010045565327964396,
            0.013591794060301225,
            0.016544572151147595,
            0.018067832399565355,
            0.018865620550144666
        ],
        "overlap": [
            0.001483679525222552,
            0.005256018989487962,
            0.010045565327964396,
            0.019931970626569602,
            0.05045161891925113,
            0.09969503601711528,
            0.20027169133152065
        ]
    }
}