{
    "ours": {
        "precision": [
            1.0,
            1.0,
            0.7563632510331674,
            0.4999947017621939,
            0.19999660914936274,
            0.09999809265055874,
            0.04999904632527937
        ],
        "recall": [
            0.0999894034121013,
            0.4999894034121013,
            0.7563632510331674,
            1.0,
            1.0,
            1.0,
            1.0
        ],
        "f1": [
            0.18180066662813324,
            0.6666572474108821,
            0.7563632510331674,
            0.6666619571053152,
            0.3333286238052516,
            0.1818150291690107,
            0.095236365214355
        ],
        "overlap": [
            0.8870284018651972,
            0.7162173618175652,
            0.7563632510331674,
            0.7899778533659705,
            0.8417193308156268,
            0.8443772398110453,
            0.9138842323660246
        ]
    },
    "bl": {
        "precision": [
            1.0,
            1.0,
            0.8196884603157784,
            0.4999947017621939,
            0.19999660914936274,
            0.09999809265055874,
            0.04999904632527937
        ],
        "recall": [
            0.0999894034121013,
            0.4999894034121013,
            0.8196884603157784,
            1.0,
            1.0,
            1.0,
            1.0
        ],
        "f1": [
            0.18180066662813324,
            0.6666572474108821,
            0.8196884603157784,
            0.6666619571053152,
            0.3333286238052516,
            0.1818150291690107,
            0.095236365214355
        ],
        "overlap": [
            0.6144552776600254,
            0.7790776534418447,
            0.8196884603157784,
            0.8290364624725817,
            0.7969643409669859,
            0.8375764794144014,
            0.9143790835821718
        ]
    },
    "random": {
        "precision": [
            0.011233573548113607,
            0.009876229230247542,
            0.009897213097382642,
            0.010183213063335134,
            0.009871613917746441,
            0.010009346012262138,
            0.010034777338145505
        ],
        "recall": [
            0.0011232383172618417,
            0.004938009960792624,
            0.009897213097382642,
            0.020366641941294904,
            0.049358906432128855,
            0.10009536929108827,
            0.20069937480131397
        ],
        "f1": [
            0.002042271159663218,
            0.00658405979343572,
            0.009897213097382642,
            0.013577665376246856,
            0.016452736353553692,
            0.018198842487342114,
            0.01911387895687065
        ],
        "overlap": [
            0.000847816871555744,
            0.005213631739572736,
            0.009897213097382642,
            0.020514776785241228,
            0.049760733101907775,
            0.10032446133272863,
            0.20017632385945802
        ]
    }
}