{
    "ours": {
        "precision": [
            1.0,
            1.0,
            0.7532902405425453,
            0.4999947017621939,
            0.19999660914936274,
            0.09999809265055874,
            0.04999904632527937
        ],
        "recall": [
            0.0999894034121013,
            0.4999894034121013,
            0.7532902405425453,
            1.0,
            1.0,
            1.0,
            1.0
        ],
        "f1": [
            0.18180066662813324,
            0.6666572474108821,
            0.7532902405425453,
            0.6666619571053152,
            0.3333286238052516,
            0.1818150291690107,
            0.095236365214355
        ],
        "overlap": [
            0.8817295464179737,
            0.7130807053238386,
            0.7532902405425453,
            0.7894692225365844,
            0.8590804860784389,
            0.9152352715535785,
            0.9603451454777805
        ]
    },
    "bl": {
        "precision": [
            1.0,
            1.0,
            0.8196884603157784,
            0.4999947017621939,
            0.19999660914936274,
            0.09999809265055874,
            0.04999904632527937
        ],
        "recall": [
            0.0999894034121013,
            0.4999894034121013,
            0.8196884603157784,
            1.0,
            1.0,
            1.0,
            1.0
        ],
        "f1": [
            0.18180066662813324,
            0.6666572474108821,
            0.8196884603157784,
            0.6666619571053152,
            0.3333286238052516,
            0.1818150291690107,
            0.095236365214355
        ],
        "overlap": [
            0.6144552776600254,
            0.7790776534418447,
            0.8196884603157784,
            0.8290364624725817,
            0.7969643409669859,
            0.8375764794144014,
            0.9143790835821718
        ]
    },
    "random": {
        "precision": [
            0.008054260279779568,
            0.010512037978975925,
            0.009960792624774822,
            0.010278581343845038,
            0.01012592771554154,
            0.010055970109714978,
            0.010084580351333767
        ],
        "recall": [
            0.0008053406803009431,
            0.0052559075977535235,
            0.009960792624774822,
            0.020557380523471443,
            0.05063049697997245,
            0.10056161915863092,
            0.20169545406379147
        ],
        "f1": [
            0.0014642698880604206,
            0.007007926303742741,
            0.009960792624774822,
            0.013704823532736162,
            0.016876593880910163,
            0.018283613720609427,
            0.0192087419252944
        ],
        "overlap": [
            0.000423908435777872,
            0.005128857239742286,
            0.009960792624774822,
            0.02029225079738479,
            0.04994722988695752,
            0.09972046734299865,
            0.20017208530514413
        ]
    }
}