{
    "ours": {
        "precision": [
            1.0,
            1.0,
            0.74292677757762,
            0.4999947017621939,
            0.19999660914936274,
            0.09999809265055874,
            0.04999904632527937
        ],
        "recall": [
            0.0999894034121013,
            0.4999894034121013,
            0.74292677757762,
            1.0,
            1.0,
            1.0,
            1.0
        ],
        "f1": [
            0.18180066662813324,
            0.6666572474108821,
            0.7429267775776202,
            0.6666619571053152,
            0.3333286238052516,
            0.1818150291690107,
            0.095236365214355
        ],
        "overlap": [
            0.6678677405680373,
            0.7521193624957613,
            0.74292677757762,
            0.7972046497334987,
            0.8429230827918569,
            0.8432858120752174,
            0.8851849811066441
        ]
    },
    "bl": {
        "precision": [
            1.0,
            1.0,
            0.7777047790611423,
            0.4999947017621939,
            0.19999660914936274,
            0.09999809265055874,
            0.04999904632527937
        ],
        "recall": [
            0.0999894034121013,
            0.4999894034121013,
            0.7777047790611423,
            1.0,
            1.0,
            1.0,
            1.0
        ],
        "f1": [
            0.18180066662813324,
            0.6666572474108821,
            0.7777047790611423,
            0.6666619571053152,
            0.3333286238052516,
            0.1818150291690107,
            0.095236365214355
        ],
        "overlap": [
            0.5779991521831285,
            0.7274075957951848,
            0.7777047790611423,
            0.8085110892117282,
            0.8183478927982571,
            0.8210503561445263,
            0.8845110509707349
        ]
    },
    "random": {
        "precision": [
            0.00847816871555744,
            0.00894370973211258,
            0.009430963229839991,
            0.009939494124254274,
            0.009901283860822535,
            0.009837684562549406,
            0.010058089386871926
        ],
        "recall": [
            0.0008477270318957296,
            0.004471760093249974,
            0.009430963229839991,
            0.019879198897954857,
            0.04950725866271061,
            0.09837872205149942,
            0.20116562466885662
        ],
        "f1": [
            0.0015413367242741267,
            0.0059623889116520905,
            0.009430963229839991,
            0.013252705642996411,
            0.016502186398411944,
            0.017886730219403364,
            0.019158282899537093
        ],
        "overlap": [
            0.001483679525222552,
            0.004069175991861648,
            0.009430963229839991,
            0.019783619967998645,
            0.049887890000805325,
            0.09994934927594896,
            0.19975776662096092
        ]
    }
}