{
    "ours": {
        "precision": [
            1.0,
            1.0,
            0.7415704143265869,
            0.4999947017621939,
            0.19999660914936274,
            0.09999809265055874,
            0.04999904632527937
        ],
        "recall": [
            0.0999894034121013,
            0.4999894034121013,
            0.7415704143265869,
            1.0,
            1.0,
            1.0,
            1.0
        ],
        "f1": [
            0.18180066662813324,
            0.6666572474108821,
            0.7415704143265868,
            0.6666619571053152,
            0.3333286238052516,
            0.1818150291690107,
            0.095236365214355
        ],
        "overlap": [
            0.6678677405680373,
            0.7516954899966091,
            0.7415704143265869,
            0.7931250066227973,
            0.8625137223486727,
            0.9162821944691105,
            0.9621232190124592
        ]
    },
    "bl": {
        "precision": [
            1.0,
            1.0,
            0.7777047790611423,
            0.4999947017621939,
            0.19999660914936274,
            0.09999809265055874,
            0.04999904632527937
        ],
        "recall": [
            0.0999894034121013,
            0.4999894034121013,
            0.7777047790611423,
            1.0,
            1.0,
            1.0,
            1.0
        ],
        "f1": [
            0.18180066662813324,
            0.6666572474108821,
            0.7777047790611423,
            0.6666619571053152,
            0.3333286238052516,
            0.1818150291690107,
            0.095236365214355
        ],
        "overlap": [
            0.5779991521831285,
            0.7274075957951848,
            0.7777047790611423,
            0.8085110892117282,
            0.8183478927982571,
            0.8210503561445263,
            0.8845110509707349
        ]
    },
    "random": {
        "precision": [
            0.008266214497668503,
            0.008986096982027805,
            0.009452156405637385,
            0.009960687075478696,
            0.0100242021964235,
            0.009979676132064874,
            0.010045373723930242
        ],
        "recall": [
            0.0008265338560983364,
            0.004492953269047367,
            0.009452156405637385,
            0.019921585249549643,
            0.05012186076083501,
            0.09979866482992476,
            0.2009113065592879
        ],
        "f1": [
            0.0015028033061672734,
            0.005990646679005891,
            0.009452156405637385,
            0.013280963011105144,
            0.016707050869967575,
            0.01814489715708109,
            0.01913406256717358
        ],
        "overlap": [
            0.00105977108944468,
            0.005213631739572736,
            0.009452156405637385,
            0.019783619967998645,
            0.04963781476630681,
            0.09977556854907928,
            0.19982770276714018
        ]
    }
}