{
    "ours": {
        "precision": [
            1.0,
            0.9797388945405222,
            0.7369714951785525,
            0.4999947017621939,
            0.19999660914936274
        ],
        "recall": [
            0.0999894034121013,
            0.4898590653809473,
            0.7369714951785525,
            1.0,
            1.0
        ],
        "f1": [
            0.18180066662813324,
            0.653150034615765,
            0.7369714951785525,
            0.6666619571053152,
            0.3333286238052516
        ],
        "overlap": [
            0.6672318779143704,
            0.7040946083418108,
            0.7369714951785525,
            0.778025028875396,
            0.8547062887563631
        ]
    },
    "bl": {
        "precision": [
            1.0,
            0.949050525601899,
            0.7290240542545301,
            0.4999947017621939,
            0.19999660914936274
        ],
        "recall": [
            0.0999894034121013,
            0.4745152061036346,
            0.7290240542545301,
            1.0,
            1.0
        ],
        "f1": [
            0.18180066662813324,
            0.6326914110516129,
            0.7290240542545301,
            0.6666619571053152,
            0.3333286238052516
        ],
        "overlap": [
            0.48685883849088596,
            0.6734062394031876,
            0.7290240542545301,
            0.7682762713121616,
            0.762737942347062
        ]
    },
    "random": {
        "precision": [
            0.007842306061890632,
            0.00885893523228213,
            0.00962170181201653,
            0.009653389282724566,
            0.009757172708738646
        ],
        "recall": [
            0.0007841475045035498,
            0.004429373741655187,
            0.00962170181201653,
            0.01930698315142524,
            0.04878669068559924
        ],
        "f1": [
            0.0014257364699535673,
            0.005905873376944488,
            0.00962170181201653,
            0.012871231173528497,
            0.01626200046624328
        ],
        "overlap": [
            0.000635862653666808,
            0.004408273991183452,
            0.00962170181201653,
            0.019444532748407878,
            0.04900203027181906
        ]
    }
}