{
    "ours": {
        "precision": [
            1.0,
            0.9798660562902679,
            0.7370986542333369,
            0.4999947017621939,
            0.19999660914936274
        ],
        "recall": [
            0.0999894034121013,
            0.48992264490833953,
            0.7370986542333369,
            1.0,
            1.0
        ],
        "f1": [
            0.18180066662813324,
            0.6532348079178264,
            0.7370986542333369,
            0.6666619571053152,
            0.3333286238052516
        ],
        "overlap": [
            0.6678677405680373,
            0.7042217700915565,
            0.7370986542333369,
            0.7790210975829439,
            0.8194668735085555
        ]
    },
    "bl": {
        "precision": [
            1.0,
            0.949050525601899,
            0.7290240542545301,
            0.4999947017621939,
            0.19999660914936274
        ],
        "recall": [
            0.0999894034121013,
            0.4745152061036346,
            0.7290240542545301,
            1.0,
            1.0
        ],
        "f1": [
            0.18180066662813324,
            0.6326914110516129,
            0.7290240542545301,
            0.6666619571053152,
            0.3333286238052516
        ],
        "overlap": [
            0.48685883849088596,
            0.6734062394031876,
            0.7290240542545301,
            0.7682762713121616,
            0.762737942347062
        ]
    },
    "random": {
        "precision": [
            0.010809665112335736,
            0.010808748728382502,
            0.010448235668114867,
            0.010013669453539752,
            0.00999877081664399
        ],
        "recall": [
            0.0010808519656670553,
            0.005404259828335276,
            0.010448235668114867,
            0.02002755112853661,
            0.04999470170605065
        ],
        "f1": [
            0.0019652043234495114,
            0.007205730675219351,
            0.010448235668114867,
            0.013351606431376981,
            0.016664665117231928
        ],
        "overlap": [
            0.00105977108944468,
            0.004577822990844354,
            0.010448235668114867,
            0.01998495300463066,
            0.05011253385552433
        ]
    }
}