{
    "ours": {
        "precision": [
            1.0,
            0.9219650729060699,
            0.728430645332203,
            0.4999947017621939,
            0.19999660914936274,
            0.09999809265055874,
            0.04999904632527937
        ],
        "recall": [
            0.0999894034121013,
            0.4609727667691004,
            0.728430645332203,
            1.0,
            1.0,
            1.0,
            1.0
        ],
        "f1": [
            0.18180066662813324,
            0.6146346977125337,
            0.728430645332203,
            0.6666619571053152,
            0.3333286238052516,
            0.1818150291690107,
            0.095236365214355
        ],
        "overlap": [
            0.5506570580754557,
            0.6505171244489657,
            0.728430645332203,
            0.7762236280213201,
            0.8443641943126957,
            0.8362794817943496,
            0.876381503796685
        ]
    },
    "bl": {
        "precision": [
            1.0,
            0.9421837911156324,
            0.7501960368761259,
            0.4999947017621939,
            0.19999660914936274,
            0.09999809265055874,
            0.04999904632527937
        ],
        "recall": [
            0.0999894034121013,
            0.47108191162445695,
            0.7501960368761259,
            1.0,
            1.0,
            1.0,
            1.0
        ],
        "f1": [
            0.18180066662813324,
            0.628113652740297,
            0.7501960368761259,
            0.6666619571053152,
            0.3333286238052516,
            0.1818150291690107,
            0.095236365214355
        ],
        "overlap": [
            0.4658753709198813,
            0.6707358426585284,
            0.7501960368761259,
            0.8039122187960285,
            0.8082897820954609,
            0.8174899705208547,
            0.8748598627979969
        ]
    },
    "random": {
        "precision": [
            0.007630351844001695,
            0.008519837232960325,
            0.008943520186499947,
            0.00945205624609255,
            0.00949862034764696,
            0.009767748416370145,
            0.009880070105688352
        ],
        "recall": [
            0.0007629543287061566,
            0.0042598283352760415,
            0.008943520186499947,
            0.01890431281127477,
            0.04749390696195825,
            0.09767934725018544,
            0.19760517113489456
        ],
        "f1": [
            0.0013872030518467143,
            0.005679811238114076,
            0.008943520186499947,
            0.01260278617649552,
            0.0158310786467642,
            0.017759573369502395,
            0.018819198246447937
        ],
        "overlap": [
            0.000423908435777872,
            0.003984401492031197,
            0.008943520186499947,
            0.019529304553305572,
            0.05009981816563458,
            0.09995146855310591,
            0.19982028529709087
        ]
    }
}