{
    "ours": {
        "precision": [
            1.0,
            0.9218802984062394,
            0.7280491681678499,
            0.4999947017621939,
            0.19999660914936274,
            0.09999809265055874,
            0.04999904632527937
        ],
        "recall": [
            0.0999894034121013,
            0.46093038041750556,
            0.7280491681678499,
            1.0,
            1.0,
            1.0,
            1.0
        ],
        "f1": [
            0.18180066662813324,
            0.6145781821778262,
            0.7280491681678499,
            0.6666619571053152,
            0.3333286238052516,
            0.1818150291690107,
            0.095236365214355
        ],
        "overlap": [
            0.5506570580754557,
            0.6504323499491353,
            0.7280491681678499,
            0.7763083998262178,
            0.8509890687452581,
            0.9108271750671281,
            0.9572817303474132
        ]
    },
    "bl": {
        "precision": [
            1.0,
            0.9421837911156324,
            0.7501960368761259,
            0.4999947017621939,
            0.19999660914936274,
            0.09999809265055874,
            0.04999904632527937
        ],
        "recall": [
            0.0999894034121013,
            0.47108191162445695,
            0.7501960368761259,
            1.0,
            1.0,
            1.0,
            1.0
        ],
        "f1": [
            0.18180066662813324,
            0.628113652740297,
            0.7501960368761259,
            0.6666619571053152,
            0.3333286238052516,
            0.1818150291690107,
            0.095236365214355
        ],
        "overlap": [
            0.4658753709198813,
            0.6707358426585284,
            0.7501960368761259,
            0.8039122187960285,
            0.8082897820954609,
            0.8174899705208547,
            0.8748598627979969
        ]
    },
    "random": {
        "precision": [
            0.008902077151335312,
            0.010723974228552051,
            0.0106601674260888,
            0.010098441258437443,
            0.01012592771554154,
            0.01001570384373298,
            0.0099987496264774
        ],
        "recall": [
            0.000890113383490516,
            0.00536187347674049,
            0.0106601674260888,
            0.02019709653491576,
            0.05063049697997245,
            0.10015894881848045,
            0.1999788068242026
        ],
        "f1": [
            0.0016184035604878328,
            0.0071492151405117485,
            0.0106601674260888,
            0.01346463590381192,
            0.016876593880910163,
            0.018210402200969474,
            0.019045254681840706
        ],
        "overlap": [
            0.000635862653666808,
            0.0054255679891488644,
            0.0106601674260888,
            0.020101514236364984,
            0.05016339661508335,
            0.10009769867693527,
            0.19985843228591593
        ]
    }
}