{
    "ours": {
        "precision": [
            1.0,
            0.9731688708036622,
            0.7594998410511815,
            0.4999947017621939,
            0.19999660914936274
        ],
        "recall": [
            0.0999894034121013,
            0.4865741231323514,
            0.7594998410511815,
            1.0,
            1.0
        ],
        "f1": [
            0.18180066662813324,
            0.6487700806759258,
            0.7594998410511815,
            0.6666619571053152,
            0.3333286238052516
        ],
        "overlap": [
            0.6377702416278084,
            0.6975245846049508,
            0.7594998410511815,
            0.7757255936675461,
            0.8362515841630321
        ]
    },
    "bl": {
        "precision": [
            1.0,
            1.0,
            0.7781286425770901,
            0.4999947017621939,
            0.19999660914936274
        ],
        "recall": [
            0.0999894034121013,
            0.4999894034121013,
            0.7781286425770901,
            1.0,
            1.0
        ],
        "f1": [
            0.18180066662813324,
            0.6666572474108821,
            0.7781286425770901,
            0.6666619571053152,
            0.3333286238052516
        ],
        "overlap": [
            0.5987706655362441,
            0.7377076975245846,
            0.7781286425770901,
            0.8074514416505071,
            0.8136134175959717
        ]
    },
    "random": {
        "precision": [
            0.010809665112335736,
            0.010130552729738895,
            0.010342269789127901,
            0.010056055355988597,
            0.00999877081664399
        ],
        "recall": [
            0.0010808519656670553,
            0.005065169015576985,
            0.010342269789127901,
            0.020112323831726186,
            0.04999470170605065
        ],
        "f1": [
            0.0019652043234495114,
            0.006753606397558529,
            0.010342269789127901,
            0.013408121167594449,
            0.016664665117231928
        ],
        "overlap": [
            0.000847816871555744,
            0.004916920990166158,
            0.010342269789127901,
            0.019878988248508547,
            0.04988365143750874
        ]
    }
}