{
    "ours": {
        "precision": [
            1.0,
            0.9730840963038319,
            0.7592879092932076,
            0.4999947017621939,
            0.19999660914936274
        ],
        "recall": [
            0.0999894034121013,
            0.4865317367807566,
            0.7592879092932076,
            1.0,
            1.0
        ],
        "f1": [
            0.18180066662813324,
            0.6487135651412183,
            0.7592879092932076,
            0.6666619571053152,
            0.3333286238052516
        ],
        "overlap": [
            0.6377702416278084,
            0.6974398101051204,
            0.7592879092932076,
            0.7762978033506056,
            0.8532948471786004
        ]
    },
    "bl": {
        "precision": [
            1.0,
            1.0,
            0.7781286425770901,
            0.4999947017621939,
            0.19999660914936274
        ],
        "recall": [
            0.0999894034121013,
            0.4999894034121013,
            0.7781286425770901,
            1.0,
            1.0
        ],
        "f1": [
            0.18180066662813324,
            0.6666572474108821,
            0.7781286425770901,
            0.6666619571053152,
            0.3333286238052516
        ],
        "overlap": [
            0.5987706655362441,
            0.7377076975245846,
            0.7781286425770901,
            0.8074514416505071,
            0.8136134175959717
        ]
    },
    "random": {
        "precision": [
            0.011445527766002543,
            0.009452356731095287,
            0.010151531206951362,
            0.010119634209661867,
            0.0100242021964235
        ],
        "recall": [
            0.001144431493059235,
            0.004726078202818692,
            0.010151531206951362,
            0.020239482886510545,
            0.05012186076083501
        ],
        "f1": [
            0.0020808045777700713,
            0.006301482119897707,
            0.010151531206951362,
            0.013492893271920655,
            0.016707050869967575
        ],
        "overlap": [
            0.000847816871555744,
            0.0043234994913530014,
            0.010151531206951362,
            0.020165093090038253,
            0.050968723641434496
        ]
    }
}