{
    "ours": {
        "precision": [
            1.0,
            0.9718548660562902,
            0.735170075235774,
            0.4999947017621939,
            0.19999660914936274
        ],
        "recall": [
            0.0999894034121013,
            0.4859171346826322,
            0.735170075235774,
            1.0,
            1.0
        ],
        "f1": [
            0.18180066662813324,
            0.6478940898879578,
            0.735170075235774,
            0.6666619571053152,
            0.3333286238052516
        ],
        "overlap": [
            0.6250529885544722,
            0.6962105798575788,
            0.735170075235774,
            0.779773447351411,
            0.8546639031233972
        ]
    },
    "bl": {
        "precision": [
            1.0,
            0.9433706341132587,
            0.6887358270636855,
            0.4999947017621939,
            0.19999660914936274
        ],
        "recall": [
            0.0999894034121013,
            0.47167532054678396,
            0.6887358270636855,
            1.0,
            1.0
        ],
        "f1": [
            0.18180066662813324,
            0.6289048702262034,
            0.6887358270636855,
            0.6666619571053152,
            0.3333286238052516
        ],
        "overlap": [
            0.5150487494701145,
            0.6677263479145473,
            0.6887358270636855,
            0.6994839516376853,
            0.7257098533880956
        ]
    },
    "random": {
        "precision": [
            0.006782534972445952,
            0.009537131230925738,
            0.010257497085938328,
            0.010119634209661867,
            0.009723264202365967
        ],
        "recall": [
            0.0006781816255165837,
            0.004768464554413479,
            0.010257497085938328,
            0.020239482886510545,
            0.04861714527922009
        ],
        "f1": [
            0.0012330693794193014,
            0.006357997654605309,
            0.010257497085938328,
            0.013492893271920655,
            0.01620548612926242
        ],
        "overlap": [
            0.000635862653666808,
            0.004662597490674805,
            0.010257497085938328,
            0.019889584724120758,
            0.04989212856410191
        ]
    }
}