{
    "ours": {
        "precision": [
            1.0,
            0.9718972533062055,
            0.7354455865211402,
            0.4999947017621939,
            0.19999660914936274
        ],
        "recall": [
            0.0999894034121013,
            0.4859383278584296,
            0.7354455865211402,
            1.0,
            1.0
        ],
        "f1": [
            0.18180066662813324,
            0.6479223476553118,
            0.7354455865211402,
            0.6666619571053152,
            0.3333286238052516
        ],
        "overlap": [
            0.6250529885544722,
            0.6962529671074941,
            0.7354455865211402,
            0.7804622182662047,
            0.7920518461062438
        ]
    },
    "bl": {
        "precision": [
            1.0,
            0.9433706341132587,
            0.6887358270636855,
            0.4999947017621939,
            0.19999660914936274
        ],
        "recall": [
            0.0999894034121013,
            0.47167532054678396,
            0.6887358270636855,
            1.0,
            1.0
        ],
        "f1": [
            0.18180066662813324,
            0.6289048702262034,
            0.6887358270636855,
            0.6666619571053152,
            0.3333286238052516
        ],
        "overlap": [
            0.5150487494701145,
            0.6677263479145473,
            0.6887358270636855,
            0.6994839516376853,
            0.7257098533880956
        ]
    },
    "random": {
        "precision": [
            0.011233573548113607,
            0.010215327229569346,
            0.009430963229839991,
            0.009282512636297167,
            0.009574914486985492
        ],
        "recall": [
            0.0011232383172618417,
            0.005107555367171771,
            0.009430963229839991,
            0.018565221998516478,
            0.04787538412631133
        ],
        "f1": [
            0.002042271159663218,
            0.006810121932266132,
            0.009430963229839991,
            0.012376727231625646,
            0.015958235904971144
        ],
        "overlap": [
            0.00105977108944468,
            0.004493048491013903,
            0.009430963229839991,
            0.018872323065348466,
            0.04984550436783948
        ]
    }
}