{
    "ours": {
        "precision": [
            1.0,
            1.0,
            0.7616403518067182,
            0.4999947017621939,
            0.19999660914936274,
            0.09999809265055874,
            0.04999904632527937
        ],
        "recall": [
            0.0999894034121013,
            0.4999894034121013,
            0.7616403518067182,
            1.0,
            1.0,
            1.0,
            1.0
        ],
        "f1": [
            0.18180066662813324,
            0.6666572474108821,
            0.7616403518067181,
            0.6666619571053152,
            0.3333286238052516,
            0.1818150291690107,
            0.095236365214355
        ],
        "overlap": [
            0.6945739720220432,
            0.7249067480501865,
            0.7616403518067182,
            0.7964099140625828,
            0.8671507105951367,
            0.9149300956429781,
            0.9584282592893216
        ]
    },
    "bl": {
        "precision": [
            1.0,
            1.0,
            0.788682844124192,
            0.4999947017621939,
            0.19999660914936274,
            0.09999809265055874,
            0.04999904632527937
        ],
        "recall": [
            0.0999894034121013,
            0.4999894034121013,
            0.788682844124192,
            1.0,
            1.0,
            1.0,
            1.0
        ],
        "f1": [
            0.18180066662813324,
            0.6666572474108821,
            0.788682844124192,
            0.6666619571053152,
            0.3333286238052516,
            0.1818150291690107,
            0.095236365214355
        ],
        "overlap": [
            0.579270877490462,
            0.757884028484232,
            0.788682844124192,
            0.7966960189041125,
            0.7832737815190163,
            0.8070885582345574,
            0.8702069897999191
        ]
    },
    "random": {
        "precision": [
            0.0072064434082238235,
            0.010130552729738895,
            0.009494542757232171,
            0.009727564612010046,
            0.0100242021964235,
            0.009958483360495402,
            0.009981795409221823
        ],
        "recall": [
            0.0007205679771113701,
            0.005065169015576985,
            0.009494542757232171,
            0.019455335382006993,
            0.05012186076083501,
            0.09958673307195083,
            0.1996397160114443
        ],
        "f1": [
            0.0013101362156330077,
            0.006753606397558529,
            0.009494542757232171,
            0.012970131961909067,
            0.016707050869967575,
            0.01810636477832322,
            0.019012960905356025
        ],
        "overlap": [
            0.00105977108944468,
            0.0058918277382163445,
            0.009494542757232171,
            0.01991077767534518,
            0.05048552742562381,
            0.10002140469928517,
            0.19994320337219382
        ]
    }
}