{
    "ours": {
        "precision": [
            1.0,
            1.0,
            0.7616615449825156,
            0.4999947017621939,
            0.19999660914936274,
            0.09999809265055874,
            0.04999904632527937
        ],
        "recall": [
            0.0999894034121013,
            0.4999894034121013,
            0.7616615449825156,
            1.0,
            1.0,
            1.0,
            1.0
        ],
        "f1": [
            0.18180066662813324,
            0.6666572474108821,
            0.7616615449825157,
            0.6666619571053152,
            0.3333286238052516,
            0.1818150291690107,
            0.095236365214355
        ],
        "overlap": [
            0.6945739720220432,
            0.7249067480501865,
            0.7616615449825156,
            0.7965582647211538,
            0.8268419736446134,
            0.8222816561727126,
            0.8728412513060045
        ]
    },
    "bl": {
        "precision": [
            1.0,
            1.0,
            0.788682844124192,
            0.4999947017621939,
            0.19999660914936274,
            0.09999809265055874,
            0.04999904632527937
        ],
        "recall": [
            0.0999894034121013,
            0.4999894034121013,
            0.788682844124192,
            1.0,
            1.0,
            1.0,
            1.0
        ],
        "f1": [
            0.18180066662813324,
            0.6666572474108821,
            0.788682844124192,
            0.6666619571053152,
            0.3333286238052516,
            0.1818150291690107,
            0.095236365214355
        ],
        "overlap": [
            0.579270877490462,
            0.757884028484232,
            0.788682844124192,
            0.7966960189041125,
            0.7832737815190163,
            0.8070885582345574,
            0.8702069897999191
        ]
    },
    "random": {
        "precision": [
            0.00847816871555744,
            0.01157171922685656,
            0.010935678711454911,
            0.01082959807568003,
            0.010376002950040054,
            0.010098355652853925,
            0.010055970109714978
        ],
        "recall": [
            0.0008477270318957296,
            0.005785736992688354,
            0.010935678711454911,
            0.02165942566493589,
            0.05188089435201865,
            0.10098548267457878,
            0.20112323831726184
        ],
        "f1": [
            0.0015413367242741267,
            0.007714370487587775,
            0.010935678711454911,
            0.014439515103563253,
            0.017293387116144025,
            0.01836067847812517,
            0.019154246177476502
        ],
        "overlap": [
            0.001271725307333616,
            0.006018989487962021,
            0.010935678711454911,
            0.0202074789924871,
            0.049612383386527306,
            0.1001125336170339,
            0.20010108952038638
        ]
    }
}