{
    "ours": {
        "precision": [
            1.0,
            0.9423533401152934,
            0.7215004768464555,
            0.4999947017621939,
            0.19999660914936274,
            0.09999809265055874,
            0.04999904632527937
        ],
        "recall": [
            0.0999894034121013,
            0.4711666843276465,
            0.7215004768464555,
            1.0,
            1.0,
            1.0,
            1.0
        ],
        "f1": [
            0.18180066662813324,
            0.6282266838097122,
            0.7215004768464555,
            0.6666619571053152,
            0.3333286238052516,
            0.1818150291690107,
            0.095236365214355
        ],
        "overlap": [
            0.566341670199237,
            0.6743387589013224,
            0.7215004768464555,
            0.7831113371692575,
            0.8525742914181809,
            0.9138980076675447,
            0.9629380810793055
        ]
    },
    "bl": {
        "precision": [
            1.0,
            0.8690657850118684,
            0.6799830454593621,
            0.4999947017621939,
            0.19999660914936274,
            0.09999809265055874,
            0.04999904632527937
        ],
        "recall": [
            0.0999894034121013,
            0.4345236833739536,
            0.6799830454593621,
            1.0,
            1.0,
            1.0,
            1.0
        ],
        "f1": [
            0.18180066662813324,
            0.5793690040549896,
            0.6799830454593621,
            0.6666619571053152,
            0.3333286238052516,
            0.1818150291690107,
            0.095236365214355
        ],
        "overlap": [
            0.3963543874523103,
            0.6010512037978976,
            0.6799830454593621,
            0.7487151773320194,
            0.7842401739506377,
            0.8278659514812687,
            0.9149597655231754
        ]
    },
    "random": {
        "precision": [
            0.008266214497668503,
            0.010045778229908443,
            0.010257497085938328,
            0.010331563721906094,
            0.010359048696853715,
            0.010119548424423398,
            0.009982855047800296
        ],
        "recall": [
            0.0008265338560983364,
            0.005022782663982198,
            0.010257497085938328,
            0.02066334640245841,
            0.051796121648829074,
            0.10119741443255272,
            0.19966090918724172
        ],
        "f1": [
            0.0015028033061672734,
            0.006697090862850926,
            0.010257497085938328,
            0.013775466953007996,
            0.017265129947653595,
            0.01839921085688304,
            0.019014979266386314
        ],
        "overlap": [
            0.000847816871555744,
            0.004916920990166158,
            0.010257497085938328,
            0.020260461370548155,
            0.05023121362782871,
            0.10018246976321317,
            0.20018374132950734
        ]
    }
}