{
    "ours": {
        "precision": [
            1.0,
            0.9423533401152934,
            0.7215004768464555,
            0.4999947017621939,
            0.19999660914936274,
            0.09999809265055874,
            0.04999904632527937
        ],
        "recall": [
            0.0999894034121013,
            0.4711666843276465,
            0.7215004768464555,
            1.0,
            1.0,
            1.0,
            1.0
        ],
        "f1": [
            0.18180066662813324,
            0.6282266838097122,
            0.7215004768464555,
            0.6666619571053152,
            0.3333286238052516,
            0.1818150291690107,
            0.095236365214355
        ],
        "overlap": [
            0.566341670199237,
            0.6743387589013224,
            0.7215004768464555,
            0.7836199679986436,
            0.8273124541705343,
            0.8408804325020822,
            0.91535924926726
        ]
    },
    "bl": {
        "precision": [
            1.0,
            0.8690657850118684,
            0.6799830454593621,
            0.4999947017621939,
            0.19999660914936274,
            0.09999809265055874,
            0.04999904632527937
        ],
        "recall": [
            0.0999894034121013,
            0.4345236833739536,
            0.6799830454593621,
            1.0,
            1.0,
            1.0,
            1.0
        ],
        "f1": [
            0.18180066662813324,
            0.5793690040549896,
            0.6799830454593621,
            0.6666619571053152,
            0.3333286238052516,
            0.1818150291690107,
            0.095236365214355
        ],
        "overlap": [
            0.3963543874523103,
            0.6010512037978976,
            0.6799830454593621,
            0.7487151773320194,
            0.7842401739506377,
            0.8278659514812687,
            0.9149597655231754
        ]
    },
    "random": {
        "precision": [
            0.008690122933446376,
            0.009198033231603934,
            0.009324997350853025,
            0.009579213953439086,
            0.009926715240602046,
            0.009926694203141193,
            0.010051731555401084
        ],
        "recall": [
            0.0008689202076931228,
            0.004598919148034333,
            0.009324997350853025,
            0.019158630920843488,
            0.049634417717494966,
            0.09926883543498993,
            0.20103846561407226
        ],
        "f1": [
            0.0015798701423809798,
            0.006131935515774898,
            0.009324997350853025,
            0.012772330385147926,
            0.016544572151147595,
            0.01804856621018642,
            0.019146172733355334
        ],
        "overlap": [
            0.000847816871555744,
            0.00423872499152255,
            0.009324997350853025,
            0.020016742431467293,
            0.049633576203010225,
            0.09978404565770707,
            0.2000682407244537
        ]
    }
}