{
    "ours": {
        "precision": [
            1.0,
            0.949813496100373,
            0.7152696831620218,
            0.4999947017621939,
            0.19999660914936274,
            0.09999809265055874,
            0.04999904632527937
        ],
        "recall": [
            0.0999894034121013,
            0.47489668326798773,
            0.7152696831620218,
            1.0,
            1.0,
            1.0,
            1.0
        ],
        "f1": [
            0.18180066662813324,
            0.6332000508639812,
            0.7152696831620218,
            0.6666619571053152,
            0.3333286238052516,
            0.1818150291690107,
            0.095236365214355
        ],
        "overlap": [
            0.5875370919881305,
            0.6817989148864022,
            0.7152696831620218,
            0.7761070667895857,
            0.8169152584040114,
            0.8245302092362337,
            0.9023998694525271
        ]
    },
    "bl": {
        "precision": [
            1.0,
            0.905645981688708,
            0.6860866800890113,
            0.4999947017621939,
            0.19999660914936274,
            0.09999809265055874,
            0.04999904632527937
        ],
        "recall": [
            0.0999894034121013,
            0.45281339408710397,
            0.6860866800890113,
            1.0,
            1.0,
            1.0,
            1.0
        ],
        "f1": [
            0.18180066662813324,
            0.6037554572813202,
            0.6860866800890113,
            0.6666619571053152,
            0.3333286238052516,
            0.1818150291690107,
            0.095236365214355
        ],
        "overlap": [
            0.5324289953370072,
            0.6376314004747372,
            0.6860866800890113,
            0.7304256604253425,
            0.7625387298721226,
            0.8064972799077691,
            0.9041662869628427
        ]
    },
    "random": {
        "precision": [
            0.00953793980500212,
            0.009113258731773483,
            0.009833633569990462,
            0.009960687075478696,
            0.009909760987415705,
            0.00995212552902456,
            0.010044314085351768
        ],
        "recall": [
            0.0009536929108826958,
            0.0045565327964395465,
            0.009833633569990462,
            0.019921585249549643,
            0.049549645014305393,
            0.09952315354455865,
            0.20089011338349053
        ],
        "f1": [
            0.0017340038148083924,
            0.006075419981067296,
            0.009833633569990462,
            0.013280963011105144,
            0.01651631498265716,
            0.018094805064695862,
            0.01913204420614328
        ],
        "overlap": [
            0.001483679525222552,
            0.0049593082400813835,
            0.009833633569990462,
            0.020472390882792384,
            0.050032001152889215,
            0.10024816735507854,
            0.2001127455447496
        ]
    }
}