{
    "ours": {
        "precision": [
            1.0,
            0.9497711088504578,
            0.7151637172830348,
            0.4999947017621939,
            0.19999660914936274,
            0.09999809265055874,
            0.04999904632527937
        ],
        "recall": [
            0.0999894034121013,
            0.4748754900921903,
            0.7151637172830348,
            1.0,
            1.0,
            1.0,
            1.0
        ],
        "f1": [
            0.18180066662813324,
            0.6331717930966275,
            0.7151637172830347,
            0.6666619571053152,
            0.3333286238052516,
            0.1818150291690107,
            0.095236365214355
        ],
        "overlap": [
            0.5875370919881305,
            0.681756527636487,
            0.7151637172830348,
            0.7746871390575495,
            0.853430481204091,
            0.9130375811418241,
            0.9626986027605704
        ]
    },
    "bl": {
        "precision": [
            1.0,
            0.905645981688708,
            0.6860866800890113,
            0.4999947017621939,
            0.19999660914936274,
            0.09999809265055874,
            0.04999904632527937
        ],
        "recall": [
            0.0999894034121013,
            0.45281339408710397,
            0.6860866800890113,
            1.0,
            1.0,
            1.0,
            1.0
        ],
        "f1": [
            0.18180066662813324,
            0.6037554572813202,
            0.6860866800890113,
            0.6666619571053152,
            0.3333286238052516,
            0.1818150291690107,
            0.095236365214355
        ],
        "overlap": [
            0.5324289953370072,
            0.6376314004747372,
            0.6860866800890113,
            0.7304256604253425,
            0.7625387298721226,
            0.8064972799077691,
            0.9041662869628427
        ]
    },
    "random": {
        "precision": [
            0.009749894022891056,
            0.0106391997287216,
            0.010363462964925295,
            0.00998188002670312,
            0.01006658782938935,
            0.009742317090486776,
            0.009831326731078564
        ],
        "recall": [
            0.000974886086680089,
            0.005319487125145703,
            0.010363462964925295,
            0.01996397160114443,
            0.05033379251880894,
            0.09742502914061672,
            0.19663028504821448
        ],
        "f1": [
            0.0017725372329152455,
            0.007092699605804146,
            0.010363462964925295,
            0.01330922037921388,
            0.016777693791193656,
            0.01771333451499295,
            0.01872635363905448
        ],
        "overlap": [
            0.001271725307333616,
            0.004832146490335707,
            0.010363462964925295,
            0.01990018119973297,
            0.04991332138058484,
            0.10018458904037011,
            0.19995803831229245
        ]
    }
}