{
    "ours": {
        "precision": [
            1.0,
            0.9742709393014581,
            0.7389212673519127,
            0.4999947017621939,
            0.19999660914936274,
            0.09999809265055874,
            0.04999904632527937
        ],
        "recall": [
            0.0999894034121013,
            0.48712514570308363,
            0.7389212673519127,
            1.0,
            1.0,
            1.0,
            1.0
        ],
        "f1": [
            0.18180066662813324,
            0.6495047826271246,
            0.7389212673519127,
            0.6666619571053152,
            0.3333286238052516,
            0.1818150291690107,
            0.095236365214355
        ],
        "overlap": [
            0.6265366680796948,
            0.7035435740929129,
            0.7389212673519127,
            0.7717837047398035,
            0.8501074475795685,
            0.9077118376464156,
            0.9563248767110514
        ]
    },
    "bl": {
        "precision": [
            1.0,
            0.944557477110885,
            0.7376284836282717,
            0.4999947017621939,
            0.19999660914936274,
            0.09999809265055874,
            0.04999904632527937
        ],
        "recall": [
            0.0999894034121013,
            0.47226872946911097,
            0.7376284836282717,
            1.0,
            1.0,
            1.0,
            1.0
        ],
        "f1": [
            0.18180066662813324,
            0.6296960877121099,
            0.7376284836282718,
            0.6666619571053152,
            0.3333286238052516,
            0.1818150291690107,
            0.095236365214355
        ],
        "overlap": [
            0.4665112335735481,
            0.6738301119023398,
            0.7376284836282717,
            0.7809920420468153,
            0.8032119832661521,
            0.8129292860791041,
            0.8830720617811677
        ]
    },
    "random": {
        "precision": [
            0.009749894022891056,
            0.010766361478467277,
            0.01006675850376179,
            0.009642792807112355,
            0.009731741328959136,
            0.009871592997060563,
            0.010001928542212822
        ],
        "recall": [
            0.000974886086680089,
            0.005383066652537883,
            0.01006675850376179,
            0.019285789975627847,
            0.04865953163081488,
            0.09871781286425771,
            0.2000423863515948
        ],
        "f1": [
            0.0017725372329152455,
            0.00717747290786555,
            0.01006675850376179,
            0.012857102489474132,
            0.01621961471350763,
            0.017948382025415956,
            0.019051309764931582
        ],
        "overlap": [
            0.001695633743111488,
            0.005510342488979315,
            0.01006675850376179,
            0.02005912833391614,
            0.049540327810485354,
            0.09989000951555443,
            0.19993896481787993
        ]
    }
}