{
    "ours": {
        "precision": [
            1.0,
            0.9746948118006104,
            0.7409981985800572,
            0.4999947017621939,
            0.19999660914936274,
            0.09999809265055874,
            0.04999904632527937
        ],
        "recall": [
            0.0999894034121013,
            0.48733707746105753,
            0.7409981985800572,
            1.0,
            1.0,
            1.0,
            1.0
        ],
        "f1": [
            0.18180066662813324,
            0.6497873603006625,
            0.7409981985800571,
            0.6666619571053152,
            0.3333286238052516,
            0.1818150291690107,
            0.095236365214355
        ],
        "overlap": [
            0.6265366680796948,
            0.7039674465920651,
            0.7409981985800572,
            0.7746129637282639,
            0.8318604325877701,
            0.8329797672609827,
            0.882958680453271
        ]
    },
    "bl": {
        "precision": [
            1.0,
            0.944557477110885,
            0.7376284836282717,
            0.4999947017621939,
            0.19999660914936274,
            0.09999809265055874,
            0.04999904632527937
        ],
        "recall": [
            0.0999894034121013,
            0.47226872946911097,
            0.7376284836282717,
            1.0,
            1.0,
            1.0,
            1.0
        ],
        "f1": [
            0.18180066662813324,
            0.6296960877121099,
            0.7376284836282718,
            0.6666619571053152,
            0.3333286238052516,
            0.1818150291690107,
            0.095236365214355
        ],
        "overlap": [
            0.4665112335735481,
            0.6738301119023398,
            0.7376284836282717,
            0.7809920420468153,
            0.8032119832661521,
            0.8129292860791041,
            0.8830720617811677
        ]
    },
    "random": {
        "precision": [
            0.0105977108944468,
            0.009961003730077992,
            0.009833633569990462,
            0.010098441258437443,
            0.009930953803898631,
            0.009966960469123192,
            0.009991332156428086
        ],
        "recall": [
            0.0010596587898696619,
            0.004980396312387411,
            0.009833633569990462,
            0.02019709653491576,
            0.04965561089329236,
            0.0996715057751404,
            0.19983045459362087
        ],
        "f1": [
            0.0019266709053426582,
            0.006640575328143323,
            0.009833633569990462,
            0.01346463590381192,
            0.016551636443270203,
            0.018121777729826375,
            0.019031126154628656
        ],
        "overlap": [
            0.00105977108944468,
            0.004662597490674805,
            0.009833633569990462,
            0.019518708077693358,
            0.0493029682658766,
            0.1001210107256617,
            0.20016572747367328
        ]
    }
}