{
    "ours": {
        "precision": [
            1.0,
            0.9425652763648694,
            0.7195507046730952,
            0.4999947017621939,
            0.19999660914936274,
            0.09999809265055874,
            0.04999904632527937
        ],
        "recall": [
            0.0999894034121013,
            0.47127265020663345,
            0.7195507046730952,
            1.0,
            1.0,
            1.0,
            1.0
        ],
        "f1": [
            0.18180066662813324,
            0.6283679726464811,
            0.7195507046730953,
            0.6666619571053152,
            0.3333286238052516,
            0.1818150291690107,
            0.095236365214355
        ],
        "overlap": [
            0.5657058075455702,
            0.6711173279077653,
            0.7195507046730952,
            0.7706604783249091,
            0.8269776076701041,
            0.8330687769015744,
            0.8977851434432743
        ]
    },
    "bl": {
        "precision": [
            1.0,
            0.9244235334011529,
            0.7178128642577091,
            0.4999947017621939,
            0.19999660914936274,
            0.09999809265055874,
            0.04999904632527937
        ],
        "recall": [
            0.0999894034121013,
            0.46220197096534915,
            0.7178128642577091,
            1.0,
            1.0,
            1.0,
            1.0
        ],
        "f1": [
            0.18180066662813324,
            0.6162736482190542,
            0.717812864257709,
            0.6666619571053152,
            0.3333286238052516,
            0.1818150291690107,
            0.095236365214355
        ],
        "overlap": [
            0.4658753709198813,
            0.6529755849440488,
            0.7178128642577091,
            0.7671212554704305,
            0.7834602783040661,
            0.8165108644743451,
            0.8995134139647649
        ]
    },
    "random": {
        "precision": [
            0.009114031369224248,
            0.009282807731434384,
            0.009346190526650418,
            0.009494442148541395,
            0.009795319778407911,
            0.009911859263042562,
            0.010047493001087189
        ],
        "recall": [
            0.0009113065592879092,
            0.004641305499629119,
            0.009346190526650418,
            0.018989085514464342,
            0.04897742926777578,
            0.09912048320440818,
            0.2009536929108827
        ],
        "f1": [
            0.001656936978594686,
            0.006188451050482502,
            0.009346190526650418,
            0.01265930091271299,
            0.01632557909534675,
            0.01802159354505591,
            0.019138099289234163
        ],
        "overlap": [
            0.000847816871555744,
            0.004408273991183452,
            0.009346190526650418,
            0.02013330366320162,
            0.04973954028542485,
            0.10004259747085464,
            0.19984889553870966
        ]
    }
}