{
    "ours": {
        "precision": [
            1.0,
            0.9424381146151237,
            0.7190632616297552,
            0.4999947017621939,
            0.19999660914936274,
            0.09999809265055874,
            0.04999904632527937
        ],
        "recall": [
            0.0999894034121013,
            0.4712090706792413,
            0.7190632616297552,
            1.0,
            1.0,
            1.0,
            1.0
        ],
        "f1": [
            0.18180066662813324,
            0.6282831993444197,
            0.7190632616297552,
            0.6666619571053152,
            0.3333286238052516,
            0.1818150291690107,
            0.095236365214355
        ],
        "overlap": [
            0.5654938533276812,
            0.6709901661580197,
            0.7190632616297552,
            0.7710419514469488,
            0.8506372679916415,
            0.9072413581175732,
            0.9576462460184081
        ]
    },
    "bl": {
        "precision": [
            1.0,
            0.9244235334011529,
            0.7178128642577091,
            0.4999947017621939,
            0.19999660914936274,
            0.09999809265055874,
            0.04999904632527937
        ],
        "recall": [
            0.0999894034121013,
            0.46220197096534915,
            0.7178128642577091,
            1.0,
            1.0,
            1.0,
            1.0
        ],
        "f1": [
            0.18180066662813324,
            0.6162736482190542,
            0.717812864257709,
            0.6666619571053152,
            0.3333286238052516,
            0.1818150291690107,
            0.095236365214355
        ],
        "overlap": [
            0.4658753709198813,
            0.6529755849440488,
            0.7178128642577091,
            0.7671212554704305,
            0.7834602783040661,
            0.8165108644743451,
            0.8995134139647649
        ]
    },
    "random": {
        "precision": [
            0.010173802458668928,
            0.00885893523228213,
            0.009579315460421744,
            0.010087844782825232,
            0.009663924316213776,
            0.009725362873231199,
            0.00994046950466135
        ],
        "recall": [
            0.0010172724382748754,
            0.004429373741655187,
            0.009579315460421744,
            0.020175903359118365,
            0.04832044081805659,
            0.09725548373423758,
            0.198813182155346
        ],
        "f1": [
            0.0018496040691289518,
            0.005905873376944488,
            0.009579315460421744,
            0.013450507219757551,
            0.016106586039545907,
            0.017682508611986652,
            0.018934244825174612
        ],
        "overlap": [
            0.000635862653666808,
            0.003984401492031197,
            0.009579315460421744,
            0.020154496614426042,
            0.050188827994862864,
            0.09966960469123191,
            0.20019009916097819
        ]
    }
}