{
    "ours": {
        "precision": [
            1.0,
            0.9326890471346219,
            0.7238317261841687,
            0.4999947017621939,
            0.19999660914936274,
            0.09999809265055874,
            0.04999904632527937
        ],
        "recall": [
            0.0999894034121013,
            0.4663346402458408,
            0.7238317261841687,
            1.0,
            1.0,
            1.0,
            1.0
        ],
        "f1": [
            0.18180066662813324,
            0.6217839128530455,
            0.7238317261841687,
            0.6666619571053152,
            0.3333286238052516,
            0.1818150291690107,
            0.095236365214355
        ],
        "overlap": [
            0.5584993641373464,
            0.6612410986775178,
            0.7238317261841687,
            0.7863538587065941,
            0.8476575579941423,
            0.8527653387982427,
            0.8892317408378351
        ]
    },
    "bl": {
        "precision": [
            1.0,
            0.9467616141064767,
            0.7623397266080322,
            0.4999947017621939,
            0.19999660914936274,
            0.09999809265055874,
            0.04999904632527937
        ],
        "recall": [
            0.0999894034121013,
            0.4733707746105754,
            0.7623397266080322,
            1.0,
            1.0,
            1.0,
            1.0
        ],
        "f1": [
            0.18180066662813324,
            0.6311654916145076,
            0.7623397266080321,
            0.6666619571053152,
            0.3333286238052516,
            0.1818150291690107,
            0.095236365214355
        ],
        "overlap": [
            0.3698601102161933,
            0.6753136656493727,
            0.7623397266080322,
            0.8197433533606723,
            0.8375358688418973,
            0.8319476792855492,
            0.8888258992622796
        ]
    },
    "random": {
        "precision": [
            0.010385756676557863,
            0.009537131230925738,
            0.009876019921585249,
            0.009960687075478696,
            0.010104734899058615,
            0.010083520712755293,
            0.00994364842039677
        ],
        "recall": [
            0.0010384656140722686,
            0.004768464554413479,
            0.009876019921585249,
            0.019921585249549643,
            0.05052453110098548,
            0.10083713044399703,
            0.19887676168273816
        ],
        "f1": [
            0.0018881374872358049,
            0.006357997654605309,
            0.009876019921585249,
            0.013280963011105144,
            0.016841272420297124,
            0.01833370581299466,
            0.01894029990826549
        ],
        "overlap": [
            0.0019075879610004239,
            0.004365886741268227,
            0.009876019921585249,
            0.020175689565650464,
            0.049853981494432646,
            0.09978828421202096,
            0.1998351202371895
        ]
    }
}