{
    "ours": {
        "precision": [
            1.0,
            0.9323499491353001,
            0.722284624350959,
            0.4999947017621939,
            0.19999660914936274,
            0.09999809265055874,
            0.04999904632527937
        ],
        "recall": [
            0.0999894034121013,
            0.46616509483946167,
            0.722284624350959,
            1.0,
            1.0,
            1.0,
            1.0
        ],
        "f1": [
            0.18180066662813324,
            0.6215578507142151,
            0.722284624350959,
            0.6666619571053152,
            0.3333286238052516,
            0.1818150291690107,
            0.095236365214355
        ],
        "overlap": [
            0.5584993641373464,
            0.660902000678196,
            0.722284624350959,
            0.7855485265600661,
            0.8482467182923676,
            0.9101193364967077,
            0.957771283370668
        ]
    },
    "bl": {
        "precision": [
            1.0,
            0.9467616141064767,
            0.7623397266080322,
            0.4999947017621939,
            0.19999660914936274,
            0.09999809265055874,
            0.04999904632527937
        ],
        "recall": [
            0.0999894034121013,
            0.4733707746105754,
            0.7623397266080322,
            1.0,
            1.0,
            1.0,
            1.0
        ],
        "f1": [
            0.18180066662813324,
            0.6311654916145076,
            0.7623397266080321,
            0.6666619571053152,
            0.3333286238052516,
            0.1818150291690107,
            0.095236365214355
        ],
        "overlap": [
            0.3698601102161933,
            0.6753136656493727,
            0.7623397266080322,
            0.8197433533606723,
            0.8375358688418973,
            0.8319476792855492,
            0.8888258992622796
        ]
    },
    "random": {
        "precision": [
            0.011233573548113607,
            0.010978297728043405,
            0.010638974250291406,
            0.010405739051191574,
            0.009778365525221572,
            0.010041135169616347,
            0.010008286373683664
        ],
        "recall": [
            0.0011232383172618417,
            0.005489032531524849,
            0.010638974250291406,
            0.020811698633040162,
            0.048892656564586204,
            0.10041326692804917,
            0.20016954540637916
        ],
        "f1": [
            0.002042271159663218,
            0.007318761744634555,
            0.010638974250291406,
            0.013874367741388567,
            0.01629732192685632,
            0.01825664105547892,
            0.019063419931113337
        ],
        "overlap": [
            0.00105977108944468,
            0.0060613767378772465,
            0.010638974250291406,
            0.020482987358404595,
            0.04970987034234876,
            0.10041135169616347,
            0.20024837928279424
        ]
    }
}