{
    "ours": {
        "precision": [
            1.0,
            0.9295947778908105,
            0.711179400233125,
            0.4999947017621939,
            0.19999660914936274,
            0.09999809265055874,
            0.04999904632527937
        ],
        "recall": [
            0.0999894034121013,
            0.46478753841263115,
            0.711179400233125,
            1.0,
            1.0,
            1.0,
            1.0
        ],
        "f1": [
            0.18180066662813324,
            0.6197210958362179,
            0.711179400233125,
            0.6666619571053152,
            0.3333286238052516,
            0.1818150291690107,
            0.095236365214355
        ],
        "overlap": [
            0.5926239932174651,
            0.6615801966768396,
            0.711179400233125,
            0.7748248932405082,
            0.7989522271530842,
            0.8064930413534551,
            0.8704644819744881
        ]
    },
    "bl": {
        "precision": [
            1.0,
            0.9040776534418447,
            0.659934301155028,
            0.4999947017621939,
            0.19999660914936274,
            0.09999809265055874,
            0.04999904632527937
        ],
        "recall": [
            0.0999894034121013,
            0.4520292465826004,
            0.659934301155028,
            1.0,
            1.0,
            1.0,
            1.0
        ],
        "f1": [
            0.18180066662813324,
            0.6027099198892295,
            0.659934301155028,
            0.6666619571053152,
            0.3333286238052516,
            0.1818150291690107,
            0.095236365214355
        ],
        "overlap": [
            0.5459940652818991,
            0.6360630722278738,
            0.659934301155028,
            0.6858356910491571,
            0.7287107562020777,
            0.7862984493249042,
            0.866690049357965
        ]
    },
    "random": {
        "precision": [
            0.00847816871555744,
            0.009494743981010512,
            0.009579315460421744,
            0.009716968136397833,
            0.009816512594890836,
            0.009822849622450775,
            0.009902322515836299
        ],
        "recall": [
            0.0008477270318957296,
            0.0047472713786160855,
            0.009579315460421744,
            0.0194341422062096,
            0.04908339514676274,
            0.09823036982091767,
            0.19805022782663984
        ],
        "f1": [
            0.0015413367242741267,
            0.0063297398872515075,
            0.009579315460421744,
            0.0129560032778547,
            0.01636090055595979,
            0.017859757554272854,
            0.01886158382808408
        ],
        "overlap": [
            0.000423908435777872,
            0.004874533740250933,
            0.009579315460421744,
            0.01912663848004154,
            0.04946827223444341,
            0.09943436492681076,
            0.19947802203624387
        ]
    }
}