{
    "ours": {
        "precision": [
            1.0,
            0.9291709053916581,
            0.7107979230687719,
            0.4999947017621939,
            0.19999660914936274,
            0.09999809265055874,
            0.04999904632527937
        ],
        "recall": [
            0.0999894034121013,
            0.4645756066546572,
            0.7107979230687719,
            1.0,
            1.0,
            1.0,
            1.0
        ],
        "f1": [
            0.18180066662813324,
            0.61943851816268,
            0.7107979230687719,
            0.6666619571053152,
            0.3333286238052516,
            0.1818150291690107,
            0.095236365214355
        ],
        "overlap": [
            0.5924120389995761,
            0.6611563241776873,
            0.7107979230687719,
            0.780229095802736,
            0.8487468687613646,
            0.9073240099266942,
            0.9583403092873083
        ]
    },
    "bl": {
        "precision": [
            1.0,
            0.9040776534418447,
            0.659934301155028,
            0.4999947017621939,
            0.19999660914936274,
            0.09999809265055874,
            0.04999904632527937
        ],
        "recall": [
            0.0999894034121013,
            0.4520292465826004,
            0.659934301155028,
            1.0,
            1.0,
            1.0,
            1.0
        ],
        "f1": [
            0.18180066662813324,
            0.6027099198892295,
            0.659934301155028,
            0.6666619571053152,
            0.3333286238052516,
            0.1818150291690107,
            0.095236365214355
        ],
        "overlap": [
            0.5459940652818991,
            0.6360630722278738,
            0.659934301155028,
            0.6858356910491571,
            0.7287107562020777,
            0.7862984493249042,
            0.866690049357965
        ]
    },
    "random": {
        "precision": [
            0.008902077151335312,
            0.009070871481858258,
            0.009833633569990462,
            0.009706371660785622,
            0.00975293414544206,
            0.009839803839706352,
            0.009934111673190507
        ],
        "recall": [
            0.000890113383490516,
            0.004535339620642153,
            0.009833633569990462,
            0.019412949030412206,
            0.048765497509801845,
            0.09839991522729681,
            0.19868602310056163
        ],
        "f1": [
            0.0016184035604878328,
            0.006047162213713495,
            0.009833633569990462,
            0.012941874593800333,
            0.01625493617412067,
            0.01789058345727915,
            0.018922134658992857
        ],
        "overlap": [
            0.000847816871555744,
            0.004577822990844354,
            0.009833633569990462,
            0.019571690455754416,
            0.04945979510785024,
            0.0997183480658417,
            0.20011486482190655
        ]
    }
}