{
    "ours": {
        "precision": [
            1.0,
            1.0,
            0.7588640457772597,
            0.4999947017621939,
            0.19999660914936274,
            0.09999809265055874,
            0.04999904632527937
        ],
        "recall": [
            0.0999894034121013,
            0.4999894034121013,
            0.7588640457772597,
            1.0,
            1.0,
            1.0,
            1.0
        ],
        "f1": [
            0.18180066662813324,
            0.6666572474108821,
            0.7588640457772599,
            0.6666619571053152,
            0.3333286238052516,
            0.1818150291690107,
            0.095236365214355
        ],
        "overlap": [
            0.6644764730818143,
            0.7266870125466259,
            0.7588640457772597,
            0.8033082196861324,
            0.8650144746936579,
            0.9136182630828277,
            0.9601268599306149
        ]
    },
    "bl": {
        "precision": [
            1.0,
            1.0,
            0.8549539048426407,
            0.4999947017621939,
            0.19999660914936274,
            0.09999809265055874,
            0.04999904632527937
        ],
        "recall": [
            0.0999894034121013,
            0.4999894034121013,
            0.8549539048426407,
            1.0,
            1.0,
            1.0,
            1.0
        ],
        "f1": [
            0.18180066662813324,
            0.6666572474108821,
            0.8549539048426407,
            0.6666619571053152,
            0.3333286238052516,
            0.1818150291690107,
            0.095236365214355
        ],
        "overlap": [
            0.6197541331072488,
            0.8077314343845371,
            0.8549539048426407,
            0.8651810407858346,
            0.8264011630617686,
            0.8220209850824081,
            0.8917420246302391
        ]
    },
    "random": {
        "precision": [
            0.008690122933446376,
            0.010342488979315022,
            0.010427042492317474,
            0.010554089709762533,
            0.010070826392685936,
            0.010043254446773295,
            0.010112130954374082
        ],
        "recall": [
            0.0008689202076931228,
            0.005171134894563951,
            0.010427042492317474,
            0.021108403094203667,
            0.050354985694606336,
            0.10043446010384656,
            0.2022464766345237
        ],
        "f1": [
            0.0015798701423809798,
            0.0068948952343275355,
            0.010427042492317474,
            0.014072169318149707,
            0.01678475808331626,
            0.018260494293354707,
            0.01926121931208201
        ],
        "overlap": [
            0.000423908435777872,
            0.005171244489657511,
            0.010427042492317474,
            0.020493583834016806,
            0.049794641608280454,
            0.09972682517446949,
            0.19960094011134683
        ]
    }
}