{
    "ours": {
        "precision": [
            1.0,
            1.0,
            0.7594786478753841,
            0.4999947017621939,
            0.19999660914936274,
            0.09999809265055874,
            0.04999904632527937
        ],
        "recall": [
            0.0999894034121013,
            0.4999894034121013,
            0.7594786478753841,
            1.0,
            1.0,
            1.0,
            1.0
        ],
        "f1": [
            0.18180066662813324,
            0.6666572474108821,
            0.7594786478753841,
            0.6666619571053152,
            0.3333286238052516,
            0.1818150291690107,
            0.095236365214355
        ],
        "overlap": [
            0.6644764730818143,
            0.7268989487962021,
            0.7594786478753841,
            0.8030750972226638,
            0.8595509666043598,
            0.8387993023339599,
            0.8931110776736271
        ]
    },
    "bl": {
        "precision": [
            1.0,
            1.0,
            0.8549539048426407,
            0.4999947017621939,
            0.19999660914936274,
            0.09999809265055874,
            0.04999904632527937
        ],
        "recall": [
            0.0999894034121013,
            0.4999894034121013,
            0.8549539048426407,
            1.0,
            1.0,
            1.0,
            1.0
        ],
        "f1": [
            0.18180066662813324,
            0.6666572474108821,
            0.8549539048426407,
            0.6666619571053152,
            0.3333286238052516,
            0.1818150291690107,
            0.095236365214355
        ],
        "overlap": [
            0.6197541331072488,
            0.8077314343845371,
            0.8549539048426407,
            0.8651810407858346,
            0.8264011630617686,
            0.8220209850824081,
            0.8917420246302391
        ]
    },
    "random": {
        "precision": [
            0.008902077151335312,
            0.009198033231603934,
            0.008985906538094734,
            0.009515635099765819,
            0.009863136791153271,
            0.009950006251867613,
            0.010031598422410084
        ],
        "recall": [
            0.000890113383490516,
            0.004598919148034333,
            0.008985906538094734,
            0.01903147186605913,
            0.04931652008053407,
            0.09950196036876126,
            0.2006357952739218
        ],
        "f1": [
            0.0016184035604878328,
            0.006131935515774898,
            0.008985906538094734,
            0.012687558280821725,
            0.016438607769308475,
            0.018090951826820075,
            0.019107823873779774
        ],
        "overlap": [
            0.000635862653666808,
            0.0047897592404204815,
            0.008985906538094734,
            0.018745165358001928,
            0.050396517596395525,
            0.09997478060183233,
            0.20069766604006706
        ]
    }
}