{
    "ours": {
        "precision": [
            1.0,
            0.9435825703628349,
            0.7222422379993642,
            0.4999947017621939,
            0.19999660914936274,
            0.09999809265055874,
            0.04999904632527937
        ],
        "recall": [
            0.0999894034121013,
            0.4717812864257709,
            0.7222422379993642,
            1.0,
            1.0,
            1.0,
            1.0
        ],
        "f1": [
            0.18180066662813324,
            0.6290461590629725,
            0.7222422379993642,
            0.6666619571053152,
            0.3333286238052516,
            0.1818150291690107,
            0.095236365214355
        ],
        "overlap": [
            0.5320050869012294,
            0.6721346219057308,
            0.7222422379993642,
            0.7721121954837821,
            0.832178324835014,
            0.8404438614077511,
            0.9093627545516775
        ]
    },
    "bl": {
        "precision": [
            1.0,
            0.9523143438453713,
            0.7388364946487231,
            0.4999947017621939,
            0.19999660914936274,
            0.09999809265055874,
            0.04999904632527937
        ],
        "recall": [
            0.0999894034121013,
            0.4761470806400339,
            0.7388364946487231,
            1.0,
            1.0,
            1.0,
            1.0
        ],
        "f1": [
            0.18180066662813324,
            0.6348672591378555,
            0.7388364946487231,
            0.6666619571053152,
            0.3333286238052516,
            0.1818150291690107,
            0.095236365214355
        ],
        "overlap": [
            0.4947011445527766,
            0.6808663953882672,
            0.7388364946487231,
            0.7840438270231321,
            0.7839519516464699,
            0.8297033647763421,
            0.9102030479444071
        ]
    },
    "random": {
        "precision": [
            0.009325985587113183,
            0.009579518480840963,
            0.009727667691003496,
            0.009939494124254274,
            0.009926715240602046,
            0.00985040022549109,
            0.009802716489459774
        ],
        "recall": [
            0.0009324997350853026,
            0.004789657730210872,
            0.009727667691003496,
            0.019879198897954857,
            0.049634417717494966,
            0.09850588110628378,
            0.19605806930168485
        ],
        "f1": [
            0.0016954703967015394,
            0.00638625542195911,
            0.009727667691003496,
            0.013252705642996411,
            0.016544572151147595,
            0.017909849646658087,
            0.018671857891236578
        ],
        "overlap": [
            0.000635862653666808,
            0.004874533740250933,
            0.009727667691003496,
            0.01914783143126596,
            0.05007014822255848,
            0.09998961554193096,
            0.1988888629866125
        ]
    }
}