{
    "ours": {
        "precision": [
            1.0,
            0.9432010851135978,
            0.7211825792094946,
            0.4999947017621939,
            0.19999660914936274,
            0.09999809265055874,
            0.04999904632527937
        ],
        "recall": [
            0.0999894034121013,
            0.4715905478435944,
            0.7211825792094946,
            1.0,
            1.0,
            1.0,
            1.0
        ],
        "f1": [
            0.18180066662813324,
            0.6287918391567883,
            0.7211825792094946,
            0.6666619571053152,
            0.3333286238052516,
            0.1818150291690107,
            0.095236365214355
        ],
        "overlap": [
            0.5320050869012294,
            0.6717531366564937,
            0.7211825792094946,
            0.7714658104714373,
            0.8522987848039029,
            0.9072307617317885,
            0.9572361658885388
        ]
    },
    "bl": {
        "precision": [
            1.0,
            0.9523143438453713,
            0.7388364946487231,
            0.4999947017621939,
            0.19999660914936274,
            0.09999809265055874,
            0.04999904632527937
        ],
        "recall": [
            0.0999894034121013,
            0.4761470806400339,
            0.7388364946487231,
            1.0,
            1.0,
            1.0,
            1.0
        ],
        "f1": [
            0.18180066662813324,
            0.6348672591378555,
            0.7388364946487231,
            0.6666619571053152,
            0.3333286238052516,
            0.1818150291690107,
            0.095236365214355
        ],
        "overlap": [
            0.4947011445527766,
            0.6808663953882672,
            0.7388364946487231,
            0.7840438270231321,
            0.7839519516464699,
            0.8297033647763421,
            0.9102030479444071
        ]
    },
    "random": {
        "precision": [
            0.0105977108944468,
            0.010427263479145472,
            0.009854826745787856,
            0.009939494124254274,
            0.01011745058894837,
            0.009933052034612035,
            0.009999809265055875
        ],
        "recall": [
            0.0010596587898696619,
            0.005213521246158737,
            0.009854826745787856,
            0.019879198897954857,
            0.05058811062837766,
            0.09933241496238211,
            0.2
        ],
        "f1": [
            0.0019266709053426582,
            0.006951410769035138,
            0.009854826745787856,
            0.013252705642996411,
            0.016862465296664946,
            0.018060125923813782,
            0.019047273042871
        ],
        "overlap": [
            0.001271725307333616,
            0.004874533740250933,
            0.009854826745787856,
            0.02013330366320162,
            0.04976921022850095,
            0.09953820950750118,
            0.19981604674277698
        ]
    }
}