{
    "ours": {
        "precision": [
            1.0,
            0.9949135300101729,
            0.7176645120271272,
            0.4999947017621939,
            0.19999660914936274
        ],
        "recall": [
            0.0999894034121013,
            0.4974462223164141,
            0.7176645120271272,
            1.0,
            1.0
        ],
        "f1": [
            0.18180066662813324,
            0.6632663153284258,
            0.7176645120271272,
            0.6666619571053152,
            0.3333286238052516
        ],
        "overlap": [
            0.6606612971598135,
            0.7241861648016277,
            0.7176645120271272,
            0.765192696909008,
            0.8248583260218116
        ]
    },
    "bl": {
        "precision": [
            1.0,
            0.8786876907426246,
            0.6904100879516796,
            0.4999947017621939,
            0.19999660914936274
        ],
        "recall": [
            0.0999894034121013,
            0.43933453427996183,
            0.6904100879516796,
            1.0,
            1.0
        ],
        "f1": [
            0.18180066662813324,
            0.5857835172443026,
            0.6904100879516796,
            0.6666619571053152,
            0.3333286238052516
        ],
        "overlap": [
            0.41966935142009326,
            0.6079603255340793,
            0.6904100879516796,
            0.7583897595659683,
            0.7813791437254428
        ]
    },
    "random": {
        "precision": [
            0.009325985587113183,
            0.010342488979315022,
            0.009854826745787856,
            0.009621599855887931,
            0.009901283860822535
        ],
        "recall": [
            0.0009324997350853026,
            0.005171134894563951,
            0.009854826745787856,
            0.01924340362403306,
            0.04950725866271061
        ],
        "f1": [
            0.0016954703967015394,
            0.0068948952343275355,
            0.009854826745787856,
            0.012828845121365397,
            0.016502186398411944
        ],
        "overlap": [
            0.000847816871555744,
            0.005679891488640217,
            0.009854826745787856,
            0.020154496614426042,
            0.05030750776716724
        ]
    }
}