{
    "ours": {
        "precision": [
            1.0,
            0.991904035266192,
            0.7138497403835965,
            0.4999947017621939,
            0.19999660914936274
        ],
        "recall": [
            0.0999894034121013,
            0.4959415068347992,
            0.7138497403835965,
            1.0,
            1.0
        ],
        "f1": [
            0.18180066662813324,
            0.6612600138463061,
            0.7138497403835965,
            0.6666619571053152,
            0.3333286238052516
        ],
        "overlap": [
            0.6598134802882577,
            0.7211766700576466,
            0.7138497403835965,
            0.7640270845916648,
            0.8518410199678716
        ]
    },
    "bl": {
        "precision": [
            1.0,
            0.8786876907426246,
            0.6904100879516796,
            0.4999947017621939,
            0.19999660914936274
        ],
        "recall": [
            0.0999894034121013,
            0.43933453427996183,
            0.6904100879516796,
            1.0,
            1.0
        ],
        "f1": [
            0.18180066662813324,
            0.5857835172443026,
            0.6904100879516796,
            0.6666619571053152,
            0.3333286238052516
        ],
        "overlap": [
            0.41966935142009326,
            0.6079603255340793,
            0.6904100879516796,
            0.7583897595659683,
            0.7813791437254428
        ]
    },
    "random": {
        "precision": [
            0.009749894022891056,
            0.009155645981688708,
            0.009770054042598283,
            0.00961100338027572,
            0.009918238114008876
        ],
        "recall": [
            0.000974886086680089,
            0.00457772597223694,
            0.009770054042598283,
            0.019222210448235667,
            0.04959203136590018
        ],
        "f1": [
            0.0017725372329152455,
            0.006103677748421098,
            0.009770054042598283,
            0.012814716437311028,
            0.01653044356690238
        ],
        "overlap": [
            0.00105977108944468,
            0.004365886741268227,
            0.009770054042598283,
            0.01928558561422471,
            0.050744079786715496
        ]
    }
}