{
    "ours": {
        "precision": [
            1.0,
            0.9410393353679213,
            0.7088269577196142,
            0.4999947017621939,
            0.19999660914936274,
            0.09999809265055874,
            0.04999904632527937
        ],
        "recall": [
            0.0999894034121013,
            0.4705096958779273,
            0.7088269577196142,
            1.0,
            1.0,
            1.0,
            1.0
        ],
        "f1": [
            0.18180066662813324,
            0.6273506930217444,
            0.7088269577196142,
            0.6666619571053152,
            0.3333286238052516,
            0.1818150291690107,
            0.095236365214355
        ],
        "overlap": [
            0.6172106824925816,
            0.6695913869108172,
            0.7088269577196142,
            0.7726420192643927,
            0.8525573371649946,
            0.9078262786128907,
            0.9578486369868965
        ]
    },
    "bl": {
        "precision": [
            1.0,
            0.949813496100373,
            0.7434989933241496,
            0.4999947017621939,
            0.19999660914936274,
            0.09999809265055874,
            0.04999904632527937
        ],
        "recall": [
            0.0999894034121013,
            0.47489668326798773,
            0.7434989933241496,
            1.0,
            1.0,
            1.0,
            1.0
        ],
        "f1": [
            0.18180066662813324,
            0.6332000508639812,
            0.7434989933241496,
            0.6666619571053152,
            0.3333286238052516,
            0.1818150291690107,
            0.095236365214355
        ],
        "overlap": [
            0.4607884696905468,
            0.678365547643269,
            0.7434989933241496,
            0.8013478716978732,
            0.810515027826168,
            0.8271178466448663,
            0.9039193911740584
        ]
    },
    "random": {
        "precision": [
            0.009749894022891056,
            0.010808748728382502,
            0.010024372152167001,
            0.009822932892519948,
            0.009977578000161065,
            0.010206438787858237,
            0.01011742914726645
        ],
        "recall": [
            0.000974886086680089,
            0.005404259828335276,
            0.010024372152167001,
            0.01964607396418353,
            0.049888735827063685,
            0.10206633464024584,
            0.20235244251351064
        ],
        "f1": [
            0.0017725372329152455,
            0.007205730675219351,
            0.010024372152167001,
            0.013097290118398372,
            0.016629343656618886,
            0.018557193609790305,
            0.01927131111723347
        ],
        "overlap": [
            0.000211954217888936,
            0.005256018989487962,
            0.010024372152167001,
            0.01967765521187653,
            0.04954880493707853,
            0.10005319385663938,
            0.1998552533701805
        ]
    }
}