{
    "ours": {
        "precision": [
            1.0,
            0.9410817226178365,
            0.7096111052241179,
            0.4999947017621939,
            0.19999660914936274,
            0.09999809265055874,
            0.04999904632527937
        ],
        "recall": [
            0.0999894034121013,
            0.4705308890537247,
            0.7096111052241179,
            1.0,
            1.0,
            1.0,
            1.0
        ],
        "f1": [
            0.18180066662813324,
            0.6273789507890981,
            0.7096111052241179,
            0.6666619571053152,
            0.3333286238052516,
            0.1818150291690107,
            0.095236365214355
        ],
        "overlap": [
            0.6172106824925816,
            0.6696337741607324,
            0.7096111052241179,
            0.7753547170211188,
            0.8396593890534865,
            0.8384220710000233,
            0.9055321610904953
        ]
    },
    "bl": {
        "precision": [
            1.0,
            0.949813496100373,
            0.7434989933241496,
            0.4999947017621939,
            0.19999660914936274,
            0.09999809265055874,
            0.04999904632527937
        ],
        "recall": [
            0.0999894034121013,
            0.47489668326798773,
            0.7434989933241496,
            1.0,
            1.0,
            1.0,
            1.0
        ],
        "f1": [
            0.18180066662813324,
            0.6332000508639812,
            0.7434989933241496,
            0.6666619571053152,
            0.3333286238052516,
            0.1818150291690107,
            0.095236365214355
        ],
        "overlap": [
            0.4607884696905468,
            0.678365547643269,
            0.7434989933241496,
            0.8013478716978732,
            0.810515027826168,
            0.8271178466448663,
            0.9039193911740584
        ]
    },
    "random": {
        "precision": [
            0.008902077151335312,
            0.011275008477449984,
            0.011423121754794955,
            0.010734229795170126,
            0.010130166278838126,
            0.010200080956387395,
            0.010031598422410084
        ],
        "recall": [
            0.000890113383490516,
            0.005637384762106601,
            0.011423121754794955,
            0.02146868708275935,
            0.05065169015576984,
            0.10200275511285366,
            0.2006357952739218
        ],
        "f1": [
            0.0016184035604878328,
            0.0075165661161111655,
            0.011423121754794955,
            0.014312356947073949,
            0.01688365817303277,
            0.01854563389616294,
            0.019107823873779774
        ],
        "overlap": [
            0.000423908435777872,
            0.005595116988809766,
            0.011423121754794955,
            0.020641934492587766,
            0.05055334443836917,
            0.10055758181999283,
            0.2001890395223997
        ]
    }
}