{
    "ours": {
        "precision": [
            1.0,
            0.9593506273312987,
            0.7367171770689838,
            0.4999947017621939,
            0.19999660914936274
        ],
        "recall": [
            0.0999894034121013,
            0.47966514782240116,
            0.7367171770689838,
            1.0,
            1.0
        ],
        "f1": [
            0.18180066662813324,
            0.6395580485185866,
            0.7367171770689838,
            0.6666619571053152,
            0.3333286238052516
        ],
        "overlap": [
            0.6314116150911403,
            0.6886232621227535,
            0.7367171770689838,
            0.7761070667895857,
            0.8291307978247693
        ]
    },
    "bl": {
        "precision": [
            1.0,
            0.9505340793489319,
            0.7242979760517113,
            0.4999947017621939,
            0.19999660914936274
        ],
        "recall": [
            0.0999894034121013,
            0.4752569672565434,
            0.7242979760517113,
            1.0,
            1.0
        ],
        "f1": [
            0.18180066662813324,
            0.6336804329089959,
            0.7242979760517113,
            0.6666619571053152,
            0.3333286238052516
        ],
        "overlap": [
            0.5205595591352268,
            0.6798067141403866,
            0.7242979760517113,
            0.7626601392376895,
            0.8039240618999783
        ]
    },
    "random": {
        "precision": [
            0.011021619330224672,
            0.010808748728382502,
            0.01059658789869662,
            0.010490510856089265,
            0.01029547024740494
        ],
        "recall": [
            0.0011020451414644485,
            0.005404259828335276,
            0.01059658789869662,
            0.020981244039419308,
            0.051478224011868176
        ],
        "f1": [
            0.0020037377415563647,
            0.007205730675219351,
            0.01059658789869662,
            0.013987397213823504,
            0.01715916556581448
        ],
        "overlap": [
            0.001271725307333616,
            0.005256018989487962,
            0.01059658789869662,
            0.02088565343166863,
            0.05074831835001208
        ]
    }
}