{
    "ours": {
        "precision": [
            1.0,
            0.9592658528314683,
            0.7366324043657942,
            0.4999947017621939,
            0.19999660914936274
        ],
        "recall": [
            0.0999894034121013,
            0.4796227614708064,
            0.7366324043657942,
            1.0,
            1.0
        ],
        "f1": [
            0.18180066662813324,
            0.6395015329838789,
            0.7366324043657942,
            0.6666619571053152,
            0.3333286238052516
        ],
        "overlap": [
            0.6314116150911403,
            0.688538487622923,
            0.7366324043657942,
            0.775566646533363,
            0.8549648411174549
        ]
    },
    "bl": {
        "precision": [
            1.0,
            0.9505340793489319,
            0.7242979760517113,
            0.4999947017621939,
            0.19999660914936274
        ],
        "recall": [
            0.0999894034121013,
            0.4752569672565434,
            0.7242979760517113,
            1.0,
            1.0
        ],
        "f1": [
            0.18180066662813324,
            0.6336804329089959,
            0.7242979760517113,
            0.6666619571053152,
            0.3333286238052516
        ],
        "overlap": [
            0.5205595591352268,
            0.6798067141403866,
            0.7242979760517113,
            0.7626601392376895,
            0.8039240618999783
        ]
    },
    "random": {
        "precision": [
            0.00635862653666808,
            0.009918616480162767,
            0.009388576878245205,
            0.0096851787095612,
            0.00969359425928987
        ],
        "recall": [
            0.0006357952739217972,
            0.004959203136590018,
            0.009388576878245205,
            0.01937056267881742,
            0.04846879304863834
        ],
        "f1": [
            0.001156002543205595,
            0.006612317560789522,
            0.009388576878245205,
            0.0129136172256916,
            0.016156036084404163
        ],
        "overlap": [
            0.000635862653666808,
            0.004916920990166158,
            0.009388576878245205,
            0.01982600587044749,
            0.05023969075442188
        ]
    }
}