{
    "ours": {
        "precision": [
            1.0,
            1.0,
            0.7586521140192858,
            0.4999947017621939,
            0.19999660914936274,
            0.09999809265055874,
            0.04999904632527937
        ],
        "recall": [
            0.0999894034121013,
            0.4999894034121013,
            0.7586521140192858,
            1.0,
            1.0,
            1.0,
            1.0
        ],
        "f1": [
            0.18180066662813324,
            0.6666572474108821,
            0.7586521140192858,
            0.6666619571053152,
            0.3333286238052516,
            0.1818150291690107,
            0.095236365214355
        ],
        "overlap": [
            0.6769817719372615,
            0.7246100373007799,
            0.7586521140192858,
            0.8036473069057232,
            0.8647898308389388,
            0.9145443872004136,
            0.960362099695036
        ]
    },
    "bl": {
        "precision": [
            1.0,
            1.0,
            0.8551022570732224,
            0.4999947017621939,
            0.19999660914936274,
            0.09999809265055874,
            0.04999904632527937
        ],
        "recall": [
            0.0999894034121013,
            0.4999894034121013,
            0.8551022570732224,
            1.0,
            1.0,
            1.0,
            1.0
        ],
        "f1": [
            0.18180066662813324,
            0.6666572474108821,
            0.8551022570732224,
            0.6666619571053152,
            0.3333286238052516,
            0.1818150291690107,
            0.095236365214355
        ],
        "overlap": [
            0.622509537939805,
            0.8077738216344523,
            0.8551022570732224,
            0.865498935054201,
            0.826172280643753,
            0.821944691104758,
            0.8910320667826618
        ]
    },
    "random": {
        "precision": [
            0.009325985587113183,
            0.009749067480501866,
            0.010215110734343542,
            0.010183213063335134,
            0.01010049633576203,
            0.009994511072163507,
            0.010068685772656662
        ],
        "recall": [
            0.0009324997350853026,
            0.004874430433400445,
            0.010215110734343542,
            0.020366641941294904,
            0.05050333792518809,
            0.09994701706050652,
            0.20137755642683056
        ],
        "f1": [
            0.0016954703967015394,
            0.006499286491374316,
            0.010215110734343542,
            0.013577665376246856,
            0.016834208128174516,
            0.018171869822211605,
            0.019178466509840016
        ],
        "overlap": [
            0.000847816871555744,
            0.005044082739911834,
            0.010215110734343542,
            0.019656462260652107,
            0.050460096045844303,
            0.09983490830947381,
            0.20024414072848032
        ]
    }
}