{
    "ours": {
        "precision": [
            1.0,
            1.0,
            0.7592667161174101,
            0.4999947017621939,
            0.19999660914936274,
            0.09999809265055874,
            0.04999904632527937
        ],
        "recall": [
            0.0999894034121013,
            0.4999894034121013,
            0.7592667161174101,
            1.0,
            1.0,
            1.0,
            1.0
        ],
        "f1": [
            0.18180066662813324,
            0.6666572474108821,
            0.7592667161174101,
            0.6666619571053152,
            0.3333286238052516,
            0.1818150291690107,
            0.095236365214355
        ],
        "overlap": [
            0.6769817719372615,
            0.7247795863004408,
            0.7592667161174101,
            0.8052685676743915,
            0.8581607178430799,
            0.8387463204050363,
            0.8926130475417444
        ]
    },
    "bl": {
        "precision": [
            1.0,
            1.0,
            0.8551022570732224,
            0.4999947017621939,
            0.19999660914936274,
            0.09999809265055874,
            0.04999904632527937
        ],
        "recall": [
            0.0999894034121013,
            0.4999894034121013,
            0.8551022570732224,
            1.0,
            1.0,
            1.0,
            1.0
        ],
        "f1": [
            0.18180066662813324,
            0.6666572474108821,
            0.8551022570732224,
            0.6666619571053152,
            0.3333286238052516,
            0.1818150291690107,
            0.095236365214355
        ],
        "overlap": [
            0.622509537939805,
            0.8077738216344523,
            0.8551022570732224,
            0.865498935054201,
            0.826172280643753,
            0.821944691104758,
            0.8910320667826618
        ]
    },
    "random": {
        "precision": [
            0.010385756676557863,
            0.010681586978636826,
            0.010363462964925295,
            0.010511703807313687,
            0.0099394309304918,
            0.009892785768630036,
            0.010004047819369769
        ],
        "recall": [
            0.0010384656140722686,
            0.005340680300943096,
            0.010363462964925295,
            0.021023630391014094,
            0.049697997244887146,
            0.09892974462223164,
            0.20008477270318958
        ],
        "f1": [
            0.0018881374872358049,
            0.007120957373157947,
            0.010363462964925295,
            0.01401565458193224,
            0.01656576502751542,
            0.017986914404173826,
            0.019055346486992166
        ],
        "overlap": [
            0.001271725307333616,
            0.005298406239403188,
            0.010363462964925295,
            0.020398215553506904,
            0.050303269203870654,
            0.10016127699164369,
            0.20004810759146271
        ]
    }
}