{
    "ours": {
        "precision": [
            1.0,
            0.9512970498474059,
            0.7540531948712514,
            0.4999947017621939,
            0.19999660914936274
        ],
        "recall": [
            0.0999894034121013,
            0.4756384444208965,
            0.7540531948712514,
            1.0,
            1.0
        ],
        "f1": [
            0.18180066662813324,
            0.6341890727213644,
            0.7540531948712514,
            0.6666619571053152,
            0.3333286238052516
        ],
        "overlap": [
            0.6506994489190335,
            0.6756527636486944,
            0.7540531948712514,
            0.7810556209004885,
            0.8284611048239089
        ]
    },
    "bl": {
        "precision": [
            1.0,
            0.9960579857578841,
            0.7550492741337289,
            0.4999947017621939,
            0.19999660914936274
        ],
        "recall": [
            0.0999894034121013,
            0.4980184380629437,
            0.7550492741337289,
            1.0,
            1.0
        ],
        "f1": [
            0.18180066662813324,
            0.6640292750469786,
            0.7550492741337289,
            0.6666619571053152,
            0.3333286238052516
        ],
        "overlap": [
            0.5582874099194574,
            0.7204136995591726,
            0.7550492741337289,
            0.7780462218266204,
            0.8037290879883354
        ]
    },
    "random": {
        "precision": [
            0.010385756676557863,
            0.01055442522889115,
            0.010427042492317474,
            0.01029977429506946,
            0.009922476677305461
        ],
        "recall": [
            0.0010384656140722686,
            0.005277100773550917,
            0.010427042492317474,
            0.02059976687506623,
            0.04961322454169757
        ],
        "f1": [
            0.0018881374872358049,
            0.007036184071096544,
            0.010427042492317474,
            0.013733080900844895,
            0.016537507859024986
        ],
        "overlap": [
            0.001483679525222552,
            0.005722278738555442,
            0.010427042492317474,
            0.020260461370548155,
            0.05016339661508335
        ]
    }
}