{
    "ours": {
        "precision": [
            1.0,
            0.9509579518480841,
            0.7527392179718131,
            0.4999947017621939,
            0.19999660914936274
        ],
        "recall": [
            0.0999894034121013,
            0.47546889901451733,
            0.7527392179718131,
            1.0,
            1.0
        ],
        "f1": [
            0.18180066662813324,
            0.6339630105825339,
            0.7527392179718131,
            0.6666619571053152,
            0.3333286238052516
        ],
        "overlap": [
            0.6506994489190335,
            0.6753136656493727,
            0.7527392179718131,
            0.780176113424675,
            0.8497471696993587
        ]
    },
    "bl": {
        "precision": [
            1.0,
            0.9960579857578841,
            0.7550492741337289,
            0.4999947017621939,
            0.19999660914936274
        ],
        "recall": [
            0.0999894034121013,
            0.4980184380629437,
            0.7550492741337289,
            1.0,
            1.0
        ],
        "f1": [
            0.18180066662813324,
            0.6640292750469786,
            0.7550492741337289,
            0.6666619571053152,
            0.3333286238052516
        ],
        "overlap": [
            0.5582874099194574,
            0.7204136995591726,
            0.7550492741337289,
            0.7780462218266204,
            0.8037290879883354
        ]
    },
    "random": {
        "precision": [
            0.0105977108944468,
            0.010681586978636826,
            0.010617781074494013,
            0.01053289675853811,
            0.010155597658617635
        ],
        "recall": [
            0.0010596587898696619,
            0.005340680300943096,
            0.010617781074494013,
            0.02106601674260888,
            0.0507788492105542
        ],
        "f1": [
            0.0019266709053426582,
            0.007120957373157947,
            0.010617781074494013,
            0.014043911950040974,
            0.01692604392576842
        ],
        "overlap": [
            0.000211954217888936,
            0.005213631739572736,
            0.010617781074494013,
            0.02061014506575113,
            0.049794641608280454
        ]
    }
}