{
    "ours": {
        "precision": [
            1.0,
            0.9807561885384877,
            0.7314612694712302,
            0.4999947017621939,
            0.19999660914936274
        ],
        "recall": [
            0.0999894034121013,
            0.49036770160008475,
            0.7314612694712302,
            1.0,
            1.0
        ],
        "f1": [
            0.18180066662813324,
            0.6538282210322562,
            0.7314612694712302,
            0.6666619571053152,
            0.3333286238052516
        ],
        "overlap": [
            0.68524798643493,
            0.7051119023397762,
            0.7314612694712302,
            0.7819987072299753,
            0.8536847950018862
        ]
    },
    "bl": {
        "precision": [
            1.0,
            1.0,
            0.7660273391967787,
            0.4999947017621939,
            0.19999660914936274
        ],
        "recall": [
            0.0999894034121013,
            0.4999894034121013,
            0.7660273391967787,
            1.0,
            1.0
        ],
        "f1": [
            0.18180066662813324,
            0.6666572474108821,
            0.7660273391967787,
            0.6666619571053152,
            0.3333286238052516
        ],
        "overlap": [
            0.6034336583298008,
            0.7409291285181417,
            0.7660273391967787,
            0.7838424939865001,
            0.8017200089857542
        ]
    },
    "random": {
        "precision": [
            0.013353115727002967,
            0.010978297728043405,
            0.010321076613330508,
            0.010426932002415996,
            0.01027003886762543
        ],
        "recall": [
            0.001335170075235774,
            0.005489032531524849,
            0.010321076613330508,
            0.02085408498463495,
            0.05135106495708382
        ],
        "f1": [
            0.00242760534073175,
            0.007318761744634555,
            0.010321076613330508,
            0.013902625109497302,
            0.017116779813078832
        ],
        "overlap": [
            0.000635862653666808,
            0.005298406239403188,
            0.010321076613330508,
            0.020504180309629017,
            0.0504049947229887
        ]
    }
}