{
    "ours": {
        "precision": [
            1.0,
            0.9807985757884028,
            0.7318427466355834,
            0.4999947017621939,
            0.19999660914936274
        ],
        "recall": [
            0.0999894034121013,
            0.49038889477588216,
            0.7318427466355834,
            1.0,
            1.0
        ],
        "f1": [
            0.18180066662813324,
            0.6538564787996101,
            0.7318427466355834,
            0.6666619571053152,
            0.3333286238052516
        ],
        "overlap": [
            0.68524798643493,
            0.7051542895896914,
            0.7318427466355834,
            0.7841815812060908,
            0.8229933581713142
        ]
    },
    "bl": {
        "precision": [
            1.0,
            1.0,
            0.7660273391967787,
            0.4999947017621939,
            0.19999660914936274
        ],
        "recall": [
            0.0999894034121013,
            0.4999894034121013,
            0.7660273391967787,
            1.0,
            1.0
        ],
        "f1": [
            0.18180066662813324,
            0.6666572474108821,
            0.7660273391967787,
            0.6666619571053152,
            0.3333286238052516
        ],
        "overlap": [
            0.6034336583298008,
            0.7409291285181417,
            0.7660273391967787,
            0.7838424939865001,
            0.8017200089857542
        ]
    },
    "random": {
        "precision": [
            0.008266214497668503,
            0.009070871481858258,
            0.009324997350853025,
            0.010109037734049656,
            0.009977578000161065
        ],
        "recall": [
            0.0008265338560983364,
            0.004535339620642153,
            0.009324997350853025,
            0.020218289710713152,
            0.049888735827063685
        ],
        "f1": [
            0.0015028033061672734,
            0.006047162213713495,
            0.009324997350853025,
            0.013478764587866288,
            0.016629343656618886
        ],
        "overlap": [
            0.00105977108944468,
            0.004408273991183452,
            0.009324997350853025,
            0.020101514236364984,
            0.04968867752586583
        ]
    }
}