{
    "ours": {
        "precision": [
            1.0,
            0.9297219396405562,
            0.7214368973190632,
            0.4999947017621939,
            0.19999660914936274,
            0.09999809265055874,
            0.04999904632527937
        ],
        "recall": [
            0.0999894034121013,
            0.4648511179400233,
            0.7214368973190632,
            1.0,
            1.0,
            1.0,
            1.0
        ],
        "f1": [
            0.18180066662813324,
            0.6198058691382794,
            0.7214368973190632,
            0.6666619571053152,
            0.3333286238052516,
            0.1818150291690107,
            0.095236365214355
        ],
        "overlap": [
            0.5752437473505723,
            0.658273991183452,
            0.7214368973190632,
            0.7725678439351071,
            0.8546596645601007,
            0.907574084631214,
            0.9566470068389074
        ]
    },
    "bl": {
        "precision": [
            1.0,
            0.8702102407595795,
            0.6929744622231642,
            0.4999947017621939,
            0.19999660914936274,
            0.09999809265055874,
            0.04999904632527937
        ],
        "recall": [
            0.0999894034121013,
            0.4350958991204832,
            0.6929744622231642,
            1.0,
            1.0,
            1.0,
            1.0
        ],
        "f1": [
            0.18180066662813324,
            0.5801319637735423,
            0.6929744622231642,
            0.6666619571053152,
            0.3333286238052516,
            0.1818150291690107,
            0.095236365214355
        ],
        "overlap": [
            0.3560830860534125,
            0.5987622923024755,
            0.6929744622231642,
            0.7592904599930064,
            0.7895722865777416,
            0.8158793198815748,
            0.8979621030858794
        ]
    },
    "random": {
        "precision": [
            0.009325985587113183,
            0.010003390979993218,
            0.00974886086680089,
            0.01006665183160081,
            0.009833466848077175,
            0.009918217094513404,
            0.00995212552902456
        ],
        "recall": [
            0.0009324997350853026,
            0.005001589488184804,
            0.00974886086680089,
            0.02013351700752358,
            0.049168167849952316,
            0.09918406273180036,
            0.1990463070891173
        ],
        "f1": [
            0.0016954703967015394,
            0.006668833095497124,
            0.00974886086680089,
            0.013422249851648818,
            0.01638915772445022,
            0.018033153258683272,
            0.01895644679650783
        ],
        "overlap": [
            0.0,
            0.004832146490335707,
            0.00974886086680089,
            0.020493583834016806,
            0.04962509907641706,
            0.09974801794603896,
            0.19994850156508617
        ]
    }
}