{
    "ours": {
        "precision": [
            1.0,
            0.9299762631400474,
            0.7225601356363252,
            0.4999947017621939,
            0.19999660914936274,
            0.09999809265055874,
            0.04999904632527937
        ],
        "recall": [
            0.0999894034121013,
            0.46497827699480765,
            0.7225601356363252,
            1.0,
            1.0,
            1.0,
            1.0
        ],
        "f1": [
            0.18180066662813324,
            0.6199754157424021,
            0.7225601356363252,
            0.6666619571053152,
            0.3333286238052516,
            0.1818150291690107,
            0.095236365214355
        ],
        "overlap": [
            0.5752437473505723,
            0.6585283146829434,
            0.7225601356363252,
            0.7747295249599983,
            0.8271090031322983,
            0.8319625142256479,
            0.8962740988303709
        ]
    },
    "bl": {
        "precision": [
            1.0,
            0.8702102407595795,
            0.6929744622231642,
            0.4999947017621939,
            0.19999660914936274,
            0.09999809265055874,
            0.04999904632527937
        ],
        "recall": [
            0.0999894034121013,
            0.4350958991204832,
            0.6929744622231642,
            1.0,
            1.0,
            1.0,
            1.0
        ],
        "f1": [
            0.18180066662813324,
            0.5801319637735423,
            0.6929744622231642,
            0.6666619571053152,
            0.3333286238052516,
            0.1818150291690107,
            0.095236365214355
        ],
        "overlap": [
            0.3560830860534125,
            0.5987622923024755,
            0.6929744622231642,
            0.7592904599930064,
            0.7895722865777416,
            0.8158793198815748,
            0.8979621030858794
        ]
    },
    "random": {
        "precision": [
            0.0105977108944468,
            0.010723974228552051,
            0.010363462964925295,
            0.010437528478028207,
            0.01023613036125275,
            0.010166172521876238,
            0.010174649630504028
        ],
        "recall": [
            0.0010596587898696619,
            0.00536187347674049,
            0.010363462964925295,
            0.02087527816043234,
            0.05118151955070467,
            0.10166366430009537,
            0.20349687400656988
        ],
        "f1": [
            0.0019266709053426582,
            0.0071492151405117485,
            0.010363462964925295,
            0.013916753793551668,
            0.017060265476097968,
            0.018483982090150352,
            0.019380302612869275
        ],
        "overlap": [
            0.000847816871555744,
            0.005595116988809766,
            0.010363462964925295,
            0.019931970626569602,
            0.04970987034234876,
            0.10036048904439673,
            0.1995861051712482
        ]
    }
}