{
    "ours": {
        "precision": [
            1.0,
            0.9701593760596813,
            0.7454275723217124,
            0.4999947017621939,
            0.19999660914936274
        ],
        "recall": [
            0.0999894034121013,
            0.4850694076507365,
            0.7454275723217124,
            1.0,
            1.0
        ],
        "f1": [
            0.18180066662813324,
            0.6467637791938059,
            0.7454275723217124,
            0.6666619571053152,
            0.3333286238052516
        ],
        "overlap": [
            0.6146672318779144,
            0.6945150898609698,
            0.7454275723217124,
            0.7780356253510082,
            0.8583472146281297
        ]
    },
    "bl": {
        "precision": [
            1.0,
            1.0,
            0.7618310903888947,
            0.4999947017621939,
            0.19999660914936274
        ],
        "recall": [
            0.0999894034121013,
            0.4999894034121013,
            0.7618310903888947,
            1.0,
            1.0
        ],
        "f1": [
            0.18180066662813324,
            0.6666572474108821,
            0.7618310903888947,
            0.6666619571053152,
            0.3333286238052516
        ],
        "overlap": [
            0.6095803306485799,
            0.7484740590030519,
            0.7618310903888947,
            0.7629250511279948,
            0.7569353491940372
        ]
    },
    "random": {
        "precision": [
            0.011021619330224672,
            0.009452356731095287,
            0.010045565327964396,
            0.010130230685274078,
            0.010384480076633224
        ],
        "recall": [
            0.0011020451414644485,
            0.004726078202818692,
            0.010045565327964396,
            0.02026067606230794,
            0.051923280703613434
        ],
        "f1": [
            0.0020037377415563647,
            0.006301482119897707,
            0.010045565327964396,
            0.01350702195597502,
            0.017307515700389242
        ],
        "overlap": [
            0.000847816871555744,
            0.004832146490335707,
            0.010045565327964396,
            0.02066312744381219,
            0.049870935747618986
        ]
    }
}