{
    "ours": {
        "precision": [
            1.0,
            0.9701593760596813,
            0.7458090494860655,
            0.4999947017621939,
            0.19999660914936274
        ],
        "recall": [
            0.0999894034121013,
            0.4850694076507365,
            0.7458090494860655,
            1.0,
            1.0
        ],
        "f1": [
            0.18180066662813324,
            0.6467637791938059,
            0.7458090494860655,
            0.6666619571053152,
            0.3333286238052516
        ],
        "overlap": [
            0.6146672318779144,
            0.6945150898609698,
            0.7458090494860655,
            0.7778660817412129,
            0.8171526179486202
        ]
    },
    "bl": {
        "precision": [
            1.0,
            1.0,
            0.7618310903888947,
            0.4999947017621939,
            0.19999660914936274
        ],
        "recall": [
            0.0999894034121013,
            0.4999894034121013,
            0.7618310903888947,
            1.0,
            1.0
        ],
        "f1": [
            0.18180066662813324,
            0.6666572474108821,
            0.7618310903888947,
            0.6666619571053152,
            0.3333286238052516
        ],
        "overlap": [
            0.6095803306485799,
            0.7484740590030519,
            0.7618310903888947,
            0.7629250511279948,
            0.7569353491940372
        ]
    },
    "random": {
        "precision": [
            0.010809665112335736,
            0.009749067480501866,
            0.010045565327964396,
            0.010024265929151965,
            0.009854659664560101
        ],
        "recall": [
            0.0010808519656670553,
            0.004874430433400445,
            0.010045565327964396,
            0.020048744304334003,
            0.04927413372893928
        ],
        "f1": [
            0.0019652043234495114,
            0.006499286491374316,
            0.010045565327964396,
            0.013365735115431349,
            0.016424479185063262
        ],
        "overlap": [
            0.001483679525222552,
            0.004832146490335707,
            0.010045565327964396,
            0.0198366023460597,
            0.04943436372807073
        ]
    }
}