{
    "ours": {
        "precision": [
            1.0,
            0.9938114615123771,
            0.7418671187877504,
            0.4999947017621939,
            0.19999660914936274,
            0.09999809265055874,
            0.04999904632527937
        ],
        "recall": [
            0.0999894034121013,
            0.4968951997456819,
            0.7418671187877504,
            1.0,
            1.0,
            1.0,
            1.0
        ],
        "f1": [
            0.18180066662813324,
            0.6625316133772271,
            0.7418671187877504,
            0.6666619571053152,
            0.3333286238052516,
            0.1818150291690107,
            0.095236365214355
        ],
        "overlap": [
            0.6774056803730394,
            0.7040522210918956,
            0.7418671187877504,
            0.8012207139905267,
            0.8649042720479466,
            0.9143515329791315,
            0.9610296719994744
        ]
    },
    "bl": {
        "precision": [
            1.0,
            1.0,
            0.8034544876549751,
            0.4999947017621939,
            0.19999660914936274,
            0.09999809265055874,
            0.04999904632527937
        ],
        "recall": [
            0.0999894034121013,
            0.4999894034121013,
            0.8034544876549751,
            1.0,
            1.0,
            1.0,
            1.0
        ],
        "f1": [
            0.18180066662813324,
            0.6666572474108821,
            0.8034544876549751,
            0.6666619571053152,
            0.3333286238052516,
            0.1818150291690107,
            0.095236365214355
        ],
        "overlap": [
            0.5938957185247986,
            0.7643268904713462,
            0.8034544876549751,
            0.8247978722276971,
            0.8203951188705076,
            0.8219934344793678,
            0.8944101945708358
        ]
    },
    "random": {
        "precision": [
            0.012505298855447223,
            0.012334689725330621,
            0.011168803645226237,
            0.010946159307414355,
            0.010409911456412735,
            0.01035478818884455,
            0.010166172521876238
        ],
        "recall": [
            0.001250397372046201,
            0.006167214157041433,
            0.011168803645226237,
            0.021892550598707216,
            0.05205043975839779,
            0.10354985694606336,
            0.20332732860019073
        ],
        "f1": [
            0.0022734716683043363,
            0.008223010299956202,
            0.011168803645226237,
            0.014594930628161293,
            0.01734990145312489,
            0.018826920261095396,
            0.01936415572462693
        ],
        "overlap": [
            0.00211954217888936,
            0.006612410986775178,
            0.011168803645226237,
            0.021277723029320447,
            0.05107892628714571,
            0.10038380109312316,
            0.1999156527691535
        ]
    }
}