{
    "ours": {
        "precision": [
            1.0,
            0.9938114615123771,
            0.7419095051393452,
            0.4999947017621939,
            0.19999660914936274,
            0.09999809265055874,
            0.04999904632527937
        ],
        "recall": [
            0.0999894034121013,
            0.4968951997456819,
            0.7419095051393452,
            1.0,
            1.0,
            1.0,
            1.0
        ],
        "f1": [
            0.18180066662813324,
            0.6625316133772271,
            0.7419095051393452,
            0.6666619571053152,
            0.3333286238052516,
            0.1818150291690107,
            0.095236365214355
        ],
        "overlap": [
            0.6774056803730394,
            0.7040522210918956,
            0.7419095051393452,
            0.8017823271979739,
            0.8454195965735455,
            0.8411093144350325,
            0.8934925475618776
        ]
    },
    "bl": {
        "precision": [
            1.0,
            1.0,
            0.8034544876549751,
            0.4999947017621939,
            0.19999660914936274,
            0.09999809265055874,
            0.04999904632527937
        ],
        "recall": [
            0.0999894034121013,
            0.4999894034121013,
            0.8034544876549751,
            1.0,
            1.0,
            1.0,
            1.0
        ],
        "f1": [
            0.18180066662813324,
            0.6666572474108821,
            0.8034544876549751,
            0.6666619571053152,
            0.3333286238052516,
            0.1818150291690107,
            0.095236365214355
        ],
        "overlap": [
            0.5938957185247986,
            0.7643268904713462,
            0.8034544876549751,
            0.8247978722276971,
            0.8203951188705076,
            0.8219934344793678,
            0.8944101945708358
        ]
    },
    "random": {
        "precision": [
            0.00953793980500212,
            0.009961003730077992,
            0.010024372152167001,
            0.010119634209661867,
            0.01009201920916886,
            0.010024180952360769,
            0.00992033637167035
        ],
        "recall": [
            0.0009536929108826958,
            0.004980396312387411,
            0.010024372152167001,
            0.020239482886510545,
            0.0504609515735933,
            0.10024372152167002,
            0.1984105118151955
        ],
        "f1": [
            0.0017340038148083924,
            0.006640575328143323,
            0.010024372152167001,
            0.013492893271920655,
            0.0168200795439293,
            0.018225815152472624,
            0.01889589596559905
        ],
        "overlap": [
            0.001695633743111488,
            0.004747371990505256,
            0.010024372152167001,
            0.020196882516874886,
            0.04985822005772923,
            0.10013584566576032,
            0.19992095096204587
        ]
    }
}