{
    "ours": {
        "precision": [
            1.0,
            1.0,
            0.7480979124721839,
            0.4999947017621939,
            0.19999660914936274,
            0.09999809265055874,
            0.04999904632527937
        ],
        "recall": [
            0.0999894034121013,
            0.4999894034121013,
            0.7480979124721839,
            1.0,
            1.0,
            1.0,
            1.0
        ],
        "f1": [
            0.18180066662813324,
            0.6666572474108821,
            0.748097912472184,
            0.6666619571053152,
            0.3333286238052516,
            0.1818150291690107,
            0.095236365214355
        ],
        "overlap": [
            0.658753709198813,
            0.7212614445574771,
            0.7480979124721839,
            0.8004153818439987,
            0.8607165715109206,
            0.8655318643916933,
            0.8833253154014229
        ]
    },
    "bl": {
        "precision": [
            1.0,
            1.0,
            0.7932181837448342,
            0.4999947017621939,
            0.19999660914936274,
            0.09999809265055874,
            0.04999904632527937
        ],
        "recall": [
            0.0999894034121013,
            0.4999894034121013,
            0.7932181837448342,
            1.0,
            1.0,
            1.0,
            1.0
        ],
        "f1": [
            0.18180066662813324,
            0.6666572474108821,
            0.7932181837448342,
            0.6666619571053152,
            0.3333286238052516,
            0.1818150291690107,
            0.095236365214355
        ],
        "overlap": [
            0.5413310724883426,
            0.7309681247880637,
            0.7932181837448342,
            0.8353307689862352,
            0.8511798040936044,
            0.8450511699469545,
            0.8813798189713452
        ]
    },
    "random": {
        "precision": [
            0.009749894022891056,
            0.00932519498134961,
            0.010490622019709654,
            0.010702440368333493,
            0.01012592771554154,
            0.01018736529344571,
            0.009908680347307141
        ],
        "recall": [
            0.000974886086680089,
            0.004662498675426513,
            0.010490622019709654,
            0.021405107555367172,
            0.05063049697997245,
            0.1018755960580693,
            0.1981773868814242
        ],
        "f1": [
            0.0017725372329152455,
            0.006216708817836303,
            0.010490622019709654,
            0.014269970894910848,
            0.016876593880910163,
            0.01852251446890822,
            0.01887369399426584
        ],
        "overlap": [
            0.00105977108944468,
            0.004450661241098677,
            0.010490622019709654,
            0.02074789924870988,
            0.04914190286060637,
            0.09952337456740255,
            0.19976200517527481
        ]
    }
}