{
    "ours": {
        "precision": [
            1.0,
            1.0,
            0.7480767192963865,
            0.4999947017621939,
            0.19999660914936274,
            0.09999809265055874,
            0.04999904632527937
        ],
        "recall": [
            0.0999894034121013,
            0.4999894034121013,
            0.7480767192963865,
            1.0,
            1.0,
            1.0,
            1.0
        ],
        "f1": [
            0.18180066662813324,
            0.6666572474108821,
            0.7480767192963865,
            0.6666619571053152,
            0.3333286238052516,
            0.1818150291690107,
            0.095236365214355
        ],
        "overlap": [
            0.658753709198813,
            0.7212614445574771,
            0.7480767192963865,
            0.7999915228195102,
            0.8652772656180461,
            0.915493823366726,
            0.9606513810269594
        ]
    },
    "bl": {
        "precision": [
            1.0,
            1.0,
            0.7932181837448342,
            0.4999947017621939,
            0.19999660914936274,
            0.09999809265055874,
            0.04999904632527937
        ],
        "recall": [
            0.0999894034121013,
            0.4999894034121013,
            0.7932181837448342,
            1.0,
            1.0,
            1.0,
            1.0
        ],
        "f1": [
            0.18180066662813324,
            0.6666572474108821,
            0.7932181837448342,
            0.6666619571053152,
            0.3333286238052516,
            0.1818150291690107,
            0.095236365214355
        ],
        "overlap": [
            0.5413310724883426,
            0.7309681247880637,
            0.7932181837448342,
            0.8353307689862352,
            0.8511798040936044,
            0.8450511699469545,
            0.8813798189713452
        ]
    },
    "random": {
        "precision": [
            0.009961848240779992,
            0.010723974228552051,
            0.010024372152167001,
            0.009738161087622257,
            0.010058110702796181,
            0.009962721914809297,
            0.010036896615302453
        ],
        "recall": [
            0.0009960792624774822,
            0.00536187347674049,
            0.010024372152167001,
            0.019476528557804386,
            0.050291406167214156,
            0.09962911942354562,
            0.20074176115290876
        ],
        "f1": [
            0.001811070651022099,
            0.0071492151405117485,
            0.010024372152167001,
            0.012984260645963435,
            0.01676356520694844,
            0.018114071254074802,
            0.019117915678931237
        ],
        "overlap": [
            0.001271725307333616,
            0.005256018989487962,
            0.010024372152167001,
            0.020112110711977195,
            0.05036684765331943,
            0.09966324685976108,
            0.19999512566253902
        ]
    }
}