{
    "ours": {
        "precision": [
            1.0,
            1.0,
            0.7548373423757551,
            0.4999947017621939,
            0.19999660914936274,
            0.09999809265055874,
            0.04999904632527937
        ],
        "recall": [
            0.0999894034121013,
            0.4999894034121013,
            0.7548373423757551,
            1.0,
            1.0,
            1.0,
            1.0
        ],
        "f1": [
            0.18180066662813324,
            0.6666572474108821,
            0.7548373423757552,
            0.6666619571053152,
            0.3333286238052516,
            0.1818150291690107,
            0.095236365214355
        ],
        "overlap": [
            0.6371343789741416,
            0.7294421837911156,
            0.7548373423757551,
            0.7993557342827775,
            0.8644973699714744,
            0.9151568582987715,
            0.960305938850377
        ]
    },
    "bl": {
        "precision": [
            1.0,
            1.0,
            0.7965243191692275,
            0.4999947017621939,
            0.19999660914936274,
            0.09999809265055874,
            0.04999904632527937
        ],
        "recall": [
            0.0999894034121013,
            0.4999894034121013,
            0.7965243191692275,
            1.0,
            1.0,
            1.0,
            1.0
        ],
        "f1": [
            0.18180066662813324,
            0.6666572474108821,
            0.7965243191692275,
            0.6666619571053152,
            0.3333286238052516,
            0.1818150291690107,
            0.095236365214355
        ],
        "overlap": [
            0.582874099194574,
            0.7598762292302476,
            0.7965243191692275,
            0.8156001313962976,
            0.8160887385611773,
            0.822627098349295,
            0.8882833643101011
        ]
    },
    "random": {
        "precision": [
            0.012505298855447223,
            0.010300101729399797,
            0.010978065063049698,
            0.010734229795170126,
            0.0102785159942186,
            0.010229750836584658,
            0.010086699628490714
        ],
        "recall": [
            0.001250397372046201,
            0.0051499417187665575,
            0.010978065063049698,
            0.02146868708275935,
            0.0513934513086786,
            0.10229945957401716,
            0.20173784041538625
        ],
        "f1": [
            0.0022734716683043363,
            0.006866637466973735,
            0.010978065063049698,
            0.014312356947073949,
            0.017130908397324045,
            0.018599579226423964,
            0.01921277864735499
        ],
        "overlap": [
            0.000635862653666808,
            0.0047897592404204815,
            0.010978065063049698,
            0.02090684638289305,
            0.050727125533529156,
            0.10073560110117641,
            0.20057686724212107
        ]
    }
}