{
    "ours": {
        "precision": [
            1.0,
            1.0,
            0.7555155240012716,
            0.4999947017621939,
            0.19999660914936274,
            0.09999809265055874,
            0.04999904632527937
        ],
        "recall": [
            0.0999894034121013,
            0.4999894034121013,
            0.7555155240012716,
            1.0,
            1.0,
            1.0,
            1.0
        ],
        "f1": [
            0.18180066662813324,
            0.6666572474108821,
            0.7555155240012716,
            0.6666619571053152,
            0.3333286238052516,
            0.1818150291690107,
            0.095236365214355
        ],
        "overlap": [
            0.6371343789741416,
            0.7297388945405222,
            0.7555155240012716,
            0.8005213466001208,
            0.8471616460884419,
            0.8425525421789136,
            0.8873275703123179
        ]
    },
    "bl": {
        "precision": [
            1.0,
            1.0,
            0.7965243191692275,
            0.4999947017621939,
            0.19999660914936274,
            0.09999809265055874,
            0.04999904632527937
        ],
        "recall": [
            0.0999894034121013,
            0.4999894034121013,
            0.7965243191692275,
            1.0,
            1.0,
            1.0,
            1.0
        ],
        "f1": [
            0.18180066662813324,
            0.6666572474108821,
            0.7965243191692275,
            0.6666619571053152,
            0.3333286238052516,
            0.1818150291690107,
            0.095236365214355
        ],
        "overlap": [
            0.582874099194574,
            0.7598762292302476,
            0.7965243191692275,
            0.8156001313962976,
            0.8160887385611773,
            0.822627098349295,
            0.8882833643101011
        ]
    },
    "random": {
        "precision": [
            0.009325985587113183,
            0.010469650729060698,
            0.010193917558546149,
            0.010098441258437443,
            0.010053872139499596,
            0.009988153240692665,
            0.009956364083338455
        ],
        "recall": [
            0.0009324997350853026,
            0.00523471442195613,
            0.010193917558546149,
            0.02019709653491576,
            0.05027021299141676,
            0.09988343753311434,
            0.19913107979230688
        ],
        "f1": [
            0.0016954703967015394,
            0.00697966853638894,
            0.010193917558546149,
            0.01346463590381192,
            0.01675650091482583,
            0.018160310108584245,
            0.018964520240629005
        ],
        "overlap": [
            0.000423908435777872,
            0.00555272973889454,
            0.010193917558546149,
            0.019857795297284122,
            0.04973530172212827,
            0.10012524927997558,
            0.19994638228792924
        ]
    }
}