{
    "ours": {
        "precision": [
            1.0,
            0.9327738216344523,
            0.7132987178128642,
            0.4999947017621939,
            0.19999660914936274,
            0.09999809265055874,
            0.04999904632527937
        ],
        "recall": [
            0.0999894034121013,
            0.46637702659743563,
            0.7132987178128642,
            1.0,
            1.0,
            1.0,
            1.0
        ],
        "f1": [
            0.18180066662813324,
            0.6218404283877531,
            0.7132987178128642,
            0.6666619571053152,
            0.3333286238052516,
            0.1818150291690107,
            0.095236365214355
        ],
        "overlap": [
            0.658965663416702,
            0.6647592404204815,
            0.7132987178128642,
            0.7720380201544966,
            0.8581352864633004,
            0.9143070281588356,
            0.9628713238488616
        ]
    },
    "bl": {
        "precision": [
            1.0,
            0.9117497456765005,
            0.6956871887252305,
            0.4999947017621939,
            0.19999660914936274,
            0.09999809265055874,
            0.04999904632527937
        ],
        "recall": [
            0.0999894034121013,
            0.4558652114019286,
            0.6956871887252305,
            1.0,
            1.0,
            1.0,
            1.0
        ],
        "f1": [
            0.18180066662813324,
            0.6078245757802676,
            0.6956871887252305,
            0.6666619571053152,
            0.3333286238052516,
            0.1818150291690107,
            0.095236365214355
        ],
        "overlap": [
            0.526706231454006,
            0.6437351644625297,
            0.6956871887252305,
            0.7410115395619417,
            0.7538157666077506,
            0.817360694614281,
            0.8981380030899061
        ]
    },
    "random": {
        "precision": [
            0.010809665112335736,
            0.009918616480162767,
            0.009876019921585249,
            0.009928897648642061,
            0.010070826392685936,
            0.010130144810208134,
            0.010016763482311453
        ],
        "recall": [
            0.0010808519656670553,
            0.004959203136590018,
            0.009876019921585249,
            0.019858005722157464,
            0.050354985694606336,
            0.10130338031153968,
            0.2003390908127583
        ],
        "f1": [
            0.0019652043234495114,
            0.006612317560789522,
            0.009876019921585249,
            0.013238576958942042,
            0.01678475808331626,
            0.018418477046261972,
            0.01907956681935568
        ],
        "overlap": [
            0.000847816871555744,
            0.005128857239742286,
            0.009876019921585249,
            0.019794216443610856,
            0.05026512213420139,
            0.10015068060585895,
            0.20020705337823375
        ]
    }
}