{
    "ours": {
        "precision": [
            1.0,
            0.9328585961342828,
            0.7139557062625834,
            0.4999947017621939,
            0.19999660914936274,
            0.09999809265055874,
            0.04999904632527937
        ],
        "recall": [
            0.0999894034121013,
            0.4664194129490304,
            0.7139557062625834,
            1.0,
            1.0,
            1.0,
            1.0
        ],
        "f1": [
            0.18180066662813324,
            0.6218969439224606,
            0.7139557062625834,
            0.6666619571053152,
            0.3333286238052516,
            0.1818150291690107,
            0.095236365214355
        ],
        "overlap": [
            0.658965663416702,
            0.664844014920312,
            0.7139557062625834,
            0.774665946106325,
            0.8225186390820968,
            0.8308689672126631,
            0.898585170570022
        ]
    },
    "bl": {
        "precision": [
            1.0,
            0.9117497456765005,
            0.6956871887252305,
            0.4999947017621939,
            0.19999660914936274,
            0.09999809265055874,
            0.04999904632527937
        ],
        "recall": [
            0.0999894034121013,
            0.4558652114019286,
            0.6956871887252305,
            1.0,
            1.0,
            1.0,
            1.0
        ],
        "f1": [
            0.18180066662813324,
            0.6078245757802676,
            0.6956871887252305,
            0.6666619571053152,
            0.3333286238052516,
            0.1818150291690107,
            0.095236365214355
        ],
        "overlap": [
            0.526706231454006,
            0.6437351644625297,
            0.6956871887252305,
            0.7410115395619417,
            0.7538157666077506,
            0.817360694614281,
            0.8981380030899061
        ]
    },
    "random": {
        "precision": [
            0.01271725307333616,
            0.011063072227873855,
            0.010427042492317474,
            0.009865318794968794,
            0.009824989721484005,
            0.009924574925984246,
            0.00997225866201556
        ],
        "recall": [
            0.0012715905478435945,
            0.005531418883119635,
            0.010427042492317474,
            0.019730846667373104,
            0.04912578149835753,
            0.09924764225919254,
            0.1994489774292678
        ],
        "f1": [
            0.00231200508641119,
            0.007375277279342158,
            0.010427042492317474,
            0.013153804854615841,
            0.016375029140205007,
            0.018044712972310632,
            0.01899479565608339
        ],
        "overlap": [
            0.001271725307333616,
            0.0054255679891488644,
            0.010427042492317474,
            0.019306778565449132,
            0.050015046899702875,
            0.10030962639263,
            0.1999071756605257
        ]
    }
}