{
    "ours": {
        "precision": [
            1.0,
            0.9780434045439131,
            0.7290876337819222,
            0.4999947017621939,
            0.19999660914936274
        ],
        "recall": [
            0.0999894034121013,
            0.4890113383490516,
            0.7290876337819222,
            1.0,
            1.0
        ],
        "f1": [
            0.18180066662813324,
            0.6520197239216129,
            0.7290876337819223,
            0.6666619571053152,
            0.3333286238052516
        ],
        "overlap": [
            0.741627808393387,
            0.7023991183452017,
            0.7290876337819222,
            0.7828146358521156,
            0.8242861199767727
        ]
    },
    "bl": {
        "precision": [
            1.0,
            0.9429891488640217,
            0.7351276888841793,
            0.4999947017621939,
            0.19999660914936274
        ],
        "recall": [
            0.0999894034121013,
            0.4714845819646074,
            0.7351276888841793,
            1.0,
            1.0
        ],
        "f1": [
            0.18180066662813324,
            0.6286505503200192,
            0.7351276888841793,
            0.6666619571053152,
            0.3333286238052516
        ],
        "overlap": [
            0.4624841034336583,
            0.6673448626653102,
            0.7351276888841793,
            0.7840438270231321,
            0.7893730741028021
        ]
    },
    "random": {
        "precision": [
            0.010173802458668928,
            0.009579518480840963,
            0.00968528133940871,
            0.009716968136397833,
            0.009799558341704496
        ],
        "recall": [
            0.0010172724382748754,
            0.004789657730210872,
            0.00968528133940871,
            0.0194341422062096,
            0.04899862244357317
        ],
        "f1": [
            0.0018496040691289518,
            0.00638625542195911,
            0.00968528133940871,
            0.0129560032778547,
            0.01633264338746936
        ],
        "overlap": [
            0.000423908435777872,
            0.004832146490335707,
            0.00968528133940871,
            0.02006972480952835,
            0.04929449113928343
        ]
    }
}