{
    "ours": {
        "precision": [
            1.0,
            0.9776619192946762,
            0.728155134046837,
            0.4999947017621939,
            0.19999660914936274
        ],
        "recall": [
            0.0999894034121013,
            0.4888205997668751,
            0.728155134046837,
            1.0,
            1.0
        ],
        "f1": [
            0.18180066662813324,
            0.6517654040154288,
            0.7281551340468371,
            0.6666619571053152,
            0.3333286238052516
        ],
        "overlap": [
            0.7412038999576092,
            0.7020176330959648,
            0.728155134046837,
            0.780430428839368,
            0.8560329590681942
        ]
    },
    "bl": {
        "precision": [
            1.0,
            0.9429891488640217,
            0.7351276888841793,
            0.4999947017621939,
            0.19999660914936274
        ],
        "recall": [
            0.0999894034121013,
            0.4714845819646074,
            0.7351276888841793,
            1.0,
            1.0
        ],
        "f1": [
            0.18180066662813324,
            0.6286505503200192,
            0.7351276888841793,
            0.6666619571053152,
            0.3333286238052516
        ],
        "overlap": [
            0.4624841034336583,
            0.6673448626653102,
            0.7351276888841793,
            0.7840438270231321,
            0.7893730741028021
        ]
    },
    "random": {
        "precision": [
            0.007630351844001695,
            0.009282807731434384,
            0.009664088163611317,
            0.010013669453539752,
            0.00996486231027131
        ],
        "recall": [
            0.0007629543287061566,
            0.004641305499629119,
            0.009664088163611317,
            0.02002755112853661,
            0.049825156299671505
        ],
        "f1": [
            0.0013872030518467143,
            0.006188451050482502,
            0.009664088163611317,
            0.013351606431376981,
            0.01660815078025106
        ],
        "overlap": [
            0.001271725307333616,
            0.004450661241098677,
            0.009664088163611317,
            0.020101514236364984,
            0.049917559943881425
        ]
    }
}