{
    "ours": {
        "precision": [
            1.0,
            0.9687182095625636,
            0.7350853025325845,
            0.4999947017621939,
            0.19999660914936274
        ],
        "recall": [
            0.0999894034121013,
            0.4843488396736251,
            0.7350853025325845,
            1.0,
            1.0
        ],
        "f1": [
            0.18180066662813324,
            0.6458030151037766,
            0.7350853025325845,
            0.6666619571053152,
            0.3333286238052516
        ],
        "overlap": [
            0.7418397626112759,
            0.6930739233638522,
            0.7350853025325845,
            0.7851670534380265,
            0.8110448482382412
        ]
    },
    "bl": {
        "precision": [
            1.0,
            0.9793997965412004,
            0.735382006993748,
            0.4999947017621939,
            0.19999660914936274
        ],
        "recall": [
            0.0999894034121013,
            0.48968951997456817,
            0.735382006993748,
            1.0,
            1.0
        ],
        "f1": [
            0.18180066662813324,
            0.6529239724769346,
            0.735382006993748,
            0.6666619571053152,
            0.3333286238052516
        ],
        "overlap": [
            0.5254345061466723,
            0.703755510342489,
            0.735382006993748,
            0.7542253446503693,
            0.7706810099648623
        ]
    },
    "random": {
        "precision": [
            0.009114031369224248,
            0.009537131230925738,
            0.010024372152167001,
            0.009907704697417639,
            0.010028440759720085
        ],
        "recall": [
            0.0009113065592879092,
            0.004768464554413479,
            0.010024372152167001,
            0.019815619370562677,
            0.050143053936632404
        ],
        "f1": [
            0.001656936978594686,
            0.006357997654605309,
            0.010024372152167001,
            0.01321031959083331,
            0.016714115162090183
        ],
        "overlap": [
            0.000211954217888936,
            0.004874533740250933,
            0.010024372152167001,
            0.020228671943711522,
            0.04973530172212827
        ]
    }
}