{
    "ours": {
        "precision": [
            1.0,
            0.9677856900644286,
            0.7338772915121331,
            0.4999947017621939,
            0.19999660914936274
        ],
        "recall": [
            0.0999894034121013,
            0.48388258980608245,
            0.7338772915121331,
            1.0,
            1.0
        ],
        "f1": [
            0.18180066662813324,
            0.6451813442219931,
            0.7338772915121331,
            0.6666619571053152,
            0.3333286238052516
        ],
        "overlap": [
            0.7405680373039424,
            0.6921414038657172,
            0.7338772915121331,
            0.7829735829862987,
            0.8523284547469789
        ]
    },
    "bl": {
        "precision": [
            1.0,
            0.9793997965412004,
            0.735382006993748,
            0.4999947017621939,
            0.19999660914936274
        ],
        "recall": [
            0.0999894034121013,
            0.48968951997456817,
            0.735382006993748,
            1.0,
            1.0
        ],
        "f1": [
            0.18180066662813324,
            0.6529239724769346,
            0.735382006993748,
            0.6666619571053152,
            0.3333286238052516
        ],
        "overlap": [
            0.5254345061466723,
            0.703755510342489,
            0.735382006993748,
            0.7542253446503693,
            0.7706810099648623
        ]
    },
    "random": {
        "precision": [
            0.01165748198389148,
            0.010342488979315022,
            0.01013033803115397,
            0.01045872142925263,
            0.010079303519279105
        ],
        "recall": [
            0.0011656246688566282,
            0.005171134894563951,
            0.01013033803115397,
            0.020917664512027128,
            0.05039737204620112
        ],
        "f1": [
            0.002119337995876924,
            0.0068948952343275355,
            0.01013033803115397,
            0.013945011161660404,
            0.016798886667561477
        ],
        "overlap": [
            0.00105977108944468,
            0.005001695489996609,
            0.01013033803115397,
            0.02075849572432209,
            0.05059573007133502
        ]
    }
}