{
    "ours": {
        "precision": [
            1.0,
            0.957146490335707,
            0.7305075765603476,
            0.4999947017621939,
            0.19999660914936274,
            0.09999809265055874,
            0.04999904632527937
        ],
        "recall": [
            0.0999894034121013,
            0.4785631026809367,
            0.7305075765603476,
            1.0,
            1.0,
            1.0,
            1.0
        ],
        "f1": [
            0.18180066662813324,
            0.6380886446161889,
            0.7305075765603475,
            0.6666619571053152,
            0.3333286238052516,
            0.1818150291690107,
            0.095236365214355
        ],
        "overlap": [
            0.5385756676557863,
            0.6856985418786029,
            0.7305075765603476,
            0.7724830721302095,
            0.8287874741977459,
            0.8344611419936888,
            0.9137358829650383
        ]
    },
    "bl": {
        "precision": [
            1.0,
            0.9448118006103764,
            0.7347250185440288,
            0.4999947017621939,
            0.19999660914936274,
            0.09999809265055874,
            0.04999904632527937
        ],
        "recall": [
            0.0999894034121013,
            0.4723958885238953,
            0.7347250185440288,
            1.0,
            1.0,
            1.0,
            1.0
        ],
        "f1": [
            0.18180066662813324,
            0.6298656343162327,
            0.7347250185440288,
            0.6666619571053152,
            0.3333286238052516,
            0.1818150291690107,
            0.095236365214355
        ],
        "overlap": [
            0.4741415854175498,
            0.6733638521532723,
            0.7347250185440288,
            0.7814900764005892,
            0.7775390053787368,
            0.8286882310181644,
            0.914050595622845
        ]
    },
    "random": {
        "precision": [
            0.009325985587113183,
            0.010596812478806375,
            0.010384656140722688,
            0.009621599855887931,
            0.009782604088518157,
            0.009941529143239824,
            0.009927753841719665
        ],
        "recall": [
            0.0009324997350853026,
            0.00529829394934831,
            0.010384656140722688,
            0.01924340362403306,
            0.0489138497403836,
            0.09941718766557169,
            0.19855886404577727
        ],
        "f1": [
            0.0016954703967015394,
            0.007064441838450345,
            0.010384656140722688,
            0.012828845121365397,
            0.016304386218978926,
            0.01807553887531693,
            0.018910024492811102
        ],
        "overlap": [
            0.000211954217888936,
            0.0054255679891488644,
            0.010384656140722688,
            0.01929618208983692,
            0.04916309567708929,
            0.09898083961522404,
            0.199493916614921
        ]
    }
}