{
    "ours": {
        "precision": [
            1.0,
            0.9564259070871481,
            0.7285154180353927,
            0.4999947017621939,
            0.19999660914936274,
            0.09999809265055874,
            0.04999904632527937
        ],
        "recall": [
            0.0999894034121013,
            0.47820281869238107,
            0.7285154180353927,
            1.0,
            1.0,
            1.0,
            1.0
        ],
        "f1": [
            0.18180066662813324,
            0.6376082625711743,
            0.7285154180353928,
            0.6666619571053152,
            0.3333286238052516,
            0.1818150291690107,
            0.095236365214355
        ],
        "overlap": [
            0.5385756676557863,
            0.6849779586300441,
            0.7285154180353927,
            0.771105530300622,
            0.8466063942965892,
            0.9099434364926811,
            0.9563672622541903
        ]
    },
    "bl": {
        "precision": [
            1.0,
            0.9448118006103764,
            0.7347250185440288,
            0.4999947017621939,
            0.19999660914936274,
            0.09999809265055874,
            0.04999904632527937
        ],
        "recall": [
            0.0999894034121013,
            0.4723958885238953,
            0.7347250185440288,
            1.0,
            1.0,
            1.0,
            1.0
        ],
        "f1": [
            0.18180066662813324,
            0.6298656343162327,
            0.7347250185440288,
            0.6666619571053152,
            0.3333286238052516,
            0.1818150291690107,
            0.095236365214355
        ],
        "overlap": [
            0.4741415854175498,
            0.6733638521532723,
            0.7347250185440288,
            0.7814900764005892,
            0.7775390053787368,
            0.8286882310181644,
            0.914050595622845
        ]
    },
    "random": {
        "precision": [
            0.010385756676557863,
            0.009749067480501866,
            0.010257497085938328,
            0.010087844782825232,
            0.010214937544769825,
            0.010270017102566656,
            0.010041135169616347
        ],
        "recall": [
            0.0010384656140722686,
            0.004874430433400445,
            0.010257497085938328,
            0.020175903359118365,
            0.051075553671717705,
            0.10270212991416763,
            0.20082653385609833
        ],
        "f1": [
            0.0018881374872358049,
            0.006499286491374316,
            0.010257497085938328,
            0.013450507219757551,
            0.017024944015484926,
            0.018672790746063917,
            0.019125989123052408
        ],
        "overlap": [
            0.00105977108944468,
            0.004535435740929129,
            0.010257497085938328,
            0.019815409394835278,
            0.05053639018518283,
            0.10066566495499715,
            0.20056627085633633
        ]
    }
}