{
    "ours": {
        "precision": [
            1.0,
            0.9473126483553747,
            0.7361661544982515,
            0.4999947017621939,
            0.19999660914936274,
            0.09999809265055874,
            0.04999904632527937
        ],
        "recall": [
            0.0999894034121013,
            0.4736462858959415,
            0.7361661544982515,
            1.0,
            1.0,
            1.0,
            1.0
        ],
        "f1": [
            0.18180066662813324,
            0.631532842590107,
            0.7361661544982514,
            0.6666619571053152,
            0.3333286238052516,
            0.1818150291690107,
            0.095236365214355
        ],
        "overlap": [
            0.5972869860110216,
            0.6758646998982706,
            0.7361661544982515,
            0.7763931716311155,
            0.8050557583001666,
            0.8163349644703185,
            0.8899681896498742
        ]
    },
    "bl": {
        "precision": [
            1.0,
            0.9078077314343845,
            0.6999894034121013,
            0.4999947017621939,
            0.19999660914936274,
            0.09999809265055874,
            0.04999904632527937
        ],
        "recall": [
            0.0999894034121013,
            0.453894246052771,
            0.6999894034121013,
            1.0,
            1.0,
            1.0,
            1.0
        ],
        "f1": [
            0.18180066662813324,
            0.6051966034163642,
            0.6999894034121013,
            0.6666619571053152,
            0.3333286238052516,
            0.1818150291690107,
            0.095236365214355
        ],
        "overlap": [
            0.4652395082662145,
            0.6363597829772805,
            0.6999894034121013,
            0.7422619236841826,
            0.760491503799872,
            0.796085271235687,
            0.8916561939053828
        ]
    },
    "random": {
        "precision": [
            0.00953793980500212,
            0.009961003730077992,
            0.010151531206951362,
            0.010320967246293883,
            0.01007506495598252,
            0.010066566495499715,
            0.010041135169616347
        ],
        "recall": [
            0.0009536929108826958,
            0.004980396312387411,
            0.010151531206951362,
            0.020642153226661016,
            0.05037617887040373,
            0.10066758503761788,
            0.20082653385609833
        ],
        "f1": [
            0.0017340038148083924,
            0.006640575328143323,
            0.010151531206951362,
            0.01376133826895363,
            0.01679182237543887,
            0.018302879909988364,
            0.019125989123052408
        ],
        "overlap": [
            0.000847816871555744,
            0.004874533740250933,
            0.010151531206951362,
            0.01984719882167191,
            0.049540327810485354,
            0.09994299144447812,
            0.19989657927474097
        ]
    }
}