{
    "ours": {
        "precision": [
            1.0,
            0.9472702611054595,
            0.7356151319275194,
            0.4999947017621939,
            0.19999660914936274,
            0.09999809265055874,
            0.04999904632527937
        ],
        "recall": [
            0.0999894034121013,
            0.47362509272014414,
            0.7356151319275194,
            1.0,
            1.0,
            1.0,
            1.0
        ],
        "f1": [
            0.18180066662813324,
            0.6315045848227532,
            0.7356151319275193,
            0.6666619571053152,
            0.3333286238052516,
            0.1818150291690107,
            0.095236365214355
        ],
        "overlap": [
            0.5972869860110216,
            0.6758223126483554,
            0.7356151319275194,
            0.7742314906062243,
            0.8474541069559062,
            0.9065314002699959,
            0.9563206381567375
        ]
    },
    "bl": {
        "precision": [
            1.0,
            0.9078077314343845,
            0.6999894034121013,
            0.4999947017621939,
            0.19999660914936274,
            0.09999809265055874,
            0.04999904632527937
        ],
        "recall": [
            0.0999894034121013,
            0.453894246052771,
            0.6999894034121013,
            1.0,
            1.0,
            1.0,
            1.0
        ],
        "f1": [
            0.18180066662813324,
            0.6051966034163642,
            0.6999894034121013,
            0.6666619571053152,
            0.3333286238052516,
            0.1818150291690107,
            0.095236365214355
        ],
        "overlap": [
            0.4652395082662145,
            0.6363597829772805,
            0.6999894034121013,
            0.7422619236841826,
            0.760491503799872,
            0.796085271235687,
            0.8916561939053828
        ]
    },
    "random": {
        "precision": [
            0.010173802458668928,
            0.008604611732790776,
            0.008922327010702554,
            0.00961100338027572,
            0.009977578000161065,
            0.009837684562549406,
            0.009912918901621035
        ],
        "recall": [
            0.0010172724382748754,
            0.004302214686870828,
            0.008922327010702554,
            0.019222210448235667,
            0.049888735827063685,
            0.09837872205149942,
            0.19826215958461377
        ],
        "f1": [
            0.0018496040691289518,
            0.00573632677282168,
            0.008922327010702554,
            0.012814716437311028,
            0.016629343656618886,
            0.017886730219403364,
            0.018881767438387008
        ],
        "overlap": [
            0.001271725307333616,
            0.004747371990505256,
            0.008922327010702554,
            0.019656462260652107,
            0.05042618753947162,
            0.10002564325359906,
            0.1994981551692349
        ]
    }
}