{
    "ours": {
        "precision": [
            1.0,
            0.9211173279077653,
            0.7237045671293844,
            0.4999947017621939,
            0.19999660914936274,
            0.09999809265055874,
            0.04999904632527937
        ],
        "recall": [
            0.0999894034121013,
            0.4605489032531525,
            0.7237045671293844,
            1.0,
            1.0,
            1.0,
            1.0
        ],
        "f1": [
            0.18180066662813324,
            0.6140695423654577,
            0.7237045671293844,
            0.6666619571053152,
            0.3333286238052516,
            0.1818150291690107,
            0.095236365214355
        ],
        "overlap": [
            0.5686731665960153,
            0.6496693794506613,
            0.7237045671293844,
            0.7812251645102839,
            0.848835878590593,
            0.9098311148033629,
            0.9574237219169286
        ]
    },
    "bl": {
        "precision": [
            1.0,
            0.9460410308579179,
            0.7492211507894458,
            0.4999947017621939,
            0.19999660914936274,
            0.09999809265055874,
            0.04999904632527937
        ],
        "recall": [
            0.0999894034121013,
            0.4730104906220197,
            0.7492211507894458,
            1.0,
            1.0,
            1.0,
            1.0
        ],
        "f1": [
            0.18180066662813324,
            0.630685109569493,
            0.7492211507894458,
            0.6666619571053152,
            0.3333286238052516,
            0.1818150291690107,
            0.095236365214355
        ],
        "overlap": [
            0.4798643493005511,
            0.6745930824008138,
            0.7492211507894458,
            0.8019624672833815,
            0.8140203196724438,
            0.8197024958727077,
            0.8860411690780509
        ]
    },
    "random": {
        "precision": [
            0.009325985587113183,
            0.010342488979315022,
            0.010003178976369608,
            0.01022559896578398,
            0.010155597658617635,
            0.010170411076190133,
            0.010143920111728292
        ],
        "recall": [
            0.0009324997350853026,
            0.005171134894563951,
            0.010003178976369608,
            0.020451414644484477,
            0.0507788492105542,
            0.10170605065169015,
            0.2028822719084455
        ],
        "f1": [
            0.0016954703967015394,
            0.0068948952343275355,
            0.010003178976369608,
            0.013634180112464325,
            0.01692604392576842,
            0.01849168856590193,
            0.019321770142990788
        ],
        "overlap": [
            0.000635862653666808,
            0.005001695489996609,
            0.010003178976369608,
            0.020419408504731326,
            0.05000656977310971,
            0.09945131914406634,
            0.19943245757736952
        ]
    }
}