{
    "ours": {
        "precision": [
            1.0,
            0.9211597151576806,
            0.7238741125357635,
            0.4999947017621939,
            0.19999660914936274,
            0.09999809265055874,
            0.04999904632527937
        ],
        "recall": [
            0.0999894034121013,
            0.46057009642894986,
            0.7238741125357635,
            1.0,
            1.0,
            1.0,
            1.0
        ],
        "f1": [
            0.18180066662813324,
            0.6140978001328116,
            0.7238741125357635,
            0.6666619571053152,
            0.3333286238052516,
            0.1818150291690107,
            0.095236365214355
        ],
        "overlap": [
            0.5686731665960153,
            0.6497117667005765,
            0.7238741125357635,
            0.7797416579245743,
            0.8434910502735993,
            0.838193189067073,
            0.8868761642778881
        ]
    },
    "bl": {
        "precision": [
            1.0,
            0.9460410308579179,
            0.7492211507894458,
            0.4999947017621939,
            0.19999660914936274,
            0.09999809265055874,
            0.04999904632527937
        ],
        "recall": [
            0.0999894034121013,
            0.4730104906220197,
            0.7492211507894458,
            1.0,
            1.0,
            1.0,
            1.0
        ],
        "f1": [
            0.18180066662813324,
            0.630685109569493,
            0.7492211507894458,
            0.6666619571053152,
            0.3333286238052516,
            0.1818150291690107,
            0.095236365214355
        ],
        "overlap": [
            0.4798643493005511,
            0.6745930824008138,
            0.7492211507894458,
            0.8019624672833815,
            0.8140203196724438,
            0.8197024958727077,
            0.8860411690780509
        ]
    },
    "random": {
        "precision": [
            0.011869436201780416,
            0.010469650729060698,
            0.010681360601886193,
            0.010405739051191574,
            0.01018526760169373,
            0.00992033637167035,
            0.009929873118876614
        ],
        "recall": [
            0.0011868178446540214,
            0.00523471442195613,
            0.010681360601886193,
            0.020811698633040162,
            0.05092720144113595,
            0.09920525590759775,
            0.19860125039737206
        ],
        "f1": [
            0.0021578714139837774,
            0.00697966853638894,
            0.010681360601886193,
            0.013874367741388567,
            0.01697549397062667,
            0.01803700649655906,
            0.01891406121487169
        ],
        "overlap": [
            0.00105977108944468,
            0.005128857239742286,
            0.010681360601886193,
            0.020006145955855082,
            0.04989212856410191,
            0.09996630349320454,
            0.2001328786777406
        ]
    }
}