{
    "ours": {
        "precision": [
            1.0,
            1.0,
            0.746805128748543,
            0.4999947017621939,
            0.19999660914936274,
            0.09999809265055874,
            0.04999904632527937
        ],
        "recall": [
            0.0999894034121013,
            0.4999894034121013,
            0.746805128748543,
            1.0,
            1.0,
            1.0,
            1.0
        ],
        "f1": [
            0.18180066662813324,
            0.6666572474108821,
            0.7468051287485431,
            0.6666619571053152,
            0.3333286238052516,
            0.1818150291690107,
            0.095236365214355
        ],
        "overlap": [
            0.6962696057651547,
            0.7311800610376399,
            0.746805128748543,
            0.7909103432198451,
            0.8381207905768261,
            0.836906787832806,
            0.897938791037153
        ]
    },
    "bl": {
        "precision": [
            1.0,
            0.9777043065445914,
            0.7538412631132775,
            0.4999947017621939,
            0.19999660914936274,
            0.09999809265055874,
            0.04999904632527937
        ],
        "recall": [
            0.0999894034121013,
            0.48884179294267244,
            0.7538412631132775,
            1.0,
            1.0,
            1.0,
            1.0
        ],
        "f1": [
            0.18180066662813324,
            0.6517936617827825,
            0.7538412631132774,
            0.6666619571053152,
            0.3333286238052516,
            0.1818150291690107,
            0.095236365214355
        ],
        "overlap": [
            0.4771089444679949,
            0.6879450661241099,
            0.7538412631132775,
            0.7903169405855612,
            0.7975577398285078,
            0.8183885440354004,
            0.8992220133556846
        ]
    },
    "random": {
        "precision": [
            0.011021619330224672,
            0.009494743981010512,
            0.010109144855356576,
            0.01037394962435494,
            0.010138643405431295,
            0.010270017102566656,
            0.01011742914726645
        ],
        "recall": [
            0.0011020451414644485,
            0.0047472713786160855,
            0.010109144855356576,
            0.020748119105647982,
            0.05069407650736463,
            0.10270212991416763,
            0.20235244251351064
        ],
        "f1": [
            0.0020037377415563647,
            0.0063297398872515075,
            0.010109144855356576,
            0.013831981689225467,
            0.01689778675727799,
            0.018672790746063917,
            0.01927131111723347
        ],
        "overlap": [
            0.00105977108944468,
            0.005128857239742286,
            0.010109144855356576,
            0.02013330366320162,
            0.05053215162188625,
            0.10044526013067463,
            0.19979697324836446
        ]
    }
}