{
    "ours": {
        "precision": [
            1.0,
            1.0,
            0.7465508106389742,
            0.4999947017621939,
            0.19999660914936274,
            0.09999809265055874,
            0.04999904632527937
        ],
        "recall": [
            0.0999894034121013,
            0.4999894034121013,
            0.7465508106389742,
            1.0,
            1.0,
            1.0,
            1.0
        ],
        "f1": [
            0.18180066662813324,
            0.6666572474108821,
            0.7465508106389742,
            0.6666619571053152,
            0.3333286238052516,
            0.1818150291690107,
            0.095236365214355
        ],
        "overlap": [
            0.6962696057651547,
            0.7308833502882333,
            0.7465508106389742,
            0.7901156075489292,
            0.8656672134413319,
            0.9135991895884151,
            0.9605146876503362
        ]
    },
    "bl": {
        "precision": [
            1.0,
            0.9777043065445914,
            0.7538412631132775,
            0.4999947017621939,
            0.19999660914936274,
            0.09999809265055874,
            0.04999904632527937
        ],
        "recall": [
            0.0999894034121013,
            0.48884179294267244,
            0.7538412631132775,
            1.0,
            1.0,
            1.0,
            1.0
        ],
        "f1": [
            0.18180066662813324,
            0.6517936617827825,
            0.7538412631132774,
            0.6666619571053152,
            0.3333286238052516,
            0.1818150291690107,
            0.095236365214355
        ],
        "overlap": [
            0.4771089444679949,
            0.6879450661241099,
            0.7538412631132775,
            0.7903169405855612,
            0.7975577398285078,
            0.8183885440354004,
            0.8992220133556846
        ]
    },
    "random": {
        "precision": [
            0.012505298855447223,
            0.009664292980671414,
            0.009791247218395676,
            0.009950090599866485,
            0.009748695582145476,
            0.00994364842039677,
            0.009939409866082877
        ],
        "recall": [
            0.001250397372046201,
            0.004832044081805658,
            0.009791247218395676,
            0.01990039207375225,
            0.04874430433400445,
            0.09943838084136908,
            0.19879198897954858
        ],
        "f1": [
            0.0022734716683043363,
            0.006442770956666713,
            0.009791247218395676,
            0.013266834327050779,
            0.016247871881998065,
            0.018079392113192715,
            0.01893222646414432
        ],
        "overlap": [
            0.001483679525222552,
            0.004832146490335707,
            0.009791247218395676,
            0.02052537326085344,
            0.05067626277397014,
            0.1001210107256617,
            0.19990929493768267
        ]
    }
}