{
    "ours": {
        "precision": [
            1.0,
            0.9864360800271278,
            0.7371622337607291,
            0.4999947017621939,
            0.19999660914936274
        ],
        "recall": [
            0.0999894034121013,
            0.49320758715693547,
            0.7371622337607291,
            1.0,
            1.0
        ],
        "f1": [
            0.18180066662813324,
            0.6576147618576655,
            0.7371622337607291,
            0.6666619571053152,
            0.3333286238052516
        ],
        "overlap": [
            0.6795252225519288,
            0.7107917938284164,
            0.7371622337607291,
            0.7782369583876403,
            0.8320342136829301
        ]
    },
    "bl": {
        "precision": [
            1.0,
            0.9894031875211936,
            0.7602204090282929,
            0.4999947017621939,
            0.19999660914936274
        ],
        "recall": [
            0.0999894034121013,
            0.494691109462753,
            0.7602204090282929,
            1.0,
            1.0
        ],
        "f1": [
            0.18180066662813324,
            0.6595928055724317,
            0.7602204090282929,
            0.6666619571053152,
            0.3333286238052516
        ],
        "overlap": [
            0.5320050869012294,
            0.7137589013224822,
            0.7602204090282929,
            0.7937078127814688,
            0.7890763746720412
        ]
    },
    "random": {
        "precision": [
            0.00847816871555744,
            0.00894370973211258,
            0.009324997350853025,
            0.010119634209661867,
            0.009909760987415705
        ],
        "recall": [
            0.0008477270318957296,
            0.004471760093249974,
            0.009324997350853025,
            0.020239482886510545,
            0.049549645014305393
        ],
        "f1": [
            0.0015413367242741267,
            0.0059623889116520905,
            0.009324997350853025,
            0.013492893271920655,
            0.01651631498265716
        ],
        "overlap": [
            0.000423908435777872,
            0.004281112241437775,
            0.009324997350853025,
            0.019730637589937587,
            0.04979888017157704
        ]
    }
}