{
    "ours": {
        "precision": [
            1.0,
            0.9863936927772126,
            0.7371410405849317,
            0.4999947017621939,
            0.19999660914936274
        ],
        "recall": [
            0.0999894034121013,
            0.49318639398113806,
            0.7371410405849317,
            1.0,
            1.0
        ],
        "f1": [
            0.18180066662813324,
            0.6575865040903118,
            0.7371410405849317,
            0.6666619571053152,
            0.3333286238052516
        ],
        "overlap": [
            0.6793132683340398,
            0.7107494065785012,
            0.7371410405849317,
            0.7776329592777442,
            0.8522775919874199
        ]
    },
    "bl": {
        "precision": [
            1.0,
            0.9894031875211936,
            0.7602204090282929,
            0.4999947017621939,
            0.19999660914936274
        ],
        "recall": [
            0.0999894034121013,
            0.494691109462753,
            0.7602204090282929,
            1.0,
            1.0
        ],
        "f1": [
            0.18180066662813324,
            0.6595928055724317,
            0.7602204090282929,
            0.6666619571053152,
            0.3333286238052516
        ],
        "overlap": [
            0.5320050869012294,
            0.7137589013224822,
            0.7602204090282929,
            0.7937078127814688,
            0.7890763746720412
        ]
    },
    "random": {
        "precision": [
            0.008690122933446376,
            0.00856222448287555,
            0.009515735933029564,
            0.00937788091680707,
            0.009638492936434265
        ],
        "recall": [
            0.0008689202076931228,
            0.004281021511073435,
            0.009515735933029564,
            0.018755960580693017,
            0.04819328176327223
        ],
        "f1": [
            0.0015798701423809798,
            0.005708069005467878,
            0.009515735933029564,
            0.012503885388114951,
            0.01606420028681026
        ],
        "overlap": [
            0.000635862653666808,
            0.0038572397422855205,
            0.009515735933029564,
            0.01960347988259105,
            0.049612383386527306
        ]
    }
}