{
    "ours": {
        "precision": [
            1.0,
            0.9413360461173279,
            0.7329447917770477,
            0.4999947017621939,
            0.19999660914936274,
            0.09999809265055874,
            0.04999904632527937
        ],
        "recall": [
            0.0999894034121013,
            0.4706580481085091,
            0.7329447917770477,
            1.0,
            1.0,
            1.0,
            1.0
        ],
        "f1": [
            0.18180066662813324,
            0.627548497393221,
            0.7329447917770476,
            0.6666619571053152,
            0.3333286238052516,
            0.1818150291690107,
            0.095236365214355
        ],
        "overlap": [
            0.6000423908435778,
            0.6698880976602238,
            0.7329447917770477,
            0.7747401214356106,
            0.8173263990437801,
            0.8262701357820874,
            0.8757033351064619
        ]
    },
    "bl": {
        "precision": [
            1.0,
            0.9395133943709733,
            0.7217547949560241,
            0.4999947017621939,
            0.19999660914936274,
            0.09999809265055874,
            0.04999904632527937
        ],
        "recall": [
            0.0999894034121013,
            0.46974674154922114,
            0.7217547949560241,
            1.0,
            1.0,
            1.0,
            1.0
        ],
        "f1": [
            0.18180066662813324,
            0.6263334133970075,
            0.7217547949560241,
            0.6666619571053152,
            0.3333286238052516,
            0.1818150291690107,
            0.095236365214355
        ],
        "overlap": [
            0.5021195421788893,
            0.6680654459138691,
            0.7217547949560241,
            0.764790030835744,
            0.7776661622776344,
            0.8099644173365349,
            0.8747825091817683
        ]
    },
    "random": {
        "precision": [
            0.009325985587113183,
            0.009198033231603934,
            0.00981244039419307,
            0.009833529368132159,
            0.009663924316213776,
            0.009892785768630036,
            0.009980735770643349
        ],
        "recall": [
            0.0009324997350853026,
            0.004598919148034333,
            0.00981244039419307,
            0.019667267139980925,
            0.04832044081805659,
            0.09892974462223164,
            0.19961852283564693
        ],
        "f1": [
            0.0016954703967015394,
            0.006131935515774898,
            0.00981244039419307,
            0.013111418802452741,
            0.016106586039545907,
            0.017986914404173826,
            0.01901094254432573
        ],
        "overlap": [
            0.001271725307333616,
            0.0047897592404204815,
            0.00981244039419307,
            0.02004853185830393,
            0.049904844253991665,
            0.10012313000281864,
            0.20005764433866896
        ]
    }
}