{
    "ours": {
        "precision": [
            1.0,
            0.9401068158697864,
            0.7294267245946805,
            0.4999947017621939,
            0.19999660914936274,
            0.09999809265055874,
            0.04999904632527937
        ],
        "recall": [
            0.0999894034121013,
            0.47004344601038467,
            0.7294267245946805,
            1.0,
            1.0,
            1.0,
            1.0
        ],
        "f1": [
            0.18180066662813324,
            0.6267290221399607,
            0.7294267245946805,
            0.6666619571053152,
            0.3333286238052516,
            0.1818150291690107,
            0.095236365214355
        ],
        "overlap": [
            0.6000423908435778,
            0.6686588674126822,
            0.7294267245946805,
            0.7744752095453052,
            0.8467886525183423,
            0.9046028580571739,
            0.9563725604470827
        ]
    },
    "bl": {
        "precision": [
            1.0,
            0.9395133943709733,
            0.7217547949560241,
            0.4999947017621939,
            0.19999660914936274,
            0.09999809265055874,
            0.04999904632527937
        ],
        "recall": [
            0.0999894034121013,
            0.46974674154922114,
            0.7217547949560241,
            1.0,
            1.0,
            1.0,
            1.0
        ],
        "f1": [
            0.18180066662813324,
            0.6263334133970075,
            0.7217547949560241,
            0.6666619571053152,
            0.3333286238052516,
            0.1818150291690107,
            0.095236365214355
        ],
        "overlap": [
            0.5021195421788893,
            0.6680654459138691,
            0.7217547949560241,
            0.764790030835744,
            0.7776661622776344,
            0.8099644173365349,
            0.8747825091817683
        ]
    },
    "random": {
        "precision": [
            0.010173802458668928,
            0.010596812478806375,
            0.01072374695348098,
            0.010320967246293883,
            0.010155597658617635,
            0.010197961679230448,
            0.009991332156428086
        ],
        "recall": [
            0.0010172724382748754,
            0.00529829394934831,
            0.01072374695348098,
            0.020642153226661016,
            0.0507788492105542,
            0.10198156193705626,
            0.19983045459362087
        ],
        "f1": [
            0.0018496040691289518,
            0.007064441838450345,
            0.01072374695348098,
            0.01376133826895363,
            0.01692604392576842,
            0.018541780658287158,
            0.019031126154628656
        ],
        "overlap": [
            0.001483679525222552,
            0.005171244489657511,
            0.01072374695348098,
            0.021182354748810545,
            0.05037108621661602,
            0.09997054204751843,
            0.19972703710218517
        ]
    }
}