{
    "ours": {
        "precision": [
            1.0,
            0.9568497795863005,
            0.7313553035922433,
            0.4999947017621939,
            0.19999660914936274
        ],
        "recall": [
            0.0999894034121013,
            0.478414750450355,
            0.7313553035922433,
            1.0,
            1.0
        ],
        "f1": [
            0.18180066662813324,
            0.6378908402447122,
            0.7313553035922433,
            0.6666619571053152,
            0.3333286238052516
        ],
        "overlap": [
            0.6066129715981348,
            0.6861224143777551,
            0.7313553035922433,
            0.7722181602399042,
            0.8202806776614998
        ]
    },
    "bl": {
        "precision": [
            1.0,
            0.938157002373686,
            0.7138921267351913,
            0.4999947017621939,
            0.19999660914936274
        ],
        "recall": [
            0.0999894034121013,
            0.46906855992370455,
            0.7138921267351913,
            1.0,
            1.0
        ],
        "f1": [
            0.18180066662813324,
            0.6254291648416859,
            0.7138921267351912,
            0.6666619571053152,
            0.3333286238052516
        ],
        "overlap": [
            0.5057227638830013,
            0.6674296371651407,
            0.7138921267351913,
            0.7482065465026332,
            0.773186000873144
        ]
    },
    "random": {
        "precision": [
            0.009114031369224248,
            0.009791454730417091,
            0.009579315460421744,
            0.009642792807112355,
            0.010053872139499596
        ],
        "recall": [
            0.0009113065592879092,
            0.004895623609197838,
            0.009579315460421744,
            0.019285789975627847,
            0.05027021299141676
        ],
        "f1": [
            0.001656936978594686,
            0.006527544258728118,
            0.009579315460421744,
            0.012857102489474132,
            0.01675650091482583
        ],
        "overlap": [
            0.001271725307333616,
            0.004747371990505256,
            0.009579315460421744,
            0.019518708077693358,
            0.050125249545414086
        ]
    }
}