{
    "ours": {
        "precision": [
            1.0,
            0.9566802305866395,
            0.7308466673731059,
            0.4999947017621939,
            0.19999660914936274
        ],
        "recall": [
            0.0999894034121013,
            0.4783299777471654,
            0.7308466673731059,
            1.0,
            1.0
        ],
        "f1": [
            0.18180066662813324,
            0.637777809175297,
            0.7308466673731059,
            0.6666619571053152,
            0.3333286238052516
        ],
        "overlap": [
            0.6066129715981348,
            0.6859528653780943,
            0.7308466673731059,
            0.770501531190726,
            0.8510314543782239
        ]
    },
    "bl": {
        "precision": [
            1.0,
            0.938157002373686,
            0.7138921267351913,
            0.4999947017621939,
            0.19999660914936274
        ],
        "recall": [
            0.0999894034121013,
            0.46906855992370455,
            0.7138921267351913,
            1.0,
            1.0
        ],
        "f1": [
            0.18180066662813324,
            0.6254291648416859,
            0.7138921267351912,
            0.6666619571053152,
            0.3333286238052516
        ],
        "overlap": [
            0.5057227638830013,
            0.6674296371651407,
            0.7138921267351913,
            0.7482065465026332,
            0.773186000873144
        ]
    },
    "random": {
        "precision": [
            0.010385756676557863,
            0.009494743981010512,
            0.009791247218395676,
            0.00961100338027572,
            0.009782604088518157
        ],
        "recall": [
            0.0010384656140722686,
            0.0047472713786160855,
            0.009791247218395676,
            0.019222210448235667,
            0.0489138497403836
        ],
        "f1": [
            0.0018881374872358049,
            0.0063297398872515075,
            0.009791247218395676,
            0.012814716437311028,
            0.016304386218978926
        ],
        "overlap": [
            0.00105977108944468,
            0.004620210240759579,
            0.009791247218395676,
            0.020027338907079504,
            0.05073984122341891
        ]
    }
}