{
    "ours": {
        "precision": [
            1.0,
            0.9669803323160393,
            0.7395358694500371,
            0.4999947017621939,
            0.19999660914936274
        ],
        "recall": [
            0.0999894034121013,
            0.483479919465932,
            0.7395358694500371,
            1.0,
            1.0
        ],
        "f1": [
            0.18180066662813324,
            0.6446444466422708,
            0.739535869450037,
            0.6666619571053152,
            0.3333286238052516
        ],
        "overlap": [
            0.6500635862653666,
            0.6913360461173279,
            0.7395358694500371,
            0.7899248709879094,
            0.8491834407809129
        ]
    },
    "bl": {
        "precision": [
            1.0,
            0.9695235673109529,
            0.6922962805976476,
            0.4999947017621939,
            0.19999660914936274
        ],
        "recall": [
            0.0999894034121013,
            0.4847515100137756,
            0.6922962805976476,
            1.0,
            1.0
        ],
        "f1": [
            0.18180066662813324,
            0.646339912683499,
            0.6922962805976476,
            0.6666619571053152,
            0.3333286238052516
        ],
        "overlap": [
            0.7096227214921577,
            0.6938792811122414,
            0.6922962805976476,
            0.7072511682614362,
            0.7395614782413353
        ]
    },
    "random": {
        "precision": [
            0.011021619330224672,
            0.009494743981010512,
            0.009939599448977429,
            0.009971283551090906,
            0.010019963633126915
        ],
        "recall": [
            0.0011020451414644485,
            0.0047472713786160855,
            0.009939599448977429,
            0.019942778425347037,
            0.05010066758503762
        ],
        "f1": [
            0.0020037377415563647,
            0.0063297398872515075,
            0.009939599448977429,
            0.013295091695159512,
            0.016699986577844966
        ],
        "overlap": [
            0.000423908435777872,
            0.00508646998982706,
            0.009939599448977429,
            0.02074789924870988,
            0.049853981494432646
        ]
    }
}