{
    "ours": {
        "precision": [
            1.0,
            0.967107494065785,
            0.7397266080322136,
            0.4999947017621939,
            0.19999660914936274
        ],
        "recall": [
            0.0999894034121013,
            0.48354349899332416,
            0.7397266080322136,
            1.0,
            1.0
        ],
        "f1": [
            0.18180066662813324,
            0.6447292199443322,
            0.7397266080322137,
            0.6666619571053152,
            0.3333286238052516
        ],
        "overlap": [
            0.6500635862653666,
            0.6914632078670736,
            0.7397266080322136,
            0.782136461412934,
            0.8016945776059747
        ]
    },
    "bl": {
        "precision": [
            1.0,
            0.9695235673109529,
            0.6922962805976476,
            0.4999947017621939,
            0.19999660914936274
        ],
        "recall": [
            0.0999894034121013,
            0.4847515100137756,
            0.6922962805976476,
            1.0,
            1.0
        ],
        "f1": [
            0.18180066662813324,
            0.646339912683499,
            0.6922962805976476,
            0.6666619571053152,
            0.3333286238052516
        ],
        "overlap": [
            0.7096227214921577,
            0.6938792811122414,
            0.6922962805976476,
            0.7072511682614362,
            0.7395614782413353
        ]
    },
    "random": {
        "precision": [
            0.011021619330224672,
            0.010808748728382502,
            0.010427042492317474,
            0.010246791917008403,
            0.010197983291583486
        ],
        "recall": [
            0.0011020451414644485,
            0.005404259828335276,
            0.010427042492317474,
            0.020493800996079264,
            0.05099078096852813
        ],
        "f1": [
            0.0020037377415563647,
            0.007205730675219351,
            0.010427042492317474,
            0.013662437480573062,
            0.0169966868469945
        ],
        "overlap": [
            0.001271725307333616,
            0.004874533740250933,
            0.010427042492317474,
            0.019857795297284122,
            0.04991332138058484
        ]
    }
}