{
    "ours": {
        "precision": [
            1.0,
            0.9725754493048491,
            0.7458514358376602,
            0.4999947017621939,
            0.19999660914936274
        ],
        "recall": [
            0.0999894034121013,
            0.4862774186711879,
            0.7458514358376602,
            1.0,
            1.0
        ],
        "f1": [
            0.18180066662813324,
            0.6483744719329725,
            0.7458514358376602,
            0.6666619571053152,
            0.3333286238052516
        ],
        "overlap": [
            0.6284442560406952,
            0.6969311631061377,
            0.7458514358376602,
            0.791058693878416,
            0.8229721653548313
        ]
    },
    "bl": {
        "precision": [
            1.0,
            1.0,
            0.7581646709759458,
            0.4999947017621939,
            0.19999660914936274
        ],
        "recall": [
            0.0999894034121013,
            0.4999894034121013,
            0.7581646709759458,
            1.0,
            1.0
        ],
        "f1": [
            0.18180066662813324,
            0.6666572474108821,
            0.7581646709759458,
            0.6666619571053152,
            0.3333286238052516
        ],
        "overlap": [
            0.5947435353963544,
            0.7297388945405222,
            0.7581646709759458,
            0.7792648165220247,
            0.7829940363414417
        ]
    },
    "random": {
        "precision": [
            0.010809665112335736,
            0.011444557477110885,
            0.010554201547101833,
            0.009939494124254274,
            0.009994532253347406
        ],
        "recall": [
            0.0010808519656670553,
            0.005722157465296174,
            0.010554201547101833,
            0.019879198897954857,
            0.04997350853025326
        ],
        "f1": [
            0.0019652043234495114,
            0.007629597185526372,
            0.010554201547101833,
            0.013252705642996411,
            0.01665760082510932
        ],
        "overlap": [
            0.00105977108944468,
            0.006230925737538149,
            0.010554201547101833,
            0.019571690455754416,
            0.04999385408321995
        ]
    }
}