{
    "ours": {
        "precision": [
            1.0,
            0.9721939640556121,
            0.7448977429267776,
            0.4999947017621939,
            0.19999660914936274
        ],
        "recall": [
            0.0999894034121013,
            0.48608668008901135,
            0.7448977429267776,
            1.0,
            1.0
        ],
        "f1": [
            0.18180066662813324,
            0.6481201520267884,
            0.7448977429267776,
            0.6666619571053152,
            0.3333286238052516
        ],
        "overlap": [
            0.6284442560406952,
            0.6965496778569007,
            0.7448977429267776,
            0.791355395195558,
            0.8473778128165677
        ]
    },
    "bl": {
        "precision": [
            1.0,
            1.0,
            0.7581646709759458,
            0.4999947017621939,
            0.19999660914936274
        ],
        "recall": [
            0.0999894034121013,
            0.4999894034121013,
            0.7581646709759458,
            1.0,
            1.0
        ],
        "f1": [
            0.18180066662813324,
            0.6666572474108821,
            0.7581646709759458,
            0.6666619571053152,
            0.3333286238052516
        ],
        "overlap": [
            0.5947435353963544,
            0.7297388945405222,
            0.7581646709759458,
            0.7792648165220247,
            0.7829940363414417
        ]
    },
    "random": {
        "precision": [
            0.009325985587113183,
            0.009198033231603934,
            0.010087951679559183,
            0.010501107331701476,
            0.010316663063887864
        ],
        "recall": [
            0.0009324997350853026,
            0.004598919148034333,
            0.010087951679559183,
            0.0210024372152167,
            0.05158418989085514
        ],
        "f1": [
            0.0016954703967015394,
            0.006131935515774898,
            0.010087951679559183,
            0.01400152589787787,
            0.017194487026427518
        ],
        "overlap": [
            0.001271725307333616,
            0.004069175991861648,
            0.010087951679559183,
            0.0202074789924871,
            0.05009557960233799
        ]
    }
}