{
    "ours": {
        "precision": [
            1.0,
            1.0,
            0.7512768888417929,
            0.4999947017621939,
            0.19999660914936274,
            0.09999809265055874,
            0.04999904632527937
        ],
        "recall": [
            0.0999894034121013,
            0.4999894034121013,
            0.7512768888417929,
            1.0,
            1.0,
            1.0,
            1.0
        ],
        "f1": [
            0.18180066662813324,
            0.6666572474108821,
            0.7512768888417928,
            0.6666619571053152,
            0.3333286238052516,
            0.1818150291690107,
            0.095236365214355
        ],
        "overlap": [
            0.6335311572700296,
            0.7155391658189216,
            0.7512768888417929,
            0.7979146135995168,
            0.8630393041974492,
            0.9140675498401005,
            0.9612585539324248
        ]
    },
    "bl": {
        "precision": [
            1.0,
            1.0,
            0.8112535763484158,
            0.4999947017621939,
            0.19999660914936274,
            0.09999809265055874,
            0.04999904632527937
        ],
        "recall": [
            0.0999894034121013,
            0.4999894034121013,
            0.8112535763484158,
            1.0,
            1.0,
            1.0,
            1.0
        ],
        "f1": [
            0.18180066662813324,
            0.6666572474108821,
            0.8112535763484157,
            0.6666619571053152,
            0.3333286238052516,
            0.1818150291690107,
            0.095236365214355
        ],
        "overlap": [
            0.5743959304790165,
            0.7518226517463547,
            0.8112535763484158,
            0.8486293458795604,
            0.8497344540094689,
            0.8449812338007753,
            0.8857868558192172
        ]
    },
    "random": {
        "precision": [
            0.01165748198389148,
            0.009876229230247542,
            0.009897213097382642,
            0.009769950514458892,
            0.009719025639069382,
            0.010013584566576032,
            0.009982855047800296
        ],
        "recall": [
            0.0011656246688566282,
            0.004938009960792624,
            0.009897213097382642,
            0.019540108085196566,
            0.0485959521034227,
            0.10013775564268305,
            0.19966090918724172
        ],
        "f1": [
            0.002119337995876924,
            0.00658405979343572,
            0.009897213097382642,
            0.013026646698126537,
            0.01619842183713981,
            0.018206548963093688,
            0.019014979266386314
        ],
        "overlap": [
            0.001695633743111488,
            0.004916920990166158,
            0.009897213097382642,
            0.01982600587044749,
            0.05004047827948239,
            0.1003859203702801,
            0.1992311262474595
        ]
    }
}