{
    "ours": {
        "precision": [
            1.0,
            1.0,
            0.7519762636431069,
            0.4999947017621939,
            0.19999660914936274,
            0.09999809265055874,
            0.04999904632527937
        ],
        "recall": [
            0.0999894034121013,
            0.4999894034121013,
            0.7519762636431069,
            1.0,
            1.0,
            1.0,
            1.0
        ],
        "f1": [
            0.18180066662813324,
            0.6666572474108821,
            0.7519762636431068,
            0.6666619571053152,
            0.3333286238052516,
            0.1818150291690107,
            0.095236365214355
        ],
        "overlap": [
            0.6335311572700296,
            0.7156239403187521,
            0.7519762636431069,
            0.8005743289781818,
            0.8569357730503668,
            0.8623974534765683,
            0.8889731890246875
        ]
    },
    "bl": {
        "precision": [
            1.0,
            1.0,
            0.8112535763484158,
            0.4999947017621939,
            0.19999660914936274,
            0.09999809265055874,
            0.04999904632527937
        ],
        "recall": [
            0.0999894034121013,
            0.4999894034121013,
            0.8112535763484158,
            1.0,
            1.0,
            1.0,
            1.0
        ],
        "f1": [
            0.18180066662813324,
            0.6666572474108821,
            0.8112535763484157,
            0.6666619571053152,
            0.3333286238052516,
            0.1818150291690107,
            0.095236365214355
        ],
        "overlap": [
            0.5743959304790165,
            0.7518226517463547,
            0.8112535763484158,
            0.8486293458795604,
            0.8497344540094689,
            0.8449812338007753,
            0.8857868558192172
        ]
    },
    "random": {
        "precision": [
            0.009325985587113183,
            0.010215327229569346,
            0.009876019921585249,
            0.009706371660785622,
            0.009719025639069382,
            0.00983344600823551,
            0.009847221309755669
        ],
        "recall": [
            0.0009324997350853026,
            0.005107555367171771,
            0.009876019921585249,
            0.019412949030412206,
            0.0485959521034227,
            0.09833633569990463,
            0.19694818268517536
        ],
        "f1": [
            0.0016954703967015394,
            0.006810121932266132,
            0.009876019921585249,
            0.012941874593800333,
            0.01619842183713981,
            0.01787902374365179,
            0.01875662905450887
        ],
        "overlap": [
            0.000423908435777872,
            0.004662597490674805,
            0.009876019921585249,
            0.019465725699632303,
            0.0497819259183907,
            0.09984126614094464,
            0.1996422660159073
        ]
    }
}