{
    "ours": {
        "precision": [
            1.0,
            0.9253136656493727,
            0.7356151319275194,
            0.4999947017621939,
            0.19999660914936274,
            0.09999809265055874,
            0.04999904632527937
        ],
        "recall": [
            0.0999894034121013,
            0.4626470276570944,
            0.7356151319275194,
            1.0,
            1.0,
            1.0,
            1.0
        ],
        "f1": [
            0.18180066662813324,
            0.6168670613334841,
            0.7356151319275193,
            0.6666619571053152,
            0.3333286238052516,
            0.1818150291690107,
            0.095236365214355
        ],
        "overlap": [
            0.6104281475201356,
            0.6538657171922686,
            0.7356151319275194,
            0.7838954763645611,
            0.8310466284348257,
            0.8542128050964377,
            0.9142466287598626
        ]
    },
    "bl": {
        "precision": [
            1.0,
            0.9427348253645303,
            0.7402564374271484,
            0.4999947017621939,
            0.19999660914936274,
            0.09999809265055874,
            0.04999904632527937
        ],
        "recall": [
            0.0999894034121013,
            0.471357422909823,
            0.7402564374271484,
            1.0,
            1.0,
            1.0,
            1.0
        ],
        "f1": [
            0.18180066662813324,
            0.6284810037158963,
            0.7402564374271484,
            0.6666619571053152,
            0.3333286238052516,
            0.1818150291690107,
            0.095236365214355
        ],
        "overlap": [
            0.4264518863925392,
            0.6712868769074263,
            0.7402564374271484,
            0.7871062084750612,
            0.79293770583523,
            0.8461298820198406,
            0.9142381516512348
        ]
    },
    "random": {
        "precision": [
            0.010385756676557863,
            0.009749067480501866,
            0.009727667691003496,
            0.009875915270581005,
            0.01010049633576203,
            0.0099987496264774,
            0.009981795409221823
        ],
        "recall": [
            0.0010384656140722686,
            0.004874430433400445,
            0.009727667691003496,
            0.019752039843170498,
            0.05050333792518809,
            0.0999894034121013,
            0.1996397160114443
        ],
        "f1": [
            0.0018881374872358049,
            0.006499286491374316,
            0.009727667691003496,
            0.013167933538670209,
            0.016834208128174516,
            0.018179576297963178,
            0.019012960905356025
        ],
        "overlap": [
            0.001271725307333616,
            0.004747371990505256,
            0.009727667691003496,
            0.019656462260652107,
            0.05050248167881015,
            0.10001504686781433,
            0.19976094553669635
        ]
    }
}