{
    "ours": {
        "precision": [
            1.0,
            0.9252712783994574,
            0.7352336547631663,
            0.4999947017621939,
            0.19999660914936274,
            0.09999809265055874,
            0.04999904632527937
        ],
        "recall": [
            0.0999894034121013,
            0.462625834481297,
            0.7352336547631663,
            1.0,
            1.0,
            1.0,
            1.0
        ],
        "f1": [
            0.18180066662813324,
            0.6168388035661302,
            0.7352336547631663,
            0.6666619571053152,
            0.3333286238052516,
            0.1818150291690107,
            0.095236365214355
        ],
        "overlap": [
            0.6104281475201356,
            0.6538233299423534,
            0.7352336547631663,
            0.7822000402666073,
            0.850060823383306,
            0.9082819232016344,
            0.95654104298106
        ]
    },
    "bl": {
        "precision": [
            1.0,
            0.9427348253645303,
            0.7402564374271484,
            0.4999947017621939,
            0.19999660914936274,
            0.09999809265055874,
            0.04999904632527937
        ],
        "recall": [
            0.0999894034121013,
            0.471357422909823,
            0.7402564374271484,
            1.0,
            1.0,
            1.0,
            1.0
        ],
        "f1": [
            0.18180066662813324,
            0.6284810037158963,
            0.7402564374271484,
            0.6666619571053152,
            0.3333286238052516,
            0.1818150291690107,
            0.095236365214355
        ],
        "overlap": [
            0.4264518863925392,
            0.6712868769074263,
            0.7402564374271484,
            0.7871062084750612,
            0.79293770583523,
            0.8461298820198406,
            0.9142381516512348
        ]
    },
    "random": {
        "precision": [
            0.011445527766002543,
            0.010978297728043405,
            0.010405849316520081,
            0.010426932002415996,
            0.0101089734623552,
            0.010191603847759606,
            0.010035836976723979
        ],
        "recall": [
            0.001144431493059235,
            0.005489032531524849,
            0.010405849316520081,
            0.02085408498463495,
            0.050545724276782875,
            0.10191798240966408,
            0.20072056797711138
        ],
        "f1": [
            0.0020808045777700713,
            0.007318761744634555,
            0.010405849316520081,
            0.013902625109497302,
            0.01684833671241973,
            0.0185302209446598,
            0.019115897317900945
        ],
        "overlap": [
            0.001695633743111488,
            0.005128857239742286,
            0.010405849316520081,
            0.020080321285140562,
            0.05000233120981312,
            0.09977132999476539,
            0.1997990925255214
        ]
    }
}