{
    "ours": {
        "precision": [
            1.0,
            0.9436249576127501,
            0.7258238847091236,
            0.4999947017621939,
            0.19999660914936274,
            0.09999809265055874,
            0.04999904632527937
        ],
        "recall": [
            0.0999894034121013,
            0.4718024796015683,
            0.7258238847091236,
            1.0,
            1.0,
            1.0,
            1.0
        ],
        "f1": [
            0.18180066662813324,
            0.6290744168303263,
            0.7258238847091236,
            0.6666619571053152,
            0.3333286238052516,
            0.1818150291690107,
            0.095236365214355
        ],
        "overlap": [
            0.5707927087749046,
            0.6756103763987793,
            0.7258238847091236,
            0.7750580157039768,
            0.8506881307512005,
            0.9133279221123259,
            0.9633407437391255
        ]
    },
    "bl": {
        "precision": [
            1.0,
            0.8566039335367921,
            0.672056797711137,
            0.4999947017621939,
            0.19999660914936274,
            0.09999809265055874,
            0.04999904632527937
        ],
        "recall": [
            0.0999894034121013,
            0.42829288968951995,
            0.672056797711137,
            1.0,
            1.0,
            1.0,
            1.0
        ],
        "f1": [
            0.18180066662813324,
            0.5710612204529719,
            0.672056797711137,
            0.6666619571053152,
            0.3333286238052516,
            0.1818150291690107,
            0.095236365214355
        ],
        "overlap": [
            0.3264094955489614,
            0.5885893523228213,
            0.672056797711137,
            0.728242786449227,
            0.7719441018272446,
            0.7971576254771022,
            0.884267334097686
        ]
    },
    "random": {
        "precision": [
            0.010385756676557863,
            0.01093591047812818,
            0.010554201547101833,
            0.010585879136599167,
            0.009986055126754236,
            0.00986523516558972,
            0.010102594207167819
        ],
        "recall": [
            0.0010384656140722686,
            0.005467839355727456,
            0.010554201547101833,
            0.021171982621595847,
            0.04993112217865847,
            0.09865423333686553,
            0.20205573805234714
        ],
        "f1": [
            0.0018881374872358049,
            0.007290503977280754,
            0.010554201547101833,
            0.01411455537031281,
            0.016643472240864102,
            0.017936822311788597,
            0.019243054062809378
        ],
        "overlap": [
            0.000211954217888936,
            0.005044082739911834,
            0.010554201547101833,
            0.020398215553506904,
            0.04956575919026487,
            0.10050036133675526,
            0.2005917021822197
        ]
    }
}