{
    "ours": {
        "precision": [
            1.0,
            0.9436249576127501,
            0.7259298505881107,
            0.4999947017621939,
            0.19999660914936274,
            0.09999809265055874,
            0.04999904632527937
        ],
        "recall": [
            0.0999894034121013,
            0.4718024796015683,
            0.7259298505881107,
            1.0,
            1.0,
            1.0,
            1.0
        ],
        "f1": [
            0.18180066662813324,
            0.6290744168303263,
            0.7259298505881107,
            0.6666619571053152,
            0.3333286238052516,
            0.1818150291690107,
            0.095236365214355
        ],
        "overlap": [
            0.5707927087749046,
            0.6756103763987793,
            0.7259298505881107,
            0.7755242606309142,
            0.818042716240903,
            0.824799357435166,
            0.8840893148165024
        ]
    },
    "bl": {
        "precision": [
            1.0,
            0.8566039335367921,
            0.672056797711137,
            0.4999947017621939,
            0.19999660914936274,
            0.09999809265055874,
            0.04999904632527937
        ],
        "recall": [
            0.0999894034121013,
            0.42829288968951995,
            0.672056797711137,
            1.0,
            1.0,
            1.0,
            1.0
        ],
        "f1": [
            0.18180066662813324,
            0.5710612204529719,
            0.672056797711137,
            0.6666619571053152,
            0.3333286238052516,
            0.1818150291690107,
            0.095236365214355
        ],
        "overlap": [
            0.3264094955489614,
            0.5885893523228213,
            0.672056797711137,
            0.728242786449227,
            0.7719441018272446,
            0.7971576254771022,
            0.884267334097686
        ]
    },
    "random": {
        "precision": [
            0.010385756676557863,
            0.010596812478806375,
            0.009876019921585249,
            0.009801739941295524,
            0.00976141127203523,
            0.009954244806181508,
            0.009884308660002247
        ],
        "recall": [
            0.0010384656140722686,
            0.00529829394934831,
            0.009876019921585249,
            0.019603687612588745,
            0.04880788386139663,
            0.09954434672035604,
            0.19768994383808414
        ],
        "f1": [
            0.0018881374872358049,
            0.007064441838450345,
            0.009876019921585249,
            0.013069032750289637,
            0.016269064758365887,
            0.018098658302571652,
            0.01882727169056911
        ],
        "overlap": [
            0.000847816871555744,
            0.005383180739233638,
            0.009876019921585249,
            0.01997435652901845,
            0.04996418414014386,
            0.10080553724735568,
            0.19997287325239108
        ]
    }
}