{
    "ours": {
        "precision": [
            1.0,
            0.9313750423872499,
            0.7161597965455123,
            0.4999947017621939,
            0.19999660914936274,
            0.09999809265055874,
            0.04999904632527937
        ],
        "recall": [
            0.0999894034121013,
            0.46567765179612164,
            0.7161597965455123,
            1.0,
            1.0,
            1.0,
            1.0
        ],
        "f1": [
            0.18180066662813324,
            0.6209079220650776,
            0.7161597965455123,
            0.6666619571053152,
            0.3333286238052516,
            0.1818150291690107,
            0.095236365214355
        ],
        "overlap": [
            0.6360746078846969,
            0.6633604611732791,
            0.7161597965455123,
            0.7742738765086732,
            0.8242183029640273,
            0.8325792238783196,
            0.9046060369729093
        ]
    },
    "bl": {
        "precision": [
            1.0,
            0.9171753136656494,
            0.6999894034121013,
            0.4999947017621939,
            0.19999660914936274,
            0.09999809265055874,
            0.04999904632527937
        ],
        "recall": [
            0.0999894034121013,
            0.4585779379039949,
            0.6999894034121013,
            1.0,
            1.0,
            1.0,
            1.0
        ],
        "f1": [
            0.18180066662813324,
            0.6114415700015543,
            0.6999894034121013,
            0.6666619571053152,
            0.3333286238052516,
            0.1818150291690107,
            0.095236365214355
        ],
        "overlap": [
            0.5324289953370072,
            0.6491607324516785,
            0.6999894034121013,
            0.7444024117578494,
            0.7613053079528164,
            0.818928959710422,
            0.9047893544469853
        ]
    },
    "random": {
        "precision": [
            0.010809665112335736,
            0.010427263479145472,
            0.009981985800572215,
            0.009928897648642061,
            0.009638492936434265,
            0.009752913476271514,
            0.00991715745593493
        ],
        "recall": [
            0.0010808519656670553,
            0.005213521246158737,
            0.009981985800572215,
            0.019858005722157464,
            0.04819328176327223,
            0.09753099501960369,
            0.19834693228780334
        ],
        "f1": [
            0.0019652043234495114,
            0.006951410769035138,
            0.009981985800572215,
            0.013238576958942042,
            0.01606420028681026,
            0.017732600704371885,
            0.018889840882508176
        ],
        "overlap": [
            0.001695633743111488,
            0.005171244489657511,
            0.009981985800572215,
            0.020324040224221424,
            0.050413471849581865,
            0.09995782638457675,
            0.20009579132749403
        ]
    }
}