{
    "ours": {
        "precision": [
            1.0,
            0.9310359443879281,
            0.7152908763378192,
            0.4999947017621939,
            0.19999660914936274,
            0.09999809265055874,
            0.04999904632527937
        ],
        "recall": [
            0.0999894034121013,
            0.4655081063897425,
            0.7152908763378192,
            1.0,
            1.0,
            1.0,
            1.0
        ],
        "f1": [
            0.18180066662813324,
            0.6206818599262472,
            0.7152908763378192,
            0.6666619571053152,
            0.3333286238052516,
            0.1818150291690107,
            0.095236365214355
        ],
        "overlap": [
            0.6360746078846969,
            0.6630213631739573,
            0.7152908763378192,
            0.7713916351421517,
            0.8571900868481619,
            0.914330340207562,
            0.9631468298792648
        ]
    },
    "bl": {
        "precision": [
            1.0,
            0.9171753136656494,
            0.6999894034121013,
            0.4999947017621939,
            0.19999660914936274,
            0.09999809265055874,
            0.04999904632527937
        ],
        "recall": [
            0.0999894034121013,
            0.4585779379039949,
            0.6999894034121013,
            1.0,
            1.0,
            1.0,
            1.0
        ],
        "f1": [
            0.18180066662813324,
            0.6114415700015543,
            0.6999894034121013,
            0.6666619571053152,
            0.3333286238052516,
            0.1818150291690107,
            0.095236365214355
        ],
        "overlap": [
            0.5324289953370072,
            0.6491607324516785,
            0.6999894034121013,
            0.7444024117578494,
            0.7613053079528164,
            0.818928959710422,
            0.9047893544469853
        ]
    },
    "random": {
        "precision": [
            0.008266214497668503,
            0.010003390979993218,
            0.010087951679559183,
            0.00984412584374437,
            0.010164074785210805,
            0.00996060263765235,
            0.009962721914809297
        ],
        "recall": [
            0.0008265338560983364,
            0.005001589488184804,
            0.010087951679559183,
            0.019688460315778318,
            0.050821235562148986,
            0.09960792624774822,
            0.19925823884709123
        ],
        "f1": [
            0.0015028033061672734,
            0.006668833095497124,
            0.010087951679559183,
            0.013125547486507107,
            0.016940172510013632,
            0.01811021801619901,
            0.01897663040681076
        ],
        "overlap": [
            0.000635862653666808,
            0.005298406239403188,
            0.010087951679559183,
            0.019486918650856725,
            0.05022273650123554,
            0.09952337456740255,
            0.19920463528299767
        ]
    }
}