{
    "ours": {
        "precision": [
            1.0,
            1.0,
            0.7321394510967468,
            0.4999947017621939,
            0.19999660914936274
        ],
        "recall": [
            0.0999894034121013,
            0.4999894034121013,
            0.7321394510967468,
            1.0,
            1.0
        ],
        "f1": [
            0.18180066662813324,
            0.6666572474108821,
            0.7321394510967468,
            0.6666619571053152,
            0.3333286238052516
        ],
        "overlap": [
            0.688639253921153,
            0.7251186842997627,
            0.7321394510967468,
            0.781585444681099,
            0.8569061031072908
        ]
    },
    "bl": {
        "precision": [
            1.0,
            0.991904035266192,
            0.7494330825474197,
            0.4999947017621939,
            0.19999660914936274
        ],
        "recall": [
            0.0999894034121013,
            0.4959415068347992,
            0.7494330825474197,
            1.0,
            1.0
        ],
        "f1": [
            0.18180066662813324,
            0.6612600138463061,
            0.7494330825474197,
            0.6666619571053152,
            0.3333286238052516
        ],
        "overlap": [
            0.5557439593047901,
            0.7162597490674805,
            0.7494330825474197,
            0.7737652456792871,
            0.7781959826897075
        ]
    },
    "random": {
        "precision": [
            0.013353115727002967,
            0.011063072227873855,
            0.010257497085938328,
            0.010119634209661867,
            0.009969100873567895
        ],
        "recall": [
            0.001335170075235774,
            0.005531418883119635,
            0.010257497085938328,
            0.020239482886510545,
            0.0498463494754689
        ],
        "f1": [
            0.00242760534073175,
            0.007375277279342158,
            0.010257497085938328,
            0.013492893271920655,
            0.016615215072373672
        ],
        "overlap": [
            0.000423908435777872,
            0.005044082739911834,
            0.010257497085938328,
            0.019550497504529994,
            0.04995994557684727
        ]
    }
}