{
    "ours": {
        "precision": [
            1.0,
            1.0,
            0.7331779167108191,
            0.4999947017621939,
            0.19999660914936274
        ],
        "recall": [
            0.0999894034121013,
            0.4999894034121013,
            0.7331779167108191,
            1.0,
            1.0
        ],
        "f1": [
            0.18180066662813324,
            0.6666572474108821,
            0.7331779167108191,
            0.6666619571053152,
            0.3333286238052516
        ],
        "overlap": [
            0.688851208139042,
            0.7264326890471346,
            0.7331779167108191,
            0.7823907768276271,
            0.8159107189027207
        ]
    },
    "bl": {
        "precision": [
            1.0,
            0.991904035266192,
            0.7494330825474197,
            0.4999947017621939,
            0.19999660914936274
        ],
        "recall": [
            0.0999894034121013,
            0.4959415068347992,
            0.7494330825474197,
            1.0,
            1.0
        ],
        "f1": [
            0.18180066662813324,
            0.6612600138463061,
            0.7494330825474197,
            0.6666619571053152,
            0.3333286238052516
        ],
        "overlap": [
            0.5557439593047901,
            0.7162597490674805,
            0.7494330825474197,
            0.7737652456792871,
            0.7781959826897075
        ]
    },
    "random": {
        "precision": [
            0.009961848240779992,
            0.009579518480840963,
            0.009706474515206103,
            0.010267984868232825,
            0.010240368924549334
        ],
        "recall": [
            0.0009960792624774822,
            0.004789657730210872,
            0.009706474515206103,
            0.02053618734767405,
            0.051202712726502064
        ],
        "f1": [
            0.001811070651022099,
            0.00638625542195911,
            0.009706474515206103,
            0.013690694848681795,
            0.017067329768220573
        ],
        "overlap": [
            0.00211954217888936,
            0.004832146490335707,
            0.009706474515206103,
            0.020546566212077864,
            0.05083732817924037
        ]
    }
}