{
    "ours": {
        "precision": [
            1.0,
            0.9589691420820617,
            0.7134258768676486,
            0.4999947017621939,
            0.19999660914936274,
            0.09999809265055874,
            0.04999904632527937
        ],
        "recall": [
            0.0999894034121013,
            0.47947440924022466,
            0.7134258768676486,
            1.0,
            1.0,
            1.0,
            1.0
        ],
        "f1": [
            0.18180066662813324,
            0.6393037286124024,
            0.7134258768676486,
            0.6666619571053152,
            0.3333286238052516,
            0.1818150291690107,
            0.095236365214355
        ],
        "overlap": [
            0.582662144976685,
            0.6875211936249576,
            0.7134258768676486,
            0.7772832755825413,
            0.8540493114453924,
            0.9087693569477323,
            0.9568843658804855
        ]
    },
    "bl": {
        "precision": [
            1.0,
            0.9204391319091217,
            0.7131715587580799,
            0.4999947017621939,
            0.19999660914936274,
            0.09999809265055874,
            0.04999904632527937
        ],
        "recall": [
            0.0999894034121013,
            0.4602098124403942,
            0.7131715587580799,
            1.0,
            1.0,
            1.0,
            1.0
        ],
        "f1": [
            0.18180066662813324,
            0.6136174180877968,
            0.7131715587580798,
            0.6666619571053152,
            0.3333286238052516,
            0.1818150291690107,
            0.095236365214355
        ],
        "overlap": [
            0.4724459516744383,
            0.6489911834520177,
            0.7131715587580799,
            0.7671212554704305,
            0.7836510136524124,
            0.815186316251253,
            0.8796314153168637
        ]
    },
    "random": {
        "precision": [
            0.011021619330224672,
            0.011614106476771788,
            0.010766133305075766,
            0.009950090599866485,
            0.00998181656345765,
            0.009901262877257825,
            0.009958483360495402
        ],
        "recall": [
            0.0011020451414644485,
            0.005806930168485748,
            0.010766133305075766,
            0.01990039207375225,
            0.04990992900286108,
            0.09901451732542121,
            0.19917346614390166
        ],
        "f1": [
            0.0020037377415563647,
            0.007742628254941578,
            0.010766133305075766,
            0.013266834327050779,
            0.016636407948741497,
            0.018002327355676973,
            0.018968556962689585
        ],
        "overlap": [
            0.000847816871555744,
            0.005807053238385894,
            0.010766133305075766,
            0.020228671943711522,
            0.0500362397161858,
            0.1005024806139122,
            0.2002695720543637
        ]
    }
}