{
    "ours": {
        "precision": [
            1.0,
            0.959393014581214,
            0.7147186605912896,
            0.4999947017621939,
            0.19999660914936274,
            0.09999809265055874,
            0.04999904632527937
        ],
        "recall": [
            0.0999894034121013,
            0.47968634099819857,
            0.7147186605912896,
            1.0,
            1.0,
            1.0,
            1.0
        ],
        "f1": [
            0.18180066662813324,
            0.6395863062859403,
            0.7147186605912896,
            0.6666619571053152,
            0.3333286238052516,
            0.1818150291690107,
            0.095236365214355
        ],
        "overlap": [
            0.582662144976685,
            0.6879450661241099,
            0.7147186605912896,
            0.7810874103273251,
            0.8214081354983914,
            0.8302543768371484,
            0.8784573357719149
        ]
    },
    "bl": {
        "precision": [
            1.0,
            0.9204391319091217,
            0.7131715587580799,
            0.4999947017621939,
            0.19999660914936274,
            0.09999809265055874,
            0.04999904632527937
        ],
        "recall": [
            0.0999894034121013,
            0.4602098124403942,
            0.7131715587580799,
            1.0,
            1.0,
            1.0,
            1.0
        ],
        "f1": [
            0.18180066662813324,
            0.6136174180877968,
            0.7131715587580798,
            0.6666619571053152,
            0.3333286238052516,
            0.1818150291690107,
            0.095236365214355
        ],
        "overlap": [
            0.4724459516744383,
            0.6489911834520177,
            0.7131715587580799,
            0.7671212554704305,
            0.7836510136524124,
            0.815186316251253,
            0.8796314153168637
        ]
    },
    "random": {
        "precision": [
            0.01314116150911403,
            0.011275008477449984,
            0.010681360601886193,
            0.010098441258437443,
            0.01042262714630249,
            0.010289090596979182,
            0.01011742914726645
        ],
        "recall": [
            0.0013139768994383809,
            0.005637384762106601,
            0.010681360601886193,
            0.02019709653491576,
            0.05211401928578997,
            0.10289286849634417,
            0.20235244251351064
        ],
        "f1": [
            0.002389071922624896,
            0.0075165661161111655,
            0.010681360601886193,
            0.01346463590381192,
            0.017371094329492714,
            0.018707469886946,
            0.01927131111723347
        ],
        "overlap": [
            0.000847816871555744,
            0.005298406239403188,
            0.010681360601886193,
            0.020504180309629017,
            0.05093481513506182,
            0.10013372638860338,
            0.1994812009519793
        ]
    }
}