{
    "ours": {
        "precision": [
            1.0,
            0.9467192268565615,
            0.7319275193387729,
            0.4999947017621939,
            0.19999660914936274
        ],
        "recall": [
            0.0999894034121013,
            0.473349581434778,
            0.7319275193387729,
            1.0,
            1.0
        ],
        "f1": [
            0.18180066662813324,
            0.6311372338471537,
            0.731927519338773,
            0.6666619571053152,
            0.3333286238052516
        ],
        "overlap": [
            0.7602797795676134,
            0.6759918616480163,
            0.7319275193387729,
            0.7876678216825084,
            0.8458392143399074
        ]
    },
    "bl": {
        "precision": [
            1.0,
            0.9184469311631062,
            0.6728621383914379,
            0.4999947017621939,
            0.19999660914936274
        ],
        "recall": [
            0.0999894034121013,
            0.4592137331779167,
            0.6728621383914379,
            1.0,
            1.0
        ],
        "f1": [
            0.18180066662813324,
            0.6122893030221682,
            0.6728621383914379,
            0.6666619571053152,
            0.3333286238052516
        ],
        "overlap": [
            0.5934718100890207,
            0.6477195659545608,
            0.6728621383914379,
            0.6962520265759609,
            0.7399938116975869
        ]
    },
    "random": {
        "precision": [
            0.010809665112335736,
            0.010469650729060698,
            0.010151531206951362,
            0.010289177819457249,
            0.010320901627184449
        ],
        "recall": [
            0.0010808519656670553,
            0.00523471442195613,
            0.010151531206951362,
            0.020578573699268837,
            0.051605383066652535
        ],
        "f1": [
            0.0019652043234495114,
            0.00697966853638894,
            0.010151531206951362,
            0.013718952216790528,
            0.017201551318550123
        ],
        "overlap": [
            0.00105977108944468,
            0.005722278738555442,
            0.010151531206951362,
            0.020324040224221424,
            0.050523674495293075
        ]
    }
}