{
    "ours": {
        "precision": [
            1.0,
            0.9474398101051204,
            0.7332203030624139,
            0.4999947017621939,
            0.19999660914936274
        ],
        "recall": [
            0.0999894034121013,
            0.4737098654233337,
            0.7332203030624139,
            1.0,
            1.0
        ],
        "f1": [
            0.18180066662813324,
            0.6316176158921684,
            0.7332203030624139,
            0.6666619571053152,
            0.3333286238052516
        ],
        "overlap": [
            0.7604917337855023,
            0.6767124448965751,
            0.7332203030624139,
            0.7794873425098812,
            0.7968159912516054
        ]
    },
    "bl": {
        "precision": [
            1.0,
            0.9184469311631062,
            0.6728621383914379,
            0.4999947017621939,
            0.19999660914936274
        ],
        "recall": [
            0.0999894034121013,
            0.4592137331779167,
            0.6728621383914379,
            1.0,
            1.0
        ],
        "f1": [
            0.18180066662813324,
            0.6122893030221682,
            0.6728621383914379,
            0.6666619571053152,
            0.3333286238052516
        ],
        "overlap": [
            0.5934718100890207,
            0.6477195659545608,
            0.6728621383914379,
            0.6962520265759609,
            0.7399938116975869
        ]
    },
    "random": {
        "precision": [
            0.01314116150911403,
            0.010681586978636826,
            0.01053300837130444,
            0.010215002490171769,
            0.010342094443667375
        ],
        "recall": [
            0.0013139768994383809,
            0.005340680300943096,
            0.01053300837130444,
            0.020430221468687084,
            0.0517113489456395
        ],
        "f1": [
            0.002389071922624896,
            0.007120957373157947,
            0.01053300837130444,
            0.013620051428409958,
            0.017236872779163165
        ],
        "overlap": [
            0.001271725307333616,
            0.005171244489657511,
            0.01053300837130444,
            0.02074789924870988,
            0.05081613536275744
        ]
    }
}