{
    "ours": {
        "precision": [
            1.0,
            0.9671498813157002,
            0.7154392285684009,
            0.4999947017621939,
            0.19999660914936274
        ],
        "recall": [
            0.0999894034121013,
            0.48356469216912157,
            0.7154392285684009,
            1.0,
            1.0
        ],
        "f1": [
            0.18180066662813324,
            0.644757477711686,
            0.7154392285684009,
            0.6666619571053152,
            0.3333286238052516
        ],
        "overlap": [
            0.639041966935142,
            0.696422516107155,
            0.7154392285684009,
            0.7777601169850907,
            0.8510314543782239
        ]
    },
    "bl": {
        "precision": [
            1.0,
            0.8971685317056629,
            0.7028928684963441,
            0.4999947017621939,
            0.19999660914936274
        ],
        "recall": [
            0.0999894034121013,
            0.44857475892762533,
            0.7028928684963441,
            1.0,
            1.0
        ],
        "f1": [
            0.18180066662813324,
            0.59810390381056,
            0.7028928684963441,
            0.6666619571053152,
            0.3333286238052516
        ],
        "overlap": [
            0.3899957609156422,
            0.6264411664971177,
            0.7028928684963441,
            0.7576797956999501,
            0.8019065057708039
        ]
    },
    "random": {
        "precision": [
            0.009961848240779992,
            0.009749067480501866,
            0.009388576878245205,
            0.009473249197316973,
            0.00969359425928987
        ],
        "recall": [
            0.0009960792624774822,
            0.004874430433400445,
            0.009388576878245205,
            0.018946699162869556,
            0.04846879304863834
        ],
        "f1": [
            0.001811070651022099,
            0.006499286491374316,
            0.009388576878245205,
            0.012631043544604257,
            0.016156036084404163
        ],
        "overlap": [
            0.000635862653666808,
            0.004832146490335707,
            0.009388576878245205,
            0.0193703574191224,
            0.04992603707047459
        ]
    }
}