{
    "ours": {
        "precision": [
            1.0,
            0.9671922685656155,
            0.7156511603263749,
            0.4999947017621939,
            0.19999660914936274
        ],
        "recall": [
            0.0999894034121013,
            0.4835858853449189,
            0.7156511603263749,
            1.0,
            1.0
        ],
        "f1": [
            0.18180066662813324,
            0.6447857354790397,
            0.7156511603263749,
            0.6666619571053152,
            0.3333286238052516
        ],
        "overlap": [
            0.639041966935142,
            0.6964649033570702,
            0.7156511603263749,
            0.7789151328268218,
            0.8246675906734653
        ]
    },
    "bl": {
        "precision": [
            1.0,
            0.8971685317056629,
            0.7028928684963441,
            0.4999947017621939,
            0.19999660914936274
        ],
        "recall": [
            0.0999894034121013,
            0.44857475892762533,
            0.7028928684963441,
            1.0,
            1.0
        ],
        "f1": [
            0.18180066662813324,
            0.59810390381056,
            0.7028928684963441,
            0.6666619571053152,
            0.3333286238052516
        ],
        "overlap": [
            0.3899957609156422,
            0.6264411664971177,
            0.7028928684963441,
            0.7576797956999501,
            0.8019065057708039
        ]
    },
    "random": {
        "precision": [
            0.010809665112335736,
            0.010512037978975925,
            0.010236303910140935,
            0.01022559896578398,
            0.00997333943686448
        ],
        "recall": [
            0.0010808519656670553,
            0.0052559075977535235,
            0.010236303910140935,
            0.020451414644484477,
            0.04986754265126629
        ],
        "f1": [
            0.0019652043234495114,
            0.007007926303742741,
            0.010236303910140935,
            0.013634180112464325,
            0.01662227936449628
        ],
        "overlap": [
            0.001271725307333616,
            0.005171244489657511,
            0.010236303910140935,
            0.020175689565650464,
            0.050744079786715496
        ]
    }
}