{
    "ours": {
        "precision": [
            1.0,
            0.9506612410986776,
            0.7188937162233761,
            0.4999947017621939,
            0.19999660914936274,
            0.09999809265055874,
            0.04999904632527937
        ],
        "recall": [
            0.0999894034121013,
            0.4753205467839356,
            0.7188937162233761,
            1.0,
            1.0,
            1.0,
            1.0
        ],
        "f1": [
            0.18180066662813324,
            0.6337652062110573,
            0.7188937162233761,
            0.6666619571053152,
            0.3333286238052516,
            0.1818150291690107,
            0.095236365214355
        ],
        "overlap": [
            0.6242051716829164,
            0.6792132926415734,
            0.7188937162233761,
            0.7797310614489621,
            0.8363194011757774,
            0.8390960011359325,
            0.908075293678832
        ]
    },
    "bl": {
        "precision": [
            1.0,
            0.9419718548660563,
            0.7369079156511603,
            0.4999947017621939,
            0.19999660914936274,
            0.09999809265055874,
            0.04999904632527937
        ],
        "recall": [
            0.0999894034121013,
            0.47097594574546997,
            0.7369079156511603,
            1.0,
            1.0,
            1.0,
            1.0
        ],
        "f1": [
            0.18180066662813324,
            0.627972363903528,
            0.7369079156511603,
            0.6666619571053152,
            0.3333286238052516,
            0.1818150291690107,
            0.095236365214355
        ],
        "overlap": [
            0.4612123781263247,
            0.6705239064089522,
            0.7369079156511603,
            0.7992921554291043,
            0.8040936044318417,
            0.8315683286744557,
            0.9070887701622731
        ]
    },
    "random": {
        "precision": [
            0.009961848240779992,
            0.010003390979993218,
            0.01006675850376179,
            0.010034862404764176,
            0.01007506495598252,
            0.010119548424423398,
            0.009992391795006559
        ],
        "recall": [
            0.0009960792624774822,
            0.005001589488184804,
            0.01006675850376179,
            0.0200699374801314,
            0.05037617887040373,
            0.10119741443255272,
            0.19985164776941824
        ],
        "f1": [
            0.001811070651022099,
            0.006668833095497124,
            0.01006675850376179,
            0.013379863799485718,
            0.01679182237543887,
            0.01839921085688304,
            0.01903314451565895
        ],
        "overlap": [
            0.000211954217888936,
            0.004832146490335707,
            0.01006675850376179,
            0.020493583834016806,
            0.05064659283089404,
            0.10072924326970557,
            0.2004634859142244
        ]
    }
}