{
    "ours": {
        "precision": [
            1.0,
            0.9502797558494405,
            0.717431387093356,
            0.4999947017621939,
            0.19999660914936274,
            0.09999809265055874,
            0.04999904632527937
        ],
        "recall": [
            0.0999894034121013,
            0.47512980820175904,
            0.717431387093356,
            1.0,
            1.0,
            1.0,
            1.0
        ],
        "f1": [
            0.18180066662813324,
            0.6335108863048731,
            0.717431387093356,
            0.6666619571053152,
            0.3333286238052516,
            0.1818150291690107,
            0.095236365214355
        ],
        "overlap": [
            0.6242051716829164,
            0.6788318073923364,
            0.717431387093356,
            0.7747083320087739,
            0.8570459756960781,
            0.9093203690085385,
            0.9573219966133951
        ]
    },
    "bl": {
        "precision": [
            1.0,
            0.9419718548660563,
            0.7369079156511603,
            0.4999947017621939,
            0.19999660914936274,
            0.09999809265055874,
            0.04999904632527937
        ],
        "recall": [
            0.0999894034121013,
            0.47097594574546997,
            0.7369079156511603,
            1.0,
            1.0,
            1.0,
            1.0
        ],
        "f1": [
            0.18180066662813324,
            0.627972363903528,
            0.7369079156511603,
            0.6666619571053152,
            0.3333286238052516,
            0.1818150291690107,
            0.095236365214355
        ],
        "overlap": [
            0.4612123781263247,
            0.6705239064089522,
            0.7369079156511603,
            0.7992921554291043,
            0.8040936044318417,
            0.8315683286744557,
            0.9070887701622731
        ]
    },
    "random": {
        "precision": [
            0.0072064434082238235,
            0.009749067480501866,
            0.010003178976369608,
            0.010236195441396192,
            0.0099394309304918,
            0.009894905045786983,
            0.009957423721916929
        ],
        "recall": [
            0.0007205679771113701,
            0.004874430433400445,
            0.010003178976369608,
            0.02047260782028187,
            0.049697997244887146,
            0.09895093779802903,
            0.19915227296810428
        ],
        "f1": [
            0.0013101362156330077,
            0.006499286491374316,
            0.010003178976369608,
            0.013648308796518693,
            0.01656576502751542,
            0.017990767642049616,
            0.018966538601659297
        ],
        "overlap": [
            0.000635862653666808,
            0.005001695489996609,
            0.010003178976369608,
            0.019889584724120758,
            0.05012948810871067,
            0.10026088301802022,
            0.19971644071640046
        ]
    }
}