{
    "ours": {
        "precision": [
            1.0,
            0.9464649033570702,
            0.7250609303804175,
            0.4999947017621939,
            0.19999660914936274
        ],
        "recall": [
            0.0999894034121013,
            0.4732224223799936,
            0.7250609303804175,
            1.0,
            1.0
        ],
        "f1": [
            0.18180066662813324,
            0.6309676872430309,
            0.7250609303804175,
            0.6666619571053152,
            0.3333286238052516
        ],
        "overlap": [
            0.6167867740568037,
            0.6757375381485249,
            0.7250609303804175,
            0.782231829693444,
            0.8121892603283191
        ]
    },
    "bl": {
        "precision": [
            1.0,
            0.9565954560868091,
            0.7213309314400763,
            0.4999947017621939,
            0.19999660914936274
        ],
        "recall": [
            0.0999894034121013,
            0.47828759139557064,
            0.7213309314400763,
            1.0,
            1.0
        ],
        "f1": [
            0.18180066662813324,
            0.6377212936405895,
            0.7213309314400763,
            0.6666619571053152,
            0.3333286238052516
        ],
        "overlap": [
            0.5640101738024587,
            0.6858680908782638,
            0.7213309314400763,
            0.7448050778311134,
            0.7603134841414154
        ]
    },
    "random": {
        "precision": [
            0.009325985587113183,
            0.010300101729399797,
            0.009706474515206103,
            0.009674582233948988,
            0.009901283860822535
        ],
        "recall": [
            0.0009324997350853026,
            0.0051499417187665575,
            0.009706474515206103,
            0.019349369503020027,
            0.04950725866271061
        ],
        "f1": [
            0.0016954703967015394,
            0.006866637466973735,
            0.009706474515206103,
            0.012899488541637232,
            0.016502186398411944
        ],
        "overlap": [
            0.000847816871555744,
            0.005128857239742286,
            0.009706474515206103,
            0.019794216443610856,
            0.049900605690695085
        ]
    }
}