{
    "ours": {
        "precision": [
            1.0,
            0.9464649033570702,
            0.7250609303804175,
            0.4999947017621939,
            0.19999660914936274
        ],
        "recall": [
            0.0999894034121013,
            0.4732224223799936,
            0.7250609303804175,
            1.0,
            1.0
        ],
        "f1": [
            0.18180066662813324,
            0.6309676872430309,
            0.7250609303804175,
            0.6666619571053152,
            0.3333286238052516
        ],
        "overlap": [
            0.6167867740568037,
            0.6757375381485249,
            0.7250609303804175,
            0.78173379533967,
            0.8530066248744326
        ]
    },
    "bl": {
        "precision": [
            1.0,
            0.9565954560868091,
            0.7213309314400763,
            0.4999947017621939,
            0.19999660914936274
        ],
        "recall": [
            0.0999894034121013,
            0.47828759139557064,
            0.7213309314400763,
            1.0,
            1.0
        ],
        "f1": [
            0.18180066662813324,
            0.6377212936405895,
            0.7213309314400763,
            0.6666619571053152,
            0.3333286238052516
        ],
        "overlap": [
            0.5640101738024587,
            0.6858680908782638,
            0.7213309314400763,
            0.7448050778311134,
            0.7603134841414154
        ]
    },
    "random": {
        "precision": [
            0.0105977108944468,
            0.010851135978297729,
            0.010342269789127901,
            0.010511703807313687,
            0.01021069898147324
        ],
        "recall": [
            0.0010596587898696619,
            0.005425453004132669,
            0.010342269789127901,
            0.021023630391014094,
            0.05105436049592031
        ],
        "f1": [
            0.0019266709053426582,
            0.007233988442573153,
            0.010342269789127901,
            0.01401565458193224,
            0.01701787972336232
        ],
        "overlap": [
            0.001271725307333616,
            0.005849440488301119,
            0.010342269789127901,
            0.020196882516874886,
            0.04951065786740926
        ]
    }
}