{
    "ours": {
        "precision": [
            1.0,
            0.9278145133943709,
            0.7149941718766557,
            0.4999947017621939,
            0.19999660914936274,
            0.09999809265055874,
            0.04999904632527937
        ],
        "recall": [
            0.0999894034121013,
            0.4638974250291406,
            0.7149941718766557,
            1.0,
            1.0,
            1.0,
            1.0
        ],
        "f1": [
            0.18180066662813324,
            0.6185342696073584,
            0.7149941718766556,
            0.6666619571053152,
            0.3333286238052516,
            0.1818150291690107,
            0.095236365214355
        ],
        "overlap": [
            0.6110640101738024,
            0.6597999321804001,
            0.7149941718766557,
            0.7714128280933762,
            0.8514129250749166,
            0.9153624281829953,
            0.9624495876946291
        ]
    },
    "bl": {
        "precision": [
            1.0,
            0.9081892166836215,
            0.7172618416869768,
            0.4999947017621939,
            0.19999660914936274,
            0.09999809265055874,
            0.04999904632527937
        ],
        "recall": [
            0.0999894034121013,
            0.45408498463494756,
            0.7172618416869768,
            1.0,
            1.0,
            1.0,
            1.0
        ],
        "f1": [
            0.18180066662813324,
            0.6054509233225482,
            0.7172618416869768,
            0.6666619571053152,
            0.3333286238052516,
            0.1818150291690107,
            0.095236365214355
        ],
        "overlap": [
            0.4463755828740992,
            0.6401746354696507,
            0.7172618416869768,
            0.7743798412647953,
            0.7775093354356607,
            0.834615849226146,
            0.9165990264040741
        ]
    },
    "random": {
        "precision": [
            0.009961848240779992,
            0.010469650729060698,
            0.009833633569990462,
            0.010045458880376387,
            0.0101089734623552,
            0.00985040022549109,
            0.009880070105688352
        ],
        "recall": [
            0.0009960792624774822,
            0.00523471442195613,
            0.009833633569990462,
            0.020091130655928793,
            0.050545724276782875,
            0.09850588110628378,
            0.19760517113489456
        ],
        "f1": [
            0.001811070651022099,
            0.00697966853638894,
            0.009833633569990462,
            0.013393992483540083,
            0.01684833671241973,
            0.017909849646658087,
            0.018819198246447937
        ],
        "overlap": [
            0.00105977108944468,
            0.005340793489318413,
            0.009833633569990462,
            0.02005912833391614,
            0.050061671095965314,
            0.0995657601105415,
            0.1995574949296294
        ]
    }
}