{
    "ours": {
        "precision": [
            1.0,
            0.9278145133943709,
            0.7151849104588323,
            0.4999947017621939,
            0.19999660914936274,
            0.09999809265055874,
            0.04999904632527937
        ],
        "recall": [
            0.0999894034121013,
            0.4638974250291406,
            0.7151849104588323,
            1.0,
            1.0,
            1.0,
            1.0
        ],
        "f1": [
            0.18180066662813324,
            0.6185342696073584,
            0.7151849104588323,
            0.6666619571053152,
            0.3333286238052516,
            0.1818150291690107,
            0.095236365214355
        ],
        "overlap": [
            0.6110640101738024,
            0.6597999321804001,
            0.7151849104588323,
            0.7710949338250098,
            0.8370950582590525,
            0.8441568349867228,
            0.9166890956832443
        ]
    },
    "bl": {
        "precision": [
            1.0,
            0.9081892166836215,
            0.7172618416869768,
            0.4999947017621939,
            0.19999660914936274,
            0.09999809265055874,
            0.04999904632527937
        ],
        "recall": [
            0.0999894034121013,
            0.45408498463494756,
            0.7172618416869768,
            1.0,
            1.0,
            1.0,
            1.0
        ],
        "f1": [
            0.18180066662813324,
            0.6054509233225482,
            0.7172618416869768,
            0.6666619571053152,
            0.3333286238052516,
            0.1818150291690107,
            0.095236365214355
        ],
        "overlap": [
            0.4463755828740992,
            0.6401746354696507,
            0.7172618416869768,
            0.7743798412647953,
            0.7775093354356607,
            0.834615849226146,
            0.9165990264040741
        ]
    },
    "random": {
        "precision": [
            0.007842306061890632,
            0.009070871481858258,
            0.009388576878245205,
            0.009642792807112355,
            0.01006658782938935,
            0.009880070105688352,
            0.00994046950466135
        ],
        "recall": [
            0.0007841475045035498,
            0.004535339620642153,
            0.009388576878245205,
            0.019285789975627847,
            0.05033379251880894,
            0.09880258556744728,
            0.198813182155346
        ],
        "f1": [
            0.0014257364699535673,
            0.006047162213713495,
            0.009388576878245205,
            0.012857102489474132,
            0.016777693791193656,
            0.017963794976919106,
            0.018934244825174612
        ],
        "overlap": [
            0.000847816871555744,
            0.004026788741946423,
            0.009388576878245205,
            0.01991077767534518,
            0.05046433460914088,
            0.10046009507077326,
            0.1999643961437633
        ]
    }
}