{
    "ours": {
        "precision": [
            1.0,
            0.9594777890810444,
            0.7335170075235774,
            0.4999947017621939,
            0.19999660914936274,
            0.09999809265055874,
            0.04999904632527937
        ],
        "recall": [
            0.0999894034121013,
            0.4797287273497934,
            0.7335170075235774,
            1.0,
            1.0,
            1.0,
            1.0
        ],
        "f1": [
            0.18180066662813324,
            0.6396428218206479,
            0.7335170075235774,
            0.6666619571053152,
            0.3333286238052516,
            0.1818150291690107,
            0.095236365214355
        ],
        "overlap": [
            0.6449766850360322,
            0.6887504238724992,
            0.7335170075235774,
            0.7746023672526517,
            0.8466063942965892,
            0.9070654581135467,
            0.9558109520004917
        ]
    },
    "bl": {
        "precision": [
            1.0,
            0.8775432349949135,
            0.689731906326163,
            0.4999947017621939,
            0.19999660914936274,
            0.09999809265055874,
            0.04999904632527937
        ],
        "recall": [
            0.0999894034121013,
            0.4387623185334322,
            0.689731906326163,
            1.0,
            1.0,
            1.0,
            1.0
        ],
        "f1": [
            0.18180066662813324,
            0.5850205575257499,
            0.689731906326163,
            0.6666619571053152,
            0.3333286238052516,
            0.1818150291690107,
            0.095236365214355
        ],
        "overlap": [
            0.3520559559135227,
            0.6068158697863683,
            0.689731906326163,
            0.7422407307329583,
            0.7647215899698638,
            0.8259289321598189,
            0.9087047189944454
        ]
    },
    "random": {
        "precision": [
            0.009114031369224248,
            0.009664292980671414,
            0.010215110734343542,
            0.009886511746193215,
            0.009816512594890836,
            0.009871592997060563,
            0.010052791193979558
        ],
        "recall": [
            0.0009113065592879092,
            0.004832044081805658,
            0.010215110734343542,
            0.01977323301896789,
            0.04908339514676274,
            0.09871781286425771,
            0.20105965878986967
        ],
        "f1": [
            0.001656936978594686,
            0.006442770956666713,
            0.010215110734343542,
            0.013182062222724574,
            0.01636090055595979,
            0.017948382025415956,
            0.019148191094385626
        ],
        "overlap": [
            0.000423908435777872,
            0.004704984740590031,
            0.010215110734343542,
            0.020419408504731326,
            0.04943436372807073,
            0.09933052034612035,
            0.20013923650921145
        ]
    }
}