{
    "ours": {
        "precision": [
            1.0,
            0.9604950830790099,
            0.7348097912472183,
            0.4999947017621939,
            0.19999660914936274,
            0.09999809265055874,
            0.04999904632527937
        ],
        "recall": [
            0.0999894034121013,
            0.4802373635689308,
            0.7348097912472183,
            1.0,
            1.0,
            1.0,
            1.0
        ],
        "f1": [
            0.18180066662813324,
            0.6403210082371392,
            0.7348097912472182,
            0.6666619571053152,
            0.3333286238052516,
            0.1818150291690107,
            0.095236365214355
        ],
        "overlap": [
            0.645612547689699,
            0.6897677178704645,
            0.7348097912472183,
            0.7769123989361139,
            0.8118798452076684,
            0.8332277226883454,
            0.9093924244318747
        ]
    },
    "bl": {
        "precision": [
            1.0,
            0.8775432349949135,
            0.689731906326163,
            0.4999947017621939,
            0.19999660914936274,
            0.09999809265055874,
            0.04999904632527937
        ],
        "recall": [
            0.0999894034121013,
            0.4387623185334322,
            0.689731906326163,
            1.0,
            1.0,
            1.0,
            1.0
        ],
        "f1": [
            0.18180066662813324,
            0.5850205575257499,
            0.689731906326163,
            0.6666619571053152,
            0.3333286238052516,
            0.1818150291690107,
            0.095236365214355
        ],
        "overlap": [
            0.3520559559135227,
            0.6068158697863683,
            0.689731906326163,
            0.7422407307329583,
            0.7647215899698638,
            0.8259289321598189,
            0.9087047189944454
        ]
    },
    "random": {
        "precision": [
            0.009961848240779992,
            0.009918616480162767,
            0.009981985800572215,
            0.010278581343845038,
            0.009884329607636196,
            0.009973318300594034,
            0.010069745411235136
        ],
        "recall": [
            0.0009960792624774822,
            0.004959203136590018,
            0.009981985800572215,
            0.020557380523471443,
            0.049422485959521034,
            0.09973508530253258,
            0.20139874960262796
        ],
        "f1": [
            0.001811070651022099,
            0.006612317560789522,
            0.009981985800572215,
            0.013704823532736162,
            0.016473929229921518,
            0.01813333744345374,
            0.019180484870870308
        ],
        "overlap": [
            0.00105977108944468,
            0.004704984740590031,
            0.009981985800572215,
            0.020281654321772577,
            0.050684739900563304,
            0.10087547339353493,
            0.19996545578234176
        ]
    }
}