{
    "ours": {
        "precision": [
            1.0,
            0.925949474398101,
            0.7353184274663558,
            0.4999947017621939,
            0.19999660914936274,
            0.09999809265055874,
            0.04999904632527937
        ],
        "recall": [
            0.0999894034121013,
            0.4629649252940553,
            0.7353184274663558,
            1.0,
            1.0,
            1.0,
            1.0
        ],
        "f1": [
            0.18180066662813324,
            0.617290927843791,
            0.7353184274663558,
            0.6666619571053152,
            0.3333286238052516,
            0.1818150291690107,
            0.095236365214355
        ],
        "overlap": [
            0.5387876218736752,
            0.654501525940997,
            0.7353184274663558,
            0.7688802704220576,
            0.8490859538250914,
            0.9097187931140447,
            0.9574777634844307
        ]
    },
    "bl": {
        "precision": [
            1.0,
            0.9142505934214988,
            0.7327752463706686,
            0.4999947017621939,
            0.19999660914936274,
            0.09999809265055874,
            0.04999904632527937
        ],
        "recall": [
            0.0999894034121013,
            0.4571156087739748,
            0.7327752463706686,
            1.0,
            1.0,
            1.0,
            1.0
        ],
        "f1": [
            0.18180066662813324,
            0.609491784054142,
            0.7327752463706686,
            0.6666619571053152,
            0.3333286238052516,
            0.1818150291690107,
            0.095236365214355
        ],
        "overlap": [
            0.39974565493853326,
            0.6428026449643948,
            0.7327752463706686,
            0.7978298417946191,
            0.797320380283899,
            0.8342195443977968,
            0.9124272293206234
        ]
    },
    "random": {
        "precision": [
            0.007630351844001695,
            0.009367582231264835,
            0.009452156405637385,
            0.009886511746193215,
            0.009977578000161065,
            0.009907620708728667,
            0.009965900830544718
        ],
        "recall": [
            0.0007629543287061566,
            0.004683691851223906,
            0.009452156405637385,
            0.01977323301896789,
            0.049888735827063685,
            0.0990780968528134,
            0.19932181837448343
        ],
        "f1": [
            0.0013872030518467143,
            0.006244966585190104,
            0.009452156405637385,
            0.013182062222724574,
            0.016629343656618886,
            0.018013887069304336,
            0.018982685489901636
        ],
        "overlap": [
            0.001483679525222552,
            0.004365886741268227,
            0.009452156405637385,
            0.020006145955855082,
            0.0501210109821175,
            0.10002988180791296,
            0.19955537565247244
        ]
    }
}