{
    "ours": {
        "precision": [
            1.0,
            0.926330959647338,
            0.7365476316626046,
            0.4999947017621939,
            0.19999660914936274,
            0.09999809265055874,
            0.04999904632527937
        ],
        "recall": [
            0.0999894034121013,
            0.46315566387623186,
            0.7365476316626046,
            1.0,
            1.0,
            1.0,
            1.0
        ],
        "f1": [
            0.18180066662813324,
            0.6175452477499752,
            0.7365476316626045,
            0.6666619571053152,
            0.3333286238052516,
            0.1818150291690107,
            0.095236365214355
        ],
        "overlap": [
            0.5392115303094531,
            0.654883011190234,
            0.7365476316626046,
            0.7677782369583876,
            0.8351326034527337,
            0.8405646602056971,
            0.913126590782416
        ]
    },
    "bl": {
        "precision": [
            1.0,
            0.9142505934214988,
            0.7327752463706686,
            0.4999947017621939,
            0.19999660914936274,
            0.09999809265055874,
            0.04999904632527937
        ],
        "recall": [
            0.0999894034121013,
            0.4571156087739748,
            0.7327752463706686,
            1.0,
            1.0,
            1.0,
            1.0
        ],
        "f1": [
            0.18180066662813324,
            0.609491784054142,
            0.7327752463706686,
            0.6666619571053152,
            0.3333286238052516,
            0.1818150291690107,
            0.095236365214355
        ],
        "overlap": [
            0.39974565493853326,
            0.6428026449643948,
            0.7327752463706686,
            0.7978298417946191,
            0.797320380283899,
            0.8342195443977968,
            0.9124272293206234
        ]
    },
    "random": {
        "precision": [
            0.009961848240779992,
            0.009664292980671414,
            0.009770054042598283,
            0.0096851787095612,
            0.009918238114008876,
            0.009969079746280139,
            0.009922455648827298
        ],
        "recall": [
            0.0009960792624774822,
            0.004832044081805658,
            0.009770054042598283,
            0.01937056267881742,
            0.04959203136590018,
            0.0996926989509378,
            0.1984528981667903
        ],
        "f1": [
            0.001811070651022099,
            0.006442770956666713,
            0.009770054042598283,
            0.0129136172256916,
            0.01653044356690238,
            0.01812563096770216,
            0.018899932687659642
        ],
        "overlap": [
            0.001483679525222552,
            0.004662597490674805,
            0.009770054042598283,
            0.01991077767534518,
            0.050299030640574074,
            0.09974589866888202,
            0.20005870397724745
        ]
    }
}