{
    "ours": {
        "precision": [
            1.0,
            0.9457019328585962,
            0.714421956130126,
            0.4999947017621939,
            0.19999660914936274,
            0.09999809265055874,
            0.04999904632527937
        ],
        "recall": [
            0.0999894034121013,
            0.4728409452156406,
            0.714421956130126,
            1.0,
            1.0,
            1.0,
            1.0
        ],
        "f1": [
            0.18180066662813324,
            0.6304590474306625,
            0.714421956130126,
            0.6666619571053152,
            0.3333286238052516,
            0.1818150291690107,
            0.095236365214355
        ],
        "overlap": [
            0.556167867740568,
            0.6776873516446253,
            0.714421956130126,
            0.7741785082281634,
            0.7913821531053834,
            0.8073767799279022,
            0.8650974125745191
        ]
    },
    "bl": {
        "precision": [
            1.0,
            0.9201848084096304,
            0.6850694076507364,
            0.4999947017621939,
            0.19999660914936274,
            0.09999809265055874,
            0.04999904632527937
        ],
        "recall": [
            0.0999894034121013,
            0.46008265338560983,
            0.6850694076507364,
            1.0,
            1.0,
            1.0,
            1.0
        ],
        "f1": [
            0.18180066662813324,
            0.6134478714836741,
            0.6850694076507364,
            0.6666619571053152,
            0.3333286238052516,
            0.1818150291690107,
            0.095236365214355
        ],
        "overlap": [
            0.5349724459516745,
            0.6521702271956595,
            0.6850694076507364,
            0.7105678651280584,
            0.7354034476473854,
            0.7908379409950854,
            0.8631254251799796
        ]
    },
    "random": {
        "precision": [
            0.007630351844001695,
            0.010766361478467277,
            0.010172724382748756,
            0.010246791917008403,
            0.010130166278838126,
            0.010104713484324767,
            0.010041135169616347
        ],
        "recall": [
            0.0007629543287061566,
            0.005383066652537883,
            0.010172724382748756,
            0.020493800996079264,
            0.05065169015576984,
            0.10104906220197096,
            0.20082653385609833
        ],
        "f1": [
            0.0013872030518467143,
            0.00717747290786555,
            0.010172724382748756,
            0.013662437480573062,
            0.01688365817303277,
            0.018372238191752533,
            0.019125989123052408
        ],
        "overlap": [
            0.000847816871555744,
            0.005128857239742286,
            0.010172724382748756,
            0.019709444638713165,
            0.05037108621661602,
            0.10021213964341043,
            0.2005673304949148
        ]
    }
}