{
    "ours": {
        "precision": [
            1.0,
            0.9457019328585962,
            0.7143583766027339,
            0.4999947017621939,
            0.19999660914936274,
            0.09999809265055874,
            0.04999904632527937
        ],
        "recall": [
            0.0999894034121013,
            0.4728409452156406,
            0.7143583766027339,
            1.0,
            1.0,
            1.0,
            1.0
        ],
        "f1": [
            0.18180066662813324,
            0.6304590474306625,
            0.7143583766027339,
            0.6666619571053152,
            0.3333286238052516,
            0.1818150291690107,
            0.095236365214355
        ],
        "overlap": [
            0.556167867740568,
            0.6776873516446253,
            0.7143583766027339,
            0.7730552818132689,
            0.8539263931097915,
            0.9154450799921163,
            0.9619187087668138
        ]
    },
    "bl": {
        "precision": [
            1.0,
            0.9201848084096304,
            0.6850694076507364,
            0.4999947017621939,
            0.19999660914936274,
            0.09999809265055874,
            0.04999904632527937
        ],
        "recall": [
            0.0999894034121013,
            0.46008265338560983,
            0.6850694076507364,
            1.0,
            1.0,
            1.0,
            1.0
        ],
        "f1": [
            0.18180066662813324,
            0.6134478714836741,
            0.6850694076507364,
            0.6666619571053152,
            0.3333286238052516,
            0.1818150291690107,
            0.095236365214355
        ],
        "overlap": [
            0.5349724459516745,
            0.6521702271956595,
            0.6850694076507364,
            0.7105678651280584,
            0.7354034476473854,
            0.7908379409950854,
            0.8631254251799796
        ]
    },
    "random": {
        "precision": [
            0.010173802458668928,
            0.010257714479484571,
            0.009939599448977429,
            0.009663985758336777,
            0.009871613917746441,
            0.009860996611275825,
            0.009988153240692665
        ],
        "recall": [
            0.0010172724382748754,
            0.005128748542969164,
            0.009939599448977429,
            0.019328176327222633,
            0.049358906432128855,
            0.09861184698527074,
            0.19976687506622867
        ],
        "f1": [
            0.0018496040691289518,
            0.006838379699619933,
            0.009939599448977429,
            0.012885359857582865,
            0.016452736353553692,
            0.01792911583603702,
            0.01902507107153778
        ],
        "overlap": [
            0.000847816871555744,
            0.00555272973889454,
            0.009939599448977429,
            0.02013330366320162,
            0.04954880493707853,
            0.09953609023034424,
            0.1998065099955707
        ]
    }
}