{
    "ours": {
        "precision": [
            1.0,
            0.9837656832824686,
            0.7381583130232066,
            0.4999947017621939,
            0.19999660914936274
        ],
        "recall": [
            0.0999894034121013,
            0.4918724170816997,
            0.7381583130232066,
            1.0,
            1.0
        ],
        "f1": [
            0.18180066662813324,
            0.6558345225143761,
            0.7381583130232066,
            0.6666619571053152,
            0.3333286238052516
        ],
        "overlap": [
            0.6320474777448071,
            0.7081213970837572,
            0.7381583130232066,
            0.7836835468523169,
            0.851654523182822
        ]
    },
    "bl": {
        "precision": [
            1.0,
            1.0,
            0.7546677969693759,
            0.4999947017621939,
            0.19999660914936274
        ],
        "recall": [
            0.0999894034121013,
            0.4999894034121013,
            0.7546677969693759,
            1.0,
            1.0
        ],
        "f1": [
            0.18180066662813324,
            0.6666572474108821,
            0.7546677969693759,
            0.6666619571053152,
            0.3333286238052516
        ],
        "overlap": [
            0.6030097498940229,
            0.7305442522889115,
            0.7546677969693759,
            0.7856544913161883,
            0.7919840290934985
        ]
    },
    "random": {
        "precision": [
            0.01165748198389148,
            0.010003390979993218,
            0.009664088163611317,
            0.009875915270581005,
            0.009833466848077175
        ],
        "recall": [
            0.0011656246688566282,
            0.005001589488184804,
            0.009664088163611317,
            0.019752039843170498,
            0.049168167849952316
        ],
        "f1": [
            0.002119337995876924,
            0.006668833095497124,
            0.009664088163611317,
            0.013167933538670209,
            0.01638915772445022
        ],
        "overlap": [
            0.00105977108944468,
            0.005171244489657511,
            0.009664088163611317,
            0.019953163577794027,
            0.050142203798600425
        ]
    }
}