{
    "ours": {
        "precision": [
            1.0,
            0.9842319430315362,
            0.7394722899226449,
            0.4999947017621939,
            0.19999660914936274
        ],
        "recall": [
            0.0999894034121013,
            0.492105542015471,
            0.7394722899226449,
            1.0,
            1.0
        ],
        "f1": [
            0.18180066662813324,
            0.656145357955268,
            0.7394722899226449,
            0.6666619571053152,
            0.3333286238052516
        ],
        "overlap": [
            0.6320474777448071,
            0.7085876568328247,
            0.7394722899226449,
            0.7867777177310826,
            0.8272615914109753
        ]
    },
    "bl": {
        "precision": [
            1.0,
            1.0,
            0.7546677969693759,
            0.4999947017621939,
            0.19999660914936274
        ],
        "recall": [
            0.0999894034121013,
            0.4999894034121013,
            0.7546677969693759,
            1.0,
            1.0
        ],
        "f1": [
            0.18180066662813324,
            0.6666572474108821,
            0.7546677969693759,
            0.6666619571053152,
            0.3333286238052516
        ],
        "overlap": [
            0.6030097498940229,
            0.7305442522889115,
            0.7546677969693759,
            0.7856544913161883,
            0.7919840290934985
        ]
    },
    "random": {
        "precision": [
            0.009961848240779992,
            0.010596812478806375,
            0.010278690261735722,
            0.009632196331500142,
            0.009668162879510361
        ],
        "recall": [
            0.0009960792624774822,
            0.00529829394934831,
            0.010278690261735722,
            0.019264596799830454,
            0.04834163399385398
        ],
        "f1": [
            0.001811070651022099,
            0.007064441838450345,
            0.010278690261735722,
            0.012842973805419761,
            0.016113650331668516
        ],
        "overlap": [
            0.00105977108944468,
            0.005298406239403188,
            0.010278690261735722,
            0.019804812919223067,
            0.04918004993027563
        ]
    }
}