{
    "ours": {
        "precision": [
            1.0,
            0.9666836215666328,
            0.7318427466355834,
            0.4999947017621939,
            0.19999660914936274,
            0.09999809265055874,
            0.04999904632527937
        ],
        "recall": [
            0.0999894034121013,
            0.4833315672353502,
            0.7318427466355834,
            1.0,
            1.0,
            1.0,
            1.0
        ],
        "f1": [
            0.18180066662813324,
            0.6444466422707942,
            0.7318427466355834,
            0.6666619571053152,
            0.3333286238052516,
            0.1818150291690107,
            0.095236365214355
        ],
        "overlap": [
            0.6579058923272573,
            0.6959562563580874,
            0.7318427466355834,
            0.7664218880800245,
            0.8442963772999504,
            0.8423914771149856,
            0.9115350136375485
        ]
    },
    "bl": {
        "precision": [
            1.0,
            0.979526958290946,
            0.7680194977217336,
            0.4999947017621939,
            0.19999660914936274,
            0.09999809265055874,
            0.04999904632527937
        ],
        "recall": [
            0.0999894034121013,
            0.4897530995019604,
            0.7680194977217336,
            1.0,
            1.0,
            1.0,
            1.0
        ],
        "f1": [
            0.18180066662813324,
            0.653008745778996,
            0.7680194977217335,
            0.6666619571053152,
            0.3333286238052516,
            0.1818150291690107,
            0.095236365214355
        ],
        "overlap": [
            0.5188639253921153,
            0.7087995930824008,
            0.7680194977217336,
            0.807748142967649,
            0.7954935595030709,
            0.8365571071019097,
            0.9115413714690194
        ]
    },
    "random": {
        "precision": [
            0.00847816871555744,
            0.009621905730756188,
            0.00981244039419307,
            0.010024265929151965,
            0.010155597658617635,
            0.010159814690405396,
            0.010167232160454712
        ],
        "recall": [
            0.0008477270318957296,
            0.004810850906008265,
            0.00981244039419307,
            0.020048744304334003,
            0.0507788492105542,
            0.10160008477270319,
            0.20334852177598814
        ],
        "f1": [
            0.0015413367242741267,
            0.006414513189312912,
            0.00981244039419307,
            0.013365735115431349,
            0.01692604392576842,
            0.018472422376522992,
            0.019366174085657224
        ],
        "overlap": [
            0.000635862653666808,
            0.004874533740250933,
            0.00981244039419307,
            0.019635269309427685,
            0.050142203798600425,
            0.09986457818967107,
            0.20031513651323807
        ]
    }
}