{
    "ours": {
        "precision": [
            1.0,
            0.9646066463207867,
            0.7277948500582813,
            0.4999947017621939,
            0.19999660914936274,
            0.09999809265055874,
            0.04999904632527937
        ],
        "recall": [
            0.0999894034121013,
            0.482293101621278,
            0.7277948500582813,
            1.0,
            1.0,
            1.0,
            1.0
        ],
        "f1": [
            0.18180066662813324,
            0.643062011670458,
            0.7277948500582813,
            0.6666619571053152,
            0.3333286238052516,
            0.1818150291690107,
            0.095236365214355
        ],
        "overlap": [
            0.6568461212378126,
            0.6938792811122414,
            0.7277948500582813,
            0.7633383136768711,
            0.848560371976315,
            0.9074893135449361,
            0.9551836459620353
        ]
    },
    "bl": {
        "precision": [
            1.0,
            0.979526958290946,
            0.7680194977217336,
            0.4999947017621939,
            0.19999660914936274,
            0.09999809265055874,
            0.04999904632527937
        ],
        "recall": [
            0.0999894034121013,
            0.4897530995019604,
            0.7680194977217336,
            1.0,
            1.0,
            1.0,
            1.0
        ],
        "f1": [
            0.18180066662813324,
            0.653008745778996,
            0.7680194977217335,
            0.6666619571053152,
            0.3333286238052516,
            0.1818150291690107,
            0.095236365214355
        ],
        "overlap": [
            0.5188639253921153,
            0.7087995930824008,
            0.7680194977217336,
            0.807748142967649,
            0.7954935595030709,
            0.8365571071019097,
            0.9115413714690194
        ]
    },
    "random": {
        "precision": [
            0.00847816871555744,
            0.009749067480501866,
            0.009897213097382642,
            0.010003072977927541,
            0.010070826392685936,
            0.010193723124916553,
            0.010045373723930242
        ],
        "recall": [
            0.0008477270318957296,
            0.004874430433400445,
            0.009897213097382642,
            0.020006357952739216,
            0.050354985694606336,
            0.10193917558546148,
            0.2009113065592879
        ],
        "f1": [
            0.0015413367242741267,
            0.006499286491374316,
            0.009897213097382642,
            0.013337477747322616,
            0.01678475808331626,
            0.018534074182535585,
            0.01913406256717358
        ],
        "overlap": [
            0.000635862653666808,
            0.004662597490674805,
            0.009897213097382642,
            0.020271057846160366,
            0.050252406444311636,
            0.10036684687586758,
            0.20051858712030501
        ]
    }
}