{
    "ours": {
        "precision": [
            1.0,
            1.0,
            0.75731694394405,
            0.4999947017621939,
            0.19999660914936274,
            0.09999809265055874,
            0.04999904632527937
        ],
        "recall": [
            0.0999894034121013,
            0.4999894034121013,
            0.75731694394405,
            1.0,
            1.0,
            1.0,
            1.0
        ],
        "f1": [
            0.18180066662813324,
            0.6666572474108821,
            0.75731694394405,
            0.6666619571053152,
            0.3333286238052516,
            0.1818150291690107,
            0.095236365214355
        ],
        "overlap": [
            0.7291225095379398,
            0.7423279077653442,
            0.75731694394405,
            0.7996630320755317,
            0.8151732088891149,
            0.8197978633447703,
            0.869784194007108
        ]
    },
    "bl": {
        "precision": [
            1.0,
            0.9427772126144456,
            0.7120695136166154,
            0.4999947017621939,
            0.19999660914936274,
            0.09999809265055874,
            0.04999904632527937
        ],
        "recall": [
            0.0999894034121013,
            0.4713786160856204,
            0.7120695136166154,
            1.0,
            1.0,
            1.0,
            1.0
        ],
        "f1": [
            0.18180066662813324,
            0.6285092614832501,
            0.7120695136166154,
            0.6666619571053152,
            0.3333286238052516,
            0.1818150291690107,
            0.095236365214355
        ],
        "overlap": [
            0.45718524798643495,
            0.6530179721939641,
            0.7120695136166154,
            0.7570546036388297,
            0.7749958674007859,
            0.8053634666288022,
            0.867855651794286
        ]
    },
    "random": {
        "precision": [
            0.009325985587113183,
            0.010978297728043405,
            0.01131715587580799,
            0.0109885452098632,
            0.010036917886313255,
            0.010100474930010872,
            0.009976497216329455
        ],
        "recall": [
            0.0009324997350853026,
            0.005489032531524849,
            0.01131715587580799,
            0.02197732330189679,
            0.05018544028822719,
            0.10100667585037618,
            0.19953375013245736
        ],
        "f1": [
            0.0016954703967015394,
            0.007318761744634555,
            0.01131715587580799,
            0.014651445364378762,
            0.0167282437463354,
            0.018364531716000956,
            0.019002869100204562
        ],
        "overlap": [
            0.00105977108944468,
            0.005722278738555442,
            0.01131715587580799,
            0.021320108931769294,
            0.04991332138058484,
            0.10091150110520304,
            0.20042851784113475
        ]
    }
}