{
    "ours": {
        "precision": [
            1.0,
            1.0,
            0.7572745575924552,
            0.4999947017621939,
            0.19999660914936274,
            0.09999809265055874,
            0.04999904632527937
        ],
        "recall": [
            0.0999894034121013,
            0.4999894034121013,
            0.7572745575924552,
            1.0,
            1.0,
            1.0,
            1.0
        ],
        "f1": [
            0.18180066662813324,
            0.6666572474108821,
            0.7572745575924552,
            0.6666619571053152,
            0.3333286238052516,
            0.1818150291690107,
            0.095236365214355
        ],
        "overlap": [
            0.7291225095379398,
            0.742285520515429,
            0.7572745575924552,
            0.7987835245997181,
            0.8657350304540773,
            0.9159664221727253,
            0.9597485689580998
        ]
    },
    "bl": {
        "precision": [
            1.0,
            0.9427772126144456,
            0.7120695136166154,
            0.4999947017621939,
            0.19999660914936274,
            0.09999809265055874,
            0.04999904632527937
        ],
        "recall": [
            0.0999894034121013,
            0.4713786160856204,
            0.7120695136166154,
            1.0,
            1.0,
            1.0,
            1.0
        ],
        "f1": [
            0.18180066662813324,
            0.6285092614832501,
            0.7120695136166154,
            0.6666619571053152,
            0.3333286238052516,
            0.1818150291690107,
            0.095236365214355
        ],
        "overlap": [
            0.45718524798643495,
            0.6530179721939641,
            0.7120695136166154,
            0.7570546036388297,
            0.7749958674007859,
            0.8053634666288022,
            0.867855651794286
        ]
    },
    "random": {
        "precision": [
            0.0072064434082238235,
            0.009791454730417091,
            0.009770054042598283,
            0.00953682805099024,
            0.009621538683247926,
            0.009930932757455086,
            0.009884308660002247
        ],
        "recall": [
            0.0007205679771113701,
            0.004895623609197838,
            0.009770054042598283,
            0.019073858217653915,
            0.048108509060082655,
            0.09931122178658472,
            0.19768994383808414
        ],
        "f1": [
            0.0013101362156330077,
            0.006527544258728118,
            0.009770054042598283,
            0.012715815648930458,
            0.016035943118319827,
            0.018056272685937992,
            0.01882727169056911
        ],
        "overlap": [
            0.000635862653666808,
            0.004874533740250933,
            0.009770054042598283,
            0.01929618208983692,
            0.0498963671273985,
            0.09982431192368907,
            0.19916436901701567
        ]
    }
}