{
    "ours": {
        "precision": [
            1.0,
            0.9408697863682605,
            0.7255483734237576,
            0.4999947017621939,
            0.19999660914936274
        ],
        "recall": [
            0.0999894034121013,
            0.4704249231747377,
            0.7255483734237576,
            1.0,
            1.0
        ],
        "f1": [
            0.18180066662813324,
            0.6272376619523291,
            0.7255483734237576,
            0.6666619571053152,
            0.3333286238052516
        ],
        "overlap": [
            0.629080118694362,
            0.6701424211597151,
            0.7255483734237576,
            0.7832596878278285,
            0.8355649369089854
        ]
    },
    "bl": {
        "precision": [
            1.0,
            0.9613428280773143,
            0.7456818904312811,
            0.4999947017621939,
            0.19999660914936274
        ],
        "recall": [
            0.0999894034121013,
            0.4806612270848787,
            0.7456818904312811,
            1.0,
            1.0
        ],
        "f1": [
            0.18180066662813324,
            0.6408861635842152,
            0.7456818904312811,
            0.6666619571053152,
            0.3333286238052516
        ],
        "overlap": [
            0.4947011445527766,
            0.6906154628687691,
            0.7456818904312811,
            0.787498278072713,
            0.8269860847966973
        ]
    },
    "random": {
        "precision": [
            0.009749894022891056,
            0.010512037978975925,
            0.009770054042598283,
            0.00952623157537803,
            0.009778365525221572
        ],
        "recall": [
            0.000974886086680089,
            0.0052559075977535235,
            0.009770054042598283,
            0.01905266504185652,
            0.048892656564586204
        ],
        "f1": [
            0.0017725372329152455,
            0.007007926303742741,
            0.009770054042598283,
            0.01270168696487609,
            0.01629732192685632
        ],
        "overlap": [
            0.001695633743111488,
            0.005510342488979315,
            0.009770054042598283,
            0.019327971516673554,
            0.05000656977310971
        ]
    }
}