{
    "ours": {
        "precision": [
            1.0,
            0.9408697863682605,
            0.7254847938963653,
            0.4999947017621939,
            0.19999660914936274
        ],
        "recall": [
            0.0999894034121013,
            0.4704249231747377,
            0.7254847938963653,
            1.0,
            1.0
        ],
        "f1": [
            0.18180066662813324,
            0.6272376619523291,
            0.7254847938963653,
            0.6666619571053152,
            0.3333286238052516
        ],
        "overlap": [
            0.629080118694362,
            0.6701424211597151,
            0.7254847938963653,
            0.7823060050227294,
            0.8472718487341531
        ]
    },
    "bl": {
        "precision": [
            1.0,
            0.9613428280773143,
            0.7456818904312811,
            0.4999947017621939,
            0.19999660914936274
        ],
        "recall": [
            0.0999894034121013,
            0.4806612270848787,
            0.7456818904312811,
            1.0,
            1.0
        ],
        "f1": [
            0.18180066662813324,
            0.6408861635842152,
            0.7456818904312811,
            0.6666619571053152,
            0.3333286238052516
        ],
        "overlap": [
            0.4947011445527766,
            0.6906154628687691,
            0.7456818904312811,
            0.787498278072713,
            0.8269860847966973
        ]
    },
    "random": {
        "precision": [
            0.012081390419669352,
            0.011063072227873855,
            0.010448235668114867,
            0.00999247650231533,
            0.01014288196872788
        ],
        "recall": [
            0.0012080110204514146,
            0.005531418883119635,
            0.010448235668114867,
            0.019985164776941823,
            0.05071526968316202
        ],
        "f1": [
            0.0021964048320906307,
            0.007375277279342158,
            0.010448235668114867,
            0.013323349063268248,
            0.016904851049400597
        ],
        "overlap": [
            0.001271725307333616,
            0.005213631739572736,
            0.010448235668114867,
            0.02012270718758941,
            0.0500362397161858
        ]
    }
}