{
    "ours": {
        "precision": [
            1.0,
            0.9849101390301798,
            0.7404683691851224,
            0.4999947017621939,
            0.19999660914936274
        ],
        "recall": [
            0.0999894034121013,
            0.4924446328282293,
            0.7404683691851224,
            1.0,
            1.0
        ],
        "f1": [
            0.18180066662813324,
            0.6565974822329288,
            0.7404683691851224,
            0.6666619571053152,
            0.3333286238052516
        ],
        "overlap": [
            0.6661721068249258,
            0.7092658528314683,
            0.7404683691851224,
            0.7746765425819373,
            0.8514256407648063
        ]
    },
    "bl": {
        "precision": [
            1.0,
            0.9958884367582231,
            0.7485217759881319,
            0.4999947017621939,
            0.19999660914936274
        ],
        "recall": [
            0.0999894034121013,
            0.49793366535975414,
            0.7485217759881319,
            1.0,
            1.0
        ],
        "f1": [
            0.18180066662813324,
            0.6639162439775633,
            0.7485217759881319,
            0.6666619571053152,
            0.3333286238052516
        ],
        "overlap": [
            0.582662144976685,
            0.7202441505595117,
            0.7485217759881319,
            0.7769441883629504,
            0.8053227877878514
        ]
    },
    "random": {
        "precision": [
            0.009325985587113183,
            0.009409969481180062,
            0.009642894987813923,
            0.009971283551090906,
            0.010265800304328845
        ],
        "recall": [
            0.0009324997350853026,
            0.004704885027021299,
            0.009642894987813923,
            0.019942778425347037,
            0.051329871781286424
        ],
        "f1": [
            0.0016954703967015394,
            0.0062732243525439055,
            0.009642894987813923,
            0.013295091695159512,
            0.017109715520956224
        ],
        "overlap": [
            0.000635862653666808,
            0.004704984740590031,
            0.009642894987813923,
            0.020186286041262675,
            0.05063811570430087
        ]
    }
}