{
    "ours": {
        "precision": [
            1.0,
            0.9852916242794167,
            0.7411253576348416,
            0.4999947017621939,
            0.19999660914936274
        ],
        "recall": [
            0.0999894034121013,
            0.49263537141040586,
            0.7411253576348416,
            1.0,
            1.0
        ],
        "f1": [
            0.18180066662813324,
            0.656851802139113,
            0.7411253576348416,
            0.6666619571053152,
            0.3333286238052516
        ],
        "overlap": [
            0.6663840610428148,
            0.7096473380807053,
            0.7411253576348416,
            0.7755560500577507,
            0.8231629007031777
        ]
    },
    "bl": {
        "precision": [
            1.0,
            0.9958884367582231,
            0.7485217759881319,
            0.4999947017621939,
            0.19999660914936274
        ],
        "recall": [
            0.0999894034121013,
            0.49793366535975414,
            0.7485217759881319,
            1.0,
            1.0
        ],
        "f1": [
            0.18180066662813324,
            0.6639162439775633,
            0.7485217759881319,
            0.6666619571053152,
            0.3333286238052516
        ],
        "overlap": [
            0.582662144976685,
            0.7202441505595117,
            0.7485217759881319,
            0.7769441883629504,
            0.8053227877878514
        ]
    },
    "random": {
        "precision": [
            0.009749894022891056,
            0.00932519498134961,
            0.009261417823460846,
            0.009589810429051297,
            0.009621538683247926
        ],
        "recall": [
            0.000974886086680089,
            0.004662498675426513,
            0.009261417823460846,
            0.01917982409664088,
            0.048108509060082655
        ],
        "f1": [
            0.0017725372329152455,
            0.006216708817836303,
            0.009261417823460846,
            0.012786459069202293,
            0.016035943118319827
        ],
        "overlap": [
            0.001271725307333616,
            0.0043234994913530014,
            0.009261417823460846,
            0.01968825168748874,
            0.04914190286060637
        ]
    }
}