{
    "ours": {
        "precision": [
            1.0,
            0.9465920651068158,
            0.7116032637490728,
            0.4999947017621939,
            0.19999660914936274,
            0.09999809265055874,
            0.04999904632527937
        ],
        "recall": [
            0.0999894034121013,
            0.47328600190738584,
            0.7116032637490728,
            1.0,
            1.0,
            1.0,
            1.0
        ],
        "f1": [
            0.18180066662813324,
            0.6310524605450923,
            0.7116032637490728,
            0.6666619571053152,
            0.3333286238052516,
            0.1818150291690107,
            0.095236365214355
        ],
        "overlap": [
            0.7229758372191607,
            0.678577483892845,
            0.7116032637490728,
            0.7789469222536585,
            0.8513281538089849,
            0.9166996920690291,
            0.9630016593940139
        ]
    },
    "bl": {
        "precision": [
            1.0,
            0.9632502543234995,
            0.7471018332097065,
            0.4999947017621939,
            0.19999660914936274,
            0.09999809265055874,
            0.04999904632527937
        ],
        "recall": [
            0.0999894034121013,
            0.4816149199957614,
            0.7471018332097065,
            1.0,
            1.0,
            1.0,
            1.0
        ],
        "f1": [
            0.18180066662813324,
            0.6421577631151363,
            0.7471018332097064,
            0.6666619571053152,
            0.3333286238052516,
            0.1818150291690107,
            0.095236365214355
        ],
        "overlap": [
            0.5476896990250106,
            0.6952356731095286,
            0.7471018332097065,
            0.7779826429729472,
            0.7819683040236681,
            0.8358704613030588,
            0.9123456371500809
        ]
    },
    "random": {
        "precision": [
            0.011021619330224672,
            0.009876229230247542,
            0.009452156405637385,
            0.01037394962435494,
            0.010240368924549334,
            0.010248824330997183,
            0.010139681557414397
        ],
        "recall": [
            0.0011020451414644485,
            0.004938009960792624,
            0.009452156405637385,
            0.020748119105647982,
            0.051202712726502064,
            0.1024901981561937,
            0.20279749920525592
        ],
        "f1": [
            0.0020037377415563647,
            0.00658405979343572,
            0.009452156405637385,
            0.013831981689225467,
            0.017067329768220573,
            0.018634258367306047,
            0.019313696698869617
        ],
        "overlap": [
            0.000847816871555744,
            0.004704984740590031,
            0.009452156405637385,
            0.020461794407180173,
            0.04998961551992337,
            0.09999385409624485,
            0.19997393289096954
        ]
    }
}