{
    "ours": {
        "precision": [
            1.0,
            0.9482451678535097,
            0.7126841157147399,
            0.4999947017621939,
            0.19999660914936274,
            0.09999809265055874,
            0.04999904632527937
        ],
        "recall": [
            0.0999894034121013,
            0.47411253576348417,
            0.7126841157147399,
            1.0,
            1.0,
            1.0,
            1.0
        ],
        "f1": [
            0.18180066662813324,
            0.6321545134718906,
            0.71268411571474,
            0.6666619571053152,
            0.3333286238052516,
            0.1818150291690107,
            0.095236365214355
        ],
        "overlap": [
            0.7244595167443832,
            0.6802305866395388,
            0.7126841157147399,
            0.7790422905341683,
            0.8340305769956216,
            0.848408104963559,
            0.9133194450036981
        ]
    },
    "bl": {
        "precision": [
            1.0,
            0.9632502543234995,
            0.7471018332097065,
            0.4999947017621939,
            0.19999660914936274,
            0.09999809265055874,
            0.04999904632527937
        ],
        "recall": [
            0.0999894034121013,
            0.4816149199957614,
            0.7471018332097065,
            1.0,
            1.0,
            1.0,
            1.0
        ],
        "f1": [
            0.18180066662813324,
            0.6421577631151363,
            0.7471018332097064,
            0.6666619571053152,
            0.3333286238052516,
            0.1818150291690107,
            0.095236365214355
        ],
        "overlap": [
            0.5476896990250106,
            0.6952356731095286,
            0.7471018332097065,
            0.7779826429729472,
            0.7819683040236681,
            0.8358704613030588,
            0.9123456371500809
        ]
    },
    "random": {
        "precision": [
            0.009961848240779992,
            0.010257714479484571,
            0.01053300837130444,
            0.010130230685274078,
            0.010223414671362995,
            0.010151337581777607,
            0.010078222519862925
        ],
        "recall": [
            0.0009960792624774822,
            0.005128748542969164,
            0.01053300837130444,
            0.02026067606230794,
            0.05111794002331249,
            0.10151531206951361,
            0.2015682950090071
        ],
        "f1": [
            0.001811070651022099,
            0.006838379699619933,
            0.01053300837130444,
            0.01350702195597502,
            0.017039072599730143,
            0.018457009425019846,
            0.01919663175911265
        ],
        "overlap": [
            0.001483679525222552,
            0.005256018989487962,
            0.01053300837130444,
            0.020334636699833635,
            0.05045161891925113,
            0.10037108543018147,
            0.20023460398127407
        ]
    }
}