{
    "ours": {
        "precision": [
            1.0,
            0.9938114615123771,
            0.7574441029988344,
            0.4999947017621939,
            0.19999660914936274,
            0.09999809265055874,
            0.04999904632527937
        ],
        "recall": [
            0.0999894034121013,
            0.4968951997456819,
            0.7574441029988344,
            1.0,
            1.0,
            1.0,
            1.0
        ],
        "f1": [
            0.18180066662813324,
            0.6625316133772271,
            0.7574441029988344,
            0.6666619571053152,
            0.3333286238052516,
            0.1818150291690107,
            0.095236365214355
        ],
        "overlap": [
            0.7094107672742688,
            0.7040522210918956,
            0.7574441029988344,
            0.7989000858314524,
            0.864154046344451,
            0.9143261016532481,
            0.9607361521132373
        ]
    },
    "bl": {
        "precision": [
            1.0,
            0.9307392336385215,
            0.7007311645650101,
            0.4999947017621939,
            0.19999660914936274,
            0.09999809265055874,
            0.04999904632527937
        ],
        "recall": [
            0.0999894034121013,
            0.46535975415916075,
            0.7007311645650101,
            1.0,
            1.0,
            1.0,
            1.0
        ],
        "f1": [
            0.18180066662813324,
            0.6204840555547707,
            0.7007311645650101,
            0.6666619571053152,
            0.3333286238052516,
            0.1818150291690107,
            0.095236365214355
        ],
        "overlap": [
            0.48855447223399745,
            0.64097999321804,
            0.7007311645650101,
            0.7416261351474499,
            0.76111457260447,
            0.7924337566942667,
            0.8647286583492102
        ]
    },
    "random": {
        "precision": [
            0.006570580754557015,
            0.009198033231603934,
            0.009452156405637385,
            0.009621599855887931,
            0.0099394309304918,
            0.009924574925984246,
            0.009867354442746668
        ],
        "recall": [
            0.0006569884497191904,
            0.004598919148034333,
            0.009452156405637385,
            0.01924340362403306,
            0.049697997244887146,
            0.09924764225919254,
            0.19735085302532585
        ],
        "f1": [
            0.001194535961312448,
            0.006131935515774898,
            0.009452156405637385,
            0.012828845121365397,
            0.01656576502751542,
            0.018044712972310632,
            0.018794977914084424
        ],
        "overlap": [
            0.000847816871555744,
            0.004620210240759579,
            0.009452156405637385,
            0.019105445528817114,
            0.05005319396937214,
            0.10026724084949105,
            0.20004598831430576
        ]
    }
}