{
    "ours": {
        "precision": [
            1.0,
            0.993981010512038,
            0.7579739323937692,
            0.4999947017621939,
            0.19999660914936274,
            0.09999809265055874,
            0.04999904632527937
        ],
        "recall": [
            0.0999894034121013,
            0.4969799724488715,
            0.7579739323937692,
            1.0,
            1.0,
            1.0,
            1.0
        ],
        "f1": [
            0.18180066662813324,
            0.6626446444466424,
            0.7579739323937692,
            0.6666619571053152,
            0.3333286238052516,
            0.1818150291690107,
            0.095236365214355
        ],
        "overlap": [
            0.7094107672742688,
            0.7042217700915565,
            0.7579739323937692,
            0.802036642612667,
            0.8105446977692441,
            0.8102738318014492,
            0.8688835012154055
        ]
    },
    "bl": {
        "precision": [
            1.0,
            0.9307392336385215,
            0.7007311645650101,
            0.4999947017621939,
            0.19999660914936274,
            0.09999809265055874,
            0.04999904632527937
        ],
        "recall": [
            0.0999894034121013,
            0.46535975415916075,
            0.7007311645650101,
            1.0,
            1.0,
            1.0,
            1.0
        ],
        "f1": [
            0.18180066662813324,
            0.6204840555547707,
            0.7007311645650101,
            0.6666619571053152,
            0.3333286238052516,
            0.1818150291690107,
            0.095236365214355
        ],
        "overlap": [
            0.48855447223399745,
            0.64097999321804,
            0.7007311645650101,
            0.7416261351474499,
            0.76111457260447,
            0.7924337566942667,
            0.8647286583492102
        ]
    },
    "random": {
        "precision": [
            0.009961848240779992,
            0.010596812478806375,
            0.009939599448977429,
            0.010331563721906094,
            0.010079303519279105,
            0.010011465289419085,
            0.00991715745593493
        ],
        "recall": [
            0.0009960792624774822,
            0.00529829394934831,
            0.009939599448977429,
            0.02066334640245841,
            0.05039737204620112,
            0.10011656246688566,
            0.19834693228780334
        ],
        "f1": [
            0.001811070651022099,
            0.007064441838450345,
            0.009939599448977429,
            0.013775466953007996,
            0.016798886667561477,
            0.0182026957252179,
            0.018889840882508176
        ],
        "overlap": [
            0.001271725307333616,
            0.005722278738555442,
            0.009939599448977429,
            0.020165093090038253,
            0.049298729702580014,
            0.09987305529829886,
            0.20031513651323807
        ]
    }
}