{
    "ours": {
        "precision": [
            1.0,
            0.9373516446252967,
            0.7138921267351913,
            0.4999947017621939,
            0.19999660914936274,
            0.09999809265055874,
            0.04999904632527937
        ],
        "recall": [
            0.0999894034121013,
            0.4686658895835541,
            0.7138921267351913,
            1.0,
            1.0,
            1.0,
            1.0
        ],
        "f1": [
            0.18180066662813324,
            0.6248922672619637,
            0.7138921267351912,
            0.6666619571053152,
            0.3333286238052516,
            0.1818150291690107,
            0.095236365214355
        ],
        "overlap": [
            0.5546841882153455,
            0.6693370634113259,
            0.7138921267351913,
            0.7742526835574488,
            0.8529176150452042,
            0.9135822353711596,
            0.9633958449452061
        ]
    },
    "bl": {
        "precision": [
            1.0,
            0.8689386232621228,
            0.6992900286107874,
            0.4999947017621939,
            0.19999660914936274,
            0.09999809265055874,
            0.04999904632527937
        ],
        "recall": [
            0.0999894034121013,
            0.4344601038465614,
            0.6992900286107874,
            1.0,
            1.0,
            1.0,
            1.0
        ],
        "f1": [
            0.18180066662813324,
            0.5792842307529282,
            0.6992900286107874,
            0.6666619571053152,
            0.3333286238052516,
            0.1818150291690107,
            0.095236365214355
        ],
        "overlap": [
            0.32471386180584993,
            0.6009240420481519,
            0.6992900286107874,
            0.7686895338610378,
            0.7988377859440764,
            0.8419146397546725,
            0.9173736222049383
        ]
    },
    "random": {
        "precision": [
            0.011021619330224672,
            0.009664292980671414,
            0.010003178976369608,
            0.010342160197518305,
            0.01040567289311615,
            0.01007080504981361,
            0.010089878544226135
        ],
        "recall": [
            0.0011020451414644485,
            0.004832044081805658,
            0.010003178976369608,
            0.020684539578255803,
            0.0520292465826004,
            0.10070997138921267,
            0.20180141994277842
        ],
        "f1": [
            0.0020037377415563647,
            0.006442770956666713,
            0.010003178976369608,
            0.013789595637062365,
            0.017342837161002284,
            0.018310586385739937,
            0.019218833730445865
        ],
        "overlap": [
            0.001271725307333616,
            0.004408273991183452,
            0.010003178976369608,
            0.02006972480952835,
            0.05038380190650577,
            0.09953820950750118,
            0.1997026654148803
        ]
    }
}