{
    "ours": {
        "precision": [
            1.0,
            0.9408697863682605,
            0.7157783193811592,
            0.4999947017621939,
            0.19999660914936274,
            0.09999809265055874,
            0.04999904632527937
        ],
        "recall": [
            0.0999894034121013,
            0.4704249231747377,
            0.7157783193811592,
            1.0,
            1.0,
            1.0,
            1.0
        ],
        "f1": [
            0.18180066662813324,
            0.6272376619523291,
            0.7157783193811592,
            0.6666619571053152,
            0.3333286238052516,
            0.1818150291690107,
            0.095236365214355
        ],
        "overlap": [
            0.5555320050869013,
            0.6728552051542895,
            0.7157783193811592,
            0.7739877716671435,
            0.8436817856219456,
            0.8520829315537056,
            0.9202420638368666
        ]
    },
    "bl": {
        "precision": [
            1.0,
            0.8689386232621228,
            0.6992900286107874,
            0.4999947017621939,
            0.19999660914936274,
            0.09999809265055874,
            0.04999904632527937
        ],
        "recall": [
            0.0999894034121013,
            0.4344601038465614,
            0.6992900286107874,
            1.0,
            1.0,
            1.0,
            1.0
        ],
        "f1": [
            0.18180066662813324,
            0.5792842307529282,
            0.6992900286107874,
            0.6666619571053152,
            0.3333286238052516,
            0.1818150291690107,
            0.095236365214355
        ],
        "overlap": [
            0.32471386180584993,
            0.6009240420481519,
            0.6992900286107874,
            0.7686895338610378,
            0.7988377859440764,
            0.8419146397546725,
            0.9173736222049383
        ]
    },
    "random": {
        "precision": [
            0.009961848240779992,
            0.009833841980332316,
            0.010045565327964396,
            0.010215002490171769,
            0.009922476677305461,
            0.009994511072163507,
            0.010086699628490714
        ],
        "recall": [
            0.0009960792624774822,
            0.004916816784995231,
            0.010045565327964396,
            0.020430221468687084,
            0.04961322454169757,
            0.09994701706050652,
            0.20173784041538625
        ],
        "f1": [
            0.001811070651022099,
            0.006555802026081919,
            0.010045565327964396,
            0.013620051428409958,
            0.016537507859024986,
            0.018171869822211605,
            0.01921277864735499
        ],
        "overlap": [
            0.00105977108944468,
            0.00423872499152255,
            0.010045565327964396,
            0.020366426126670268,
            0.04915885711379271,
            0.10010193723124916,
            0.20043593531118406
        ]
    }
}