{
    "ours": {
        "precision": [
            1.0,
            0.9479060698541879,
            0.7165412737098654,
            0.4999947017621939,
            0.19999660914936274,
            0.09999809265055874,
            0.04999904632527937
        ],
        "recall": [
            0.0999894034121013,
            0.473942990357105,
            0.7165412737098654,
            1.0,
            1.0,
            1.0,
            1.0
        ],
        "f1": [
            0.18180066662813324,
            0.6319284513330602,
            0.7165412737098654,
            0.6666619571053152,
            0.3333286238052516,
            0.1818150291690107,
            0.095236365214355
        ],
        "overlap": [
            0.5682492581602374,
            0.679891488640217,
            0.7165412737098654,
            0.766845747104513,
            0.8531125889568472,
            0.9152352715535785,
            0.9628893377046956
        ]
    },
    "bl": {
        "precision": [
            1.0,
            0.965963038318074,
            0.7405319487125146,
            0.4999947017621939,
            0.19999660914936274,
            0.09999809265055874,
            0.04999904632527937
        ],
        "recall": [
            0.0999894034121013,
            0.48297128324679456,
            0.7405319487125146,
            1.0,
            1.0,
            1.0,
            1.0
        ],
        "f1": [
            0.18180066662813324,
            0.6439662602257796,
            0.7405319487125145,
            0.6666619571053152,
            0.3333286238052516,
            0.1818150291690107,
            0.095236365214355
        ],
        "overlap": [
            0.5621025858414582,
            0.6979484571041031,
            0.7405319487125146,
            0.7658602748725774,
            0.7716728337762632,
            0.8194397055052463,
            0.8954878470051435
        ]
    },
    "random": {
        "precision": [
            0.011021619330224672,
            0.01110545947778908,
            0.010490622019709654,
            0.010797808648843395,
            0.01043110427289566,
            0.010214915896486026,
            0.009971199023437086
        ],
        "recall": [
            0.0011020451414644485,
            0.0055526120589170285,
            0.010490622019709654,
            0.02159584613754371,
            0.05215640563738476,
            0.10215110734343541,
            0.19942778425347038
        ],
        "f1": [
            0.0020037377415563647,
            0.00740353504669596,
            0.010490622019709654,
            0.014397129051400155,
            0.017385222913737928,
            0.01857260656129345,
            0.018992777295053095
        ],
        "overlap": [
            0.001695633743111488,
            0.005637504238724992,
            0.010490622019709654,
            0.020345233175445846,
            0.05012948810871067,
            0.10063175652048599,
            0.20041898109392847
        ]
    }
}