{
    "ours": {
        "precision": [
            1.0,
            0.9495167853509664,
            0.71959309102469,
            0.4999947017621939,
            0.19999660914936274,
            0.09999809265055874,
            0.04999904632527937
        ],
        "recall": [
            0.0999894034121013,
            0.47474833103740594,
            0.71959309102469,
            1.0,
            1.0,
            1.0,
            1.0
        ],
        "f1": [
            0.18180066662813324,
            0.6330022464925046,
            0.7195930910246902,
            0.6666619571053152,
            0.3333286238052516,
            0.1818150291690107,
            0.095236365214355
        ],
        "overlap": [
            0.5682492581602374,
            0.6815022041369956,
            0.71959309102469,
            0.7707982325078678,
            0.8280330099309539,
            0.8374450842306707,
            0.8955090397767129
        ]
    },
    "bl": {
        "precision": [
            1.0,
            0.965963038318074,
            0.7405319487125146,
            0.4999947017621939,
            0.19999660914936274,
            0.09999809265055874,
            0.04999904632527937
        ],
        "recall": [
            0.0999894034121013,
            0.48297128324679456,
            0.7405319487125146,
            1.0,
            1.0,
            1.0,
            1.0
        ],
        "f1": [
            0.18180066662813324,
            0.6439662602257796,
            0.7405319487125145,
            0.6666619571053152,
            0.3333286238052516,
            0.1818150291690107,
            0.095236365214355
        ],
        "overlap": [
            0.5621025858414582,
            0.6979484571041031,
            0.7405319487125146,
            0.7658602748725774,
            0.7716728337762632,
            0.8194397055052463,
            0.8954878470051435
        ]
    },
    "random": {
        "precision": [
            0.008690122933446376,
            0.010045778229908443,
            0.009770054042598283,
            0.00999247650231533,
            0.01016831334850739,
            0.010066566495499715,
            0.010093057459961556
        ],
        "recall": [
            0.0008689202076931228,
            0.005022782663982198,
            0.009770054042598283,
            0.019985164776941823,
            0.05084242873794638,
            0.10066758503761788,
            0.20186499947017061
        ],
        "f1": [
            0.0015798701423809798,
            0.006697090862850926,
            0.009770054042598283,
            0.013323349063268248,
            0.01694723680213624,
            0.018302879909988364,
            0.019224888813536744
        ],
        "overlap": [
            0.001271725307333616,
            0.0054255679891488644,
            0.009770054042598283,
            0.019730637589937587,
            0.05012948810871067,
            0.10067626134078189,
            0.20044123350407642
        ]
    }
}