{
    "ours": {
        "precision": [
            1.0,
            0.9606646320786707,
            0.7322666101515312,
            0.4999947017621939,
            0.19999660914936274
        ],
        "recall": [
            0.0999894034121013,
            0.4803221362721204,
            0.7322666101515312,
            1.0,
            1.0
        ],
        "f1": [
            0.18180066662813324,
            0.6404340393065544,
            0.7322666101515312,
            0.6666619571053152,
            0.3333286238052516
        ],
        "overlap": [
            0.6701992369648156,
            0.6899372668701255,
            0.7322666101515312,
            0.7725148615570461,
            0.8491452937112436
        ]
    },
    "bl": {
        "precision": [
            1.0,
            0.9891488640217023,
            0.765179612164883,
            0.4999947017621939,
            0.19999660914936274
        ],
        "recall": [
            0.0999894034121013,
            0.49456395040796863,
            0.765179612164883,
            1.0,
            1.0
        ],
        "f1": [
            0.18180066662813324,
            0.6594232589683089,
            0.765179612164883,
            0.6666619571053152,
            0.3333286238052516
        ],
        "overlap": [
            0.5341246290801187,
            0.718421498813157,
            0.765179612164883,
            0.7948310391963633,
            0.7924460324928262
        ]
    },
    "random": {
        "precision": [
            0.009749894022891056,
            0.010342488979315022,
            0.009981985800572215,
            0.009716968136397833,
            0.009740218455552306
        ],
        "recall": [
            0.000974886086680089,
            0.005171134894563951,
            0.009981985800572215,
            0.0194341422062096,
            0.048701917982409665
        ],
        "f1": [
            0.0017725372329152455,
            0.0068948952343275355,
            0.009981985800572215,
            0.0129560032778547,
            0.01623374329775285
        ],
        "overlap": [
            0.00105977108944468,
            0.005213631739572736,
            0.009981985800572215,
            0.02029225079738479,
            0.04945555654455366
        ]
    }
}