{
    "ours": {
        "precision": [
            1.0,
            0.9616395388267209,
            0.7346402458408392,
            0.4999947017621939,
            0.19999660914936274
        ],
        "recall": [
            0.0999894034121013,
            0.4808095793154604,
            0.7346402458408392,
            1.0,
            1.0
        ],
        "f1": [
            0.18180066662813324,
            0.6410839679556919,
            0.7346402458408392,
            0.6666619571053152,
            0.3333286238052516
        ],
        "overlap": [
            0.6708350996184824,
            0.6909121736181757,
            0.7346402458408392,
            0.7750580157039768,
            0.8377647512599129
        ]
    },
    "bl": {
        "precision": [
            1.0,
            0.9891488640217023,
            0.765179612164883,
            0.4999947017621939,
            0.19999660914936274
        ],
        "recall": [
            0.0999894034121013,
            0.49456395040796863,
            0.765179612164883,
            1.0,
            1.0
        ],
        "f1": [
            0.18180066662813324,
            0.6594232589683089,
            0.765179612164883,
            0.6666619571053152,
            0.3333286238052516
        ],
        "overlap": [
            0.5341246290801187,
            0.718421498813157,
            0.765179612164883,
            0.7948310391963633,
            0.7924460324928262
        ]
    },
    "random": {
        "precision": [
            0.010173802458668928,
            0.009876229230247542,
            0.00962170181201653,
            0.010140827160886288,
            0.01012592771554154
        ],
        "recall": [
            0.0010172724382748754,
            0.004938009960792624,
            0.00962170181201653,
            0.02028186923810533,
            0.05063049697997245
        ],
        "f1": [
            0.0018496040691289518,
            0.00658405979343572,
            0.00962170181201653,
            0.013521150640029386,
            0.016876593880910163
        ],
        "overlap": [
            0.001271725307333616,
            0.004620210240759579,
            0.00962170181201653,
            0.019815409394835278,
            0.050205782248049204
        ]
    }
}