{
    "ours": {
        "precision": [
            1.0,
            0.9164971176670058,
            0.7290876337819222,
            0.4999947017621939,
            0.19999660914936274,
            0.09999809265055874,
            0.04999904632527937
        ],
        "recall": [
            0.0999894034121013,
            0.45823884709123663,
            0.7290876337819222,
            1.0,
            1.0,
            1.0,
            1.0
        ],
        "f1": [
            0.18180066662813324,
            0.6109894457238934,
            0.7290876337819223,
            0.6666619571053152,
            0.3333286238052516,
            0.1818150291690107,
            0.095236365214355
        ],
        "overlap": [
            0.562738448495125,
            0.6450491692099016,
            0.7290876337819222,
            0.7687954986171599,
            0.8425458506584608,
            0.832598297372732,
            0.889430952890588
        ]
    },
    "bl": {
        "precision": [
            1.0,
            0.9915225500169549,
            0.7867542651266293,
            0.4999947017621939,
            0.19999660914936274,
            0.09999809265055874,
            0.04999904632527937
        ],
        "recall": [
            0.0999894034121013,
            0.49575076825262265,
            0.7867542651266293,
            1.0,
            1.0,
            1.0,
            1.0
        ],
        "f1": [
            0.18180066662813324,
            0.6610056939401219,
            0.7867542651266292,
            0.6666619571053152,
            0.3333286238052516,
            0.1818150291690107,
            0.095236365214355
        ],
        "overlap": [
            0.4448919033488766,
            0.7200746015598508,
            0.7867542651266293,
            0.8170518485551705,
            0.814927372217913,
            0.809557516122401,
            0.8913849264292935
        ]
    },
    "random": {
        "precision": [
            0.008690122933446376,
            0.009282807731434384,
            0.009536929108826957,
            0.009738161087622257,
            0.009727502765662551,
            0.010030538783831611,
            0.010066566495499715
        ],
        "recall": [
            0.0008689202076931228,
            0.004641305499629119,
            0.009536929108826957,
            0.019476528557804386,
            0.048638338455017485,
            0.1003073010490622,
            0.20133517007523577
        ],
        "f1": [
            0.0015798701423809798,
            0.006188451050482502,
            0.009536929108826957,
            0.012984260645963435,
            0.016212550421385027,
            0.018237374866099984,
            0.01917442978777943
        ],
        "overlap": [
            0.000635862653666808,
            0.004832146490335707,
            0.009536929108826957,
            0.019645865785039896,
            0.04959119057004438,
            0.10048340711949968,
            0.19985843228591593
        ]
    }
}