{
    "ours": {
        "precision": [
            1.0,
            0.916158019667684,
            0.727943202288863,
            0.4999947017621939,
            0.19999660914936274,
            0.09999809265055874,
            0.04999904632527937
        ],
        "recall": [
            0.0999894034121013,
            0.4580693016848575,
            0.727943202288863,
            1.0,
            1.0,
            1.0,
            1.0
        ],
        "f1": [
            0.18180066662813324,
            0.610763383585063,
            0.727943202288863,
            0.6666619571053152,
            0.3333286238052516,
            0.1818150291690107,
            0.095236365214355
        ],
        "overlap": [
            0.562738448495125,
            0.6447100712105799,
            0.727943202288863,
            0.7662735374214537,
            0.8533838570078286,
            0.910793266632617,
            0.9570422520286781
        ]
    },
    "bl": {
        "precision": [
            1.0,
            0.9915225500169549,
            0.7867542651266293,
            0.4999947017621939,
            0.19999660914936274,
            0.09999809265055874,
            0.04999904632527937
        ],
        "recall": [
            0.0999894034121013,
            0.49575076825262265,
            0.7867542651266293,
            1.0,
            1.0,
            1.0,
            1.0
        ],
        "f1": [
            0.18180066662813324,
            0.6610056939401219,
            0.7867542651266292,
            0.6666619571053152,
            0.3333286238052516,
            0.1818150291690107,
            0.095236365214355
        ],
        "overlap": [
            0.4448919033488766,
            0.7200746015598508,
            0.7867542651266293,
            0.8170518485551705,
            0.814927372217913,
            0.809557516122401,
            0.8913849264292935
        ]
    },
    "random": {
        "precision": [
            0.0105977108944468,
            0.010766361478467277,
            0.010448235668114867,
            0.010151423636498501,
            0.009930953803898631,
            0.009854638779804983,
            0.009957423721916929
        ],
        "recall": [
            0.0010596587898696619,
            0.005383066652537883,
            0.010448235668114867,
            0.020303062413902725,
            0.04965561089329236,
            0.09854826745787856,
            0.19915227296810428
        ],
        "f1": [
            0.0019266709053426582,
            0.00717747290786555,
            0.010448235668114867,
            0.013535279324083755,
            0.016551636443270203,
            0.01791755612240966,
            0.018966538601659297
        ],
        "overlap": [
            0.001483679525222552,
            0.005171244489657511,
            0.010448235668114867,
            0.020514776785241228,
            0.049887890000805325,
            0.10057453603724842,
            0.2003702377193187
        ]
    }
}