{
    "ours": {
        "precision": [
            1.0,
            1.0,
            0.7367595634205786,
            0.4999947017621939,
            0.19999660914936274,
            0.09999809265055874,
            0.04999904632527937
        ],
        "recall": [
            0.0999894034121013,
            0.4999894034121013,
            0.7367595634205786,
            1.0,
            1.0,
            1.0,
            1.0
        ],
        "f1": [
            0.18180066662813324,
            0.6666572474108821,
            0.7367595634205786,
            0.6666619571053152,
            0.3333286238052516,
            0.1818150291690107,
            0.095236365214355
        ],
        "overlap": [
            0.6911827045358203,
            0.736648016276704,
            0.7367595634205786,
            0.7950747581354441,
            0.8669387824303074,
            0.9151526197444576,
            0.9605708484949953
        ]
    },
    "bl": {
        "precision": [
            1.0,
            1.0,
            0.7727243827487549,
            0.4999947017621939,
            0.19999660914936274,
            0.09999809265055874,
            0.04999904632527937
        ],
        "recall": [
            0.0999894034121013,
            0.4999894034121013,
            0.7727243827487549,
            1.0,
            1.0,
            1.0,
            1.0
        ],
        "f1": [
            0.18180066662813324,
            0.6666572474108821,
            0.7727243827487549,
            0.6666619571053152,
            0.3333286238052516,
            0.1818150291690107,
            0.095236365214355
        ],
        "overlap": [
            0.48198389147944043,
            0.716726008816548,
            0.7727243827487549,
            0.8008710302953238,
            0.7962268309533801,
            0.8294130238058403,
            0.9152352715535785
        ]
    },
    "random": {
        "precision": [
            0.010809665112335736,
            0.010808748728382502,
            0.010427042492317474,
            0.00998188002670312,
            0.009536767417316227,
            0.009625756846854674,
            0.00988536829858072
        ],
        "recall": [
            0.0010808519656670553,
            0.005404259828335276,
            0.010427042492317474,
            0.01996397160114443,
            0.04768464554413479,
            0.0962594044717601,
            0.19771113701388154
        ],
        "f1": [
            0.0019652043234495114,
            0.007205730675219351,
            0.010427042492317474,
            0.01330922037921388,
            0.015894657275867672,
            0.017501406431824663,
            0.018829290051599397
        ],
        "overlap": [
            0.001271725307333616,
            0.005340793489318413,
            0.010427042492317474,
            0.020641934492587766,
            0.05022697506453212,
            0.09994087216732117,
            0.199934726263566
        ]
    }
}