{
    "ours": {
        "precision": [
            1.0,
            1.0,
            0.7379463812652326,
            0.4999947017621939,
            0.19999660914936274,
            0.09999809265055874,
            0.04999904632527937
        ],
        "recall": [
            0.0999894034121013,
            0.4999894034121013,
            0.7379463812652326,
            1.0,
            1.0,
            1.0,
            1.0
        ],
        "f1": [
            0.18180066662813324,
            0.6666572474108821,
            0.7379463812652325,
            0.6666619571053152,
            0.3333286238052516,
            0.1818150291690107,
            0.095236365214355
        ],
        "overlap": [
            0.6913946587537092,
            0.7374533740250933,
            0.7379463812652326,
            0.7989106823070646,
            0.844648178053567,
            0.8429107000184377,
            0.9141417245405937
        ]
    },
    "bl": {
        "precision": [
            1.0,
            1.0,
            0.7727243827487549,
            0.4999947017621939,
            0.19999660914936274,
            0.09999809265055874,
            0.04999904632527937
        ],
        "recall": [
            0.0999894034121013,
            0.4999894034121013,
            0.7727243827487549,
            1.0,
            1.0,
            1.0,
            1.0
        ],
        "f1": [
            0.18180066662813324,
            0.6666572474108821,
            0.7727243827487549,
            0.6666619571053152,
            0.3333286238052516,
            0.1818150291690107,
            0.095236365214355
        ],
        "overlap": [
            0.48198389147944043,
            0.716726008816548,
            0.7727243827487549,
            0.8008710302953238,
            0.7962268309533801,
            0.8294130238058403,
            0.9152352715535785
        ]
    },
    "random": {
        "precision": [
            0.012293344637558287,
            0.009070871481858258,
            0.00921903147186606,
            0.009642792807112355,
            0.00982922828478059,
            0.009613041183912992,
            0.009799537573724353
        ],
        "recall": [
            0.0012292041962488078,
            0.004535339620642153,
            0.00921903147186606,
            0.019285789975627847,
            0.04914697467415492,
            0.09613224541697574,
            0.19599448977429268
        ],
        "f1": [
            0.0022349382501974835,
            0.006047162213713495,
            0.00921903147186606,
            0.012857102489474132,
            0.016382093432327615,
            0.017478287004569944,
            0.0186658028081457
        ],
        "overlap": [
            0.001271725307333616,
            0.004832146490335707,
            0.00921903147186606,
            0.01991077767534518,
            0.05034141627353992,
            0.0996335769795638,
            0.1994176226372709
        ]
    }
}