{
    "ours": {
        "precision": [
            1.0,
            0.9670227195659545,
            0.7212885450884815,
            0.4999947017621939,
            0.19999660914936274,
            0.09999809265055874,
            0.04999904632527937
        ],
        "recall": [
            0.0999894034121013,
            0.48350111264172935,
            0.7212885450884815,
            1.0,
            1.0,
            1.0,
            1.0
        ],
        "f1": [
            0.18180066662813324,
            0.6446727044096245,
            0.7212885450884815,
            0.6666619571053152,
            0.3333286238052516,
            0.1818150291690107,
            0.095236365214355
        ],
        "overlap": [
            0.5671894870707928,
            0.6955747711088505,
            0.7212885450884815,
            0.77732566148499,
            0.8308007917636238,
            0.8380787481005979,
            0.8905435733979854
        ]
    },
    "bl": {
        "precision": [
            1.0,
            0.9734655815530688,
            0.7534597859489245,
            0.4999947017621939,
            0.19999660914936274,
            0.09999809265055874,
            0.04999904632527937
        ],
        "recall": [
            0.0999894034121013,
            0.4867224753629331,
            0.7534597859489245,
            1.0,
            1.0,
            1.0,
            1.0
        ],
        "f1": [
            0.18180066662813324,
            0.6489678850474023,
            0.7534597859489245,
            0.6666619571053152,
            0.3333286238052516,
            0.1818150291690107,
            0.095236365214355
        ],
        "overlap": [
            0.5404832556167868,
            0.7020176330959648,
            0.7534597859489245,
            0.7893738542560744,
            0.8061662618838719,
            0.8217963417037717,
            0.8904037011056269
        ]
    },
    "random": {
        "precision": [
            0.010385756676557863,
            0.010088165479823668,
            0.010363462964925295,
            0.010193809538947347,
            0.01030394737399811,
            0.010022061675203822,
            0.009978616493486402
        ],
        "recall": [
            0.0010384656140722686,
            0.005043975839779591,
            0.010363462964925295,
            0.020387835117092298,
            0.05152061036346296,
            0.10022252834587263,
            0.19957613648405215
        ],
        "f1": [
            0.0018881374872358049,
            0.006725348630204729,
            0.010363462964925295,
            0.013591794060301225,
            0.017173294150059693,
            0.018221961914596834,
            0.019006905822265142
        ],
        "overlap": [
            0.000211954217888936,
            0.005510342488979315,
            0.010363462964925295,
            0.020006145955855082,
            0.050727125533529156,
            0.10060844447175957,
            0.20017208530514413
        ]
    }
}