{
    "ours": {
        "precision": [
            1.0,
            0.9670227195659545,
            0.7206951361661545,
            0.4999947017621939,
            0.19999660914936274,
            0.09999809265055874,
            0.04999904632527937
        ],
        "recall": [
            0.0999894034121013,
            0.48350111264172935,
            0.7206951361661545,
            1.0,
            1.0,
            1.0,
            1.0
        ],
        "f1": [
            0.18180066662813324,
            0.6446727044096245,
            0.7206951361661545,
            0.6666619571053152,
            0.3333286238052516,
            0.1818150291690107,
            0.095236365214355
        ],
        "overlap": [
            0.5671894870707928,
            0.6955747711088505,
            0.7206951361661545,
            0.7795827107903911,
            0.8466360642396653,
            0.9063978858091082,
            0.9568769484104361
        ]
    },
    "bl": {
        "precision": [
            1.0,
            0.9734655815530688,
            0.7534597859489245,
            0.4999947017621939,
            0.19999660914936274,
            0.09999809265055874,
            0.04999904632527937
        ],
        "recall": [
            0.0999894034121013,
            0.4867224753629331,
            0.7534597859489245,
            1.0,
            1.0,
            1.0,
            1.0
        ],
        "f1": [
            0.18180066662813324,
            0.6489678850474023,
            0.7534597859489245,
            0.6666619571053152,
            0.3333286238052516,
            0.1818150291690107,
            0.095236365214355
        ],
        "overlap": [
            0.5404832556167868,
            0.7020176330959648,
            0.7534597859489245,
            0.7893738542560744,
            0.8061662618838719,
            0.8217963417037717,
            0.8904037011056269
        ]
    },
    "random": {
        "precision": [
            0.008266214497668503,
            0.009409969481180062,
            0.010003178976369608,
            0.009960687075478696,
            0.009782604088518157,
            0.009871592997060563,
            0.009977556854907928
        ],
        "recall": [
            0.0008265338560983364,
            0.004704885027021299,
            0.010003178976369608,
            0.019921585249549643,
            0.0489138497403836,
            0.09871781286425771,
            0.19955494330825474
        ],
        "f1": [
            0.0015028033061672734,
            0.0062732243525439055,
            0.010003178976369608,
            0.013280963011105144,
            0.016304386218978926,
            0.017948382025415956,
            0.019004887461234854
        ],
        "overlap": [
            0.00105977108944468,
            0.005171244489657511,
            0.010003178976369608,
            0.01998495300463066,
            0.04876043216391372,
            0.09883460949139468,
            0.19968889011336013
        ]
    }
}