{
    "ours": {
        "precision": [
            1.0,
            0.93421498813157,
            0.7131503655822825,
            0.4999947017621939,
            0.19999660914936274,
            0.09999809265055874,
            0.04999904632527937
        ],
        "recall": [
            0.0999894034121013,
            0.46709759457454697,
            0.7131503655822825,
            1.0,
            1.0,
            1.0,
            1.0
        ],
        "f1": [
            0.18180066662813324,
            0.6228011924777823,
            0.7131503655822825,
            0.6666619571053152,
            0.3333286238052516,
            0.1818150291690107,
            0.095236365214355
        ],
        "overlap": [
            0.5665536244171259,
            0.6627670396744659,
            0.7131503655822825,
            0.7736274914963284,
            0.8516418074929322,
            0.9082225834412399,
            0.9570751008246108
        ]
    },
    "bl": {
        "precision": [
            1.0,
            0.9320956256358087,
            0.7203772385291936,
            0.4999947017621939,
            0.19999660914936274,
            0.09999809265055874,
            0.04999904632527937
        ],
        "recall": [
            0.0999894034121013,
            0.46603793578467734,
            0.7203772385291936,
            1.0,
            1.0,
            1.0,
            1.0
        ],
        "f1": [
            0.18180066662813324,
            0.6213883041100923,
            0.7203772385291934,
            0.6666619571053152,
            0.3333286238052516,
            0.1818150291690107,
            0.095236365214355
        ],
        "overlap": [
            0.5016956337431114,
            0.6606476771787047,
            0.7203772385291936,
            0.7772620826313168,
            0.7880591194808607,
            0.8148684246777109,
            0.8938125584125767
        ]
    },
    "random": {
        "precision": [
            0.011233573548113607,
            0.010469650729060698,
            0.00968528133940871,
            0.009716968136397833,
            0.01020222185488007,
            0.010096236375696977,
            0.010051731555401084
        ],
        "recall": [
            0.0011232383172618417,
            0.00523471442195613,
            0.00968528133940871,
            0.0194341422062096,
            0.051011974144325525,
            0.10096428949878139,
            0.20103846561407226
        ],
        "f1": [
            0.002042271159663218,
            0.00697966853638894,
            0.00968528133940871,
            0.0129560032778547,
            0.017003751139117104,
            0.018356825240249383,
            0.019146172733355334
        ],
        "overlap": [
            0.001483679525222552,
            0.00546795523906409,
            0.00968528133940871,
            0.019592883406978838,
            0.049777687355094115,
            0.09975013722319591,
            0.19952676541085368
        ]
    }
}