{
    "ours": {
        "precision": [
            1.0,
            0.9345116988809766,
            0.7137437745046095,
            0.4999947017621939,
            0.19999660914936274,
            0.09999809265055874,
            0.04999904632527937
        ],
        "recall": [
            0.0999894034121013,
            0.46724594680512876,
            0.7137437745046095,
            1.0,
            1.0,
            1.0,
            1.0
        ],
        "f1": [
            0.18180066662813324,
            0.622998996849259,
            0.7137437745046095,
            0.6666619571053152,
            0.3333286238052516,
            0.1818150291690107,
            0.095236365214355
        ],
        "overlap": [
            0.5667655786350149,
            0.6630637504238724,
            0.7137437745046095,
            0.7754500853016287,
            0.8272361600311958,
            0.8275565370163545,
            0.8927857686300357
        ]
    },
    "bl": {
        "precision": [
            1.0,
            0.9320956256358087,
            0.7203772385291936,
            0.4999947017621939,
            0.19999660914936274,
            0.09999809265055874,
            0.04999904632527937
        ],
        "recall": [
            0.0999894034121013,
            0.46603793578467734,
            0.7203772385291936,
            1.0,
            1.0,
            1.0,
            1.0
        ],
        "f1": [
            0.18180066662813324,
            0.6213883041100923,
            0.7203772385291934,
            0.6666619571053152,
            0.3333286238052516,
            0.1818150291690107,
            0.095236365214355
        ],
        "overlap": [
            0.5016956337431114,
            0.6606476771787047,
            0.7203772385291936,
            0.7772620826313168,
            0.7880591194808607,
            0.8148684246777109,
            0.8938125584125767
        ]
    },
    "random": {
        "precision": [
            0.008902077151335312,
            0.009113258731773483,
            0.009579315460421744,
            0.009716968136397833,
            0.009892806734229365,
            0.010066566495499715,
            0.010068685772656662
        ],
        "recall": [
            0.000890113383490516,
            0.0045565327964395465,
            0.009579315460421744,
            0.0194341422062096,
            0.04946487231111582,
            0.10066758503761788,
            0.20137755642683056
        ],
        "f1": [
            0.0016184035604878328,
            0.006075419981067296,
            0.009579315460421744,
            0.0129560032778547,
            0.016488057814166734,
            0.018302879909988364,
            0.019178466509840016
        ],
        "overlap": [
            0.000847816871555744,
            0.0043234994913530014,
            0.009579315460421744,
            0.01920081380932702,
            0.049790403044983875,
            0.09991967939575169,
            0.20057686724212107
        ]
    }
}